uuid,price_to_book,peg,forward_pe,country,sector,ebitda_margin,gross_margin,year_pct_change,growth_level,growth_trend,ebitda_level,ebitda_trend,net_debt_ebitda,capex_to_revenue,total_asset_to_revenue,name
06e3dc19-b941-41a6-9fb6-a456c8fed84a,1.9711196,0.45,14.232401,Hong Kong,Consumer Cyclical,0.09946,0.39811,0.07831812,0.05862821515393635,-0.001579147809838144,0.07118318616437636,-0.7318328013022584,4.078979542132986,,1.8105177474108007,Alibaba Group Holding Ltd
6dec18df-b47d-4ee2-a9b6-07e1c38fa110,5.8859673,0.59,16.238708,United Kingdom,Communication Services,0.28934,0.3147,0.52282155,-0.0027206794511286936,0.0020219764104567606,-0.32054006575742217,-0.7440649591969544,2.839156107040059,,2.4526024634430157,Vodafone Group plc
dc0caae9-fb83-463c-9bbd-8705a9688057,2.319772,1.58,12.65393,United States,Financial Services,0.0,0.0,0.12432039,0.09349346894522181,-0.11373897419894585,,,,,26.55878037047507,JPMorgan Chase & Company
16c73542-2f79-409d-bbdf-22d74db22515,6.133617,3.97,19.966913,United States,Consumer Defensive,0.28878,0.50984,-0.14080232,0.024790868960807844,0.05109181945878705,0.0592950137277477,0.0496475738608968,4.003673848433442,0.05053219229978241,1.4659582719811477,Procter & Gamble Company
9baebf47-ac2e-4ae5-bc46-96b0be4beae5,89.48858,1.26,20.95927,Taiwan,Technology,0.69593,0.61873,1.089664,0.32746577683701494,0.3611740788498411,0.34178975609219875,0.3625480530865248,0.0,0.23953644000049198,1.7925970828946425,Taiwan Semiconductor Manufacturing
cda47f1b-66f7-4520-9d5a-60e4cbe4ff43,10.708811,1.69,26.015625,Taiwan,Communication Services,0.35406,0.36668998,-0.011869431,0.027019577819096474,0.0001964040062281125,0.017979549696292008,0.033784478840444665,0.08959028669434113,0.11586619029775388,2.2165411863419666,Chunghwa Telecom
eb32f3a3-39a4-4608-b3fe-9956b380849b,7.8253508,1.45,28.517183,Switzerland,Healthcare,0.37951002,0.7449,0.3206272,0.02386546165646175,0.0970410400695706,0.10121072643163975,0.4172955072388099,2.2347779785522164,,1.1730104820701241,Roche Holding AG
eab701e7-febc-47a0-b357-2f6bb74d62f8,1.5299885,1.68,9.396152,United States,Communication Services,0.35101002,0.59414,-0.1423983,0.027072979335600378,0.0131009234473769,-0.028502724525138468,-0.9128630866564067,10.766234785487994,0.1647224383117026,3.2529737554073446,AT&T Inc
56afd1fd-c67d-4137-8e0f-2f796d669e83,6.125336,2.59,14.8757,Switzerland,Healthcare,0.40514,0.75554,0.3375485,0.09574262402845979,-0.0806546798197828,0.10166545981173059,-0.31555952406066057,4.576302165722885,0.05678885901623892,1.94936640117484,Novartis AG
874d4263-a08d-4047-a089-6307f91bd08a,16.2613,1.56,12.08365,Japan,Consumer Cyclical,0.12162,0.14926,0.028922915,,,,,20.353974325905273,0.09091138313845666,1.9087962123908142,Toyota Motor Corporation
919e1b29-f0da-4e0f-8753-6e218fd85ec7,3.7807283,1.46,18.207876,Germany,Technology,0.31075,0.73719,-0.43268394,0.07677902621722854,0.002951851109050274,0.07943170810461742,-0.05529051411760477,,0.021664614091679454,1.878709005498454,Sap SE
25e254c4-5b7e-4d5b-8292-c58d75da95df,6.9358444,1.03,9.5008955,United Kingdom,Financial Services,0.0,0.0,0.48114634,0.04444582196875779,-0.12314156993783243,,,,,50.912751209236134,HSBC Holdings plc
e28479b0-474f-4854-be36-75295769ad37,28.78025,1.35,22.615337,United States,Healthcare,0.50125,0.82832,0.33082592,0.44703949559309986,0.3598280489471313,0.6851704152709097,0.41587634099311344,3.936644918319214,0.13996041480100024,1.5395022782118526,Lilly(Eli) & Company
09f87926-ab14-4d39-ae8d-6032c04680be,1.2235501,3.66,8.23073,France,Healthcare,0.27087,0.72357005,-0.18343532,0.06015462945502548,0.03409511415707911,-0.01949458483754518,0.14238550398554883,3.099243829036783,,2.6902796325923672,Sanofi
99f18817-0d69-497e-9f40-7d0e28998a31,7.6994715,5.19,18.208334,Hong Kong,Financial Services,0.44874,0.41388,0.31456816,0.2681971899920127,2.5921348131041215,,,0.4864071767470063,,10.279164204172698,Prudential plc
02a31e1e-0c4b-4a72-8757-a63cf6173f08,23.127333,2.72,18.244625,United States,Consumer Cyclical,0.15187,0.33316,-0.21579945,0.032404679213109855,0.06248034486115972,-0.013849654739485295,0.05837318319320528,8.36124128928527,0.0223398885557889,0.6232807654113228,Home Depot Inc
f10e82cf-429b-43c1-a0e8-bf8a873b72d0,4.3991594,1.44,22.949707,United States,Consumer Cyclical,0.08306,0.40919998,-0.32538658,0.000887390185464465,-0.0956015843381921,-0.2533980582524272,-0.15479526384124953,1.0062111801242235,0.013885605332521464,0.7994110648944361,Nike Inc - Class B
ca2820b4-1834-461f-9685-037f67080d21,3.0878584,1.44,16.045395,United States,Healthcare,0.24993,0.40932,0.058996916,0.03913337531192429,0.10766858906224219,0.041158949363661046,0.14684738284763987,11.844104107648725,0.03405093205363506,2.3667167806233023,Thermo Fisher Scientific Inc
78e955d5-9a88-44ff-b9cd-571c99283f17,19.283007,5.81,167.95412,United States,Consumer Cyclical,0.11334,0.19065,0.23429501,0.009475783534663496,-0.030104203706739607,-0.005947553392808835,0.30448621606537296,,0.097344681631922,1.389041585360291,Tesla Inc
4eb9e865-feb0-452c-b687-0be83eb35da6,2.7254877,0.94,11.632467,United States,Technology,0.30218,0.77676004,-0.39675975,0.09579100145137875,-0.01600409933963931,0.11899979915645709,-0.638263396666733,0.5667835627268563,0.01430463640094895,2.430054292839994,Salesforce Inc
69868c74-7226-4b20-8a36-d192e6e793b6,2.056918,0.84,15.696228,United States,Energy,0.20408002,0.42421,0.37988305,-0.032104256488548866,0.11818189035041915,-0.0689136810568311,0.173916958058003,3.0941801841179246,0.09339399095755191,1.5582669215323481,Chevron Corp
a3d8c0de-d7a4-44a7-bdcd-4ee2db0427f6,10.340327,4.14,23.199938,United States,Consumer Defensive,0.33916,0.61744,0.12359238,0.028565808453905772,0.056728172339770344,0.11441307578008919,-0.014238934633564293,8.559856514716868,0.041981168833084684,2.1275210248251426,Coca-Cola Company
568af401-3611-4fdd-af33-158b11dfb5ed,1.6817565,2.72,13.735577,United States,Communication Services,0.20275,0.3716,-0.08823007,0.03062159814737797,-0.04112241743495759,0.2581693141616387,0.2989260884159448,7.668661456711697,0.08812189485215312,2.035840933784219,Walt Disney Co (The)
e51bfd9e-bc5d-4b18-9e5d-785c25871f3b,1.6654613,13.77,8.934618,United States,Healthcare,0.40212002,0.74801004,0.10130429,0.05359095880422893,0.4649672869485334,0.07791180541823217,0.8449903557825909,9.569481251007007,0.03950090731913102,3.279649302568923,Pfizer Inc
3a4f119b-efdc-4104-b50c-a663a827563d,6.72032,2.95,17.83708,United States,Healthcare,0.35621,0.68035007,0.48672044,0.06048119251078021,0.03445218541140571,0.06265008576329323,-0.3468928300873382,3.5330225585334207,0.05663020910951761,2.0399873142154887,Johnson & Johnson
6e22483c-b2e4-42fc-b0a9-74469d0de007,19.163143,2.16,13.907789,United States,Healthcare,0.45453998,0.71443003,0.18292546,0.09953925323121116,-0.01337349212407335,-0.05535145726181734,-0.27163874463136295,10.880600790764316,0.05800644854512764,2.4256313976615163,AMGEN Inc
fa0d5747-ad1f-488a-ac19-f2ba533986a3,1.9950746,1.33,12.560059,Ireland,Healthcare,0.26604,0.65159,-0.12441069,0.03641079834758387,0.10191956383152956,-0.028714107365792718,-0.019599375680706688,11.456991525423728,0.052840716561627116,2.5749844814790883,Medtronic Plc
4ce35c49-da52-4407-b16d-5f7d2b6b5983,-29.534267,2.65,20.758112,United States,Consumer Defensive,0.44812,0.67280996,0.094935656,0.07687496446238695,-0.016573519556648098,0.10883230681313094,0.10649378372782836,9.886522057743155,0.036584483960566336,1.6488624510982193,Philip Morris International Inc
be3e5b4c-4ca6-4295-adef-3f959fa0dcdc,1.0032821,142.98,6.4948525,United States,Communication Services,0.28235,0.70129997,-0.25454515,0.01775902345934921,0.051337067756013655,-0.03321251381712553,-0.6215358327989139,10.069518481663186,0.11593508435091135,2.1541822670227395,Comcast Corp - Class A
8bda9c9b-bf87-4031-a348-98d9a92401f7,1.287244,0.89,9.870848,United States,Financial Services,0.0,0.0,0.11168194,0.06840424727932293,-0.010659575605273863,,,,,31.373258358814354,Bank Of America Corp
c5e8a281-b1c0-46bb-a64b-686e23de6952,16.259857,1.7,21.934624,United States,Financial Services,0.70056,0.97778,-0.11456919,0.11339976618604908,0.056466607733552276,0.131143917963225,0.14419520067635916,1.1294827770765326,0.03651195646751878,2.274815742269915,Visa Inc - Class A
b2f0f87d-9c14-4888-a782-eb179b3f9c1c,2.8261235,1.25,13.929864,United States,Healthcare,0.2602,0.56503,-0.3768351,0.05668653158522052,0.1589999644681548,0.023330804248861803,0.04114081069030184,3.709724114441417,0.04621792870306432,2.0235410054722993,Abbott Laboratories
a8bb7bd9-330d-4d62-afbb-e818b2c8699d,8.792614,0.7,9.383757,United States,Technology,0.38915002,0.89396006,-0.4114291,0.10799113813179462,0.017297715391279,0.08045509955302732,-0.03537058852036723,0.33963849443595473,0.0077700080343780595,1.1865722401025685,Adobe Inc
e002aca7-cdbf-49c8-9f7e-42c64c5ab985,1.0997549,0.69,9.876373,United States,Financial Services,0.0,0.0,0.62117434,0.04467703982792459,0.007820279043787126,,,,0.08281047564457869,33.32093816819824,Citigroup Inc
57ab1c45-4fd6-42e7-b1e5-eb26485e3304,4.7531023,1.36,70.89088,United States,Technology,0.26364002,0.372,4.087465,-0.004670345191239322,0.21181547403274226,-0.8929905710727628,-0.7565572103601301,9.639480652331486,0.24364340570682078,3.784177901885301,Intel Corp
b556328b-dfe1-4945-b105-40397097eb1a,16.539516,1.22,24.021133,United States,Technology,0.42826,0.67084,0.20865703,0.08379751137629587,0.03951055667949355,0.14168312076418155,9.742517180799659e-05,12.668488550873406,0.7530120331503932,3.117524439877157,Oracle Corp
9ed14cc8-6515-487e-adb4-33ab050e82a6,5.7997556,180.67,9.237516,United States,Healthcare,0.39136,0.71981,0.20711565,0.02571199000089286,0.05069086735958783,-0.05182041545677907,-0.05936424772357063,7.358754432035626,0.028835443549429532,1.8980188172801276,Bristol-Myers Squibb Company
973cd146-4448-44d6-b7c3-6441498730eb,1.8720225,0.87,8.792539,United States,Communication Services,0.36725,0.58909,0.04649067,0.02524705463394361,0.049428626260544783,0.07364768963885826,0.2542817871829042,11.444288095457754,0.1256090702896148,2.8634599128689686,Verizon Communications Inc
d27fc683-fbbf-4395-ad3f-c53d372e37a5,5.9959083,5.18,11.696177,United States,Healthcare,0.4488,0.76725996,0.44218564,0.048747504668684494,0.034713127191161375,0.0994320392126351,-0.5349805323878438,4.375918857585565,0.057398733606549464,1.9485919749264495,Merck & Co Inc
3d115112-6a74-4c5e-937b-b504443a1600,34.814587,0.72,19.820166,United States,Technology,0.61698,0.71068,0.6620196,0.7321451272533117,-0.6038099079105745,0.9860965880484878,-4.266206341872789,,0.027980252679097803,0.7339432838733306,NVIDIA Corp
3a302c1b-2aa6-4415-9626-347df8c864ff,,,,,,,,,,,,,,,,China Mobile Ltd ADR
ec29c132-7ec0-4f0b-b219-246d983c8d94,9.540016,1.61,16.301792,United States,Consumer Defensive,0.19587,0.54383,0.13149703,0.022546650118666633,0.026259223160703726,0.05877872286403463,0.15981428661160257,9.02610208715042,0.044620688474880765,1.1261197328244914,PepsiCo Inc
f56c554a-e5ea-4aa0-bbc5-91ba44f14d82,1.3802308,1.3,9.343784,United States,Financial Services,0.0,0.0,-0.034709454,0.01704821619519792,-0.04628199093282581,,,,,25.878405849442913,Wells Fargo & Company
30b301af-9d91-444f-82c8-b6fac09b6948,2.5442653,1.46,15.207354,United States,Energy,0.1718,0.29768,0.48323476,0.013594385369453565,0.18642096416857323,-0.07429990042422008,0.07759319987813984,2.118092378889105,0.08874015013167186,1.3920877161949314,Exxon Mobil Corp
4944a6b4-cdda-4167-8b8b-337ebe478789,-152.70168,2.53,19.434263,United States,Consumer Cyclical,0.54175,0.57348996,-0.13958848,0.037229938271605034,-0.06254574976221439,0.052337252652710164,-0.2189642240050904,10.443405608639862,0.12260438851126157,2.149739518527289,McDonald`s Corp
92d96bcd-6d79-4ea3-af95-a8f313e8f51b,29.04624,23.89,51.97564,United States,Industrials,-0.035350002,0.048249997,0.07425094,0.13956709068526885,-0.02837069456575203,-1.9620865472610798,5.774904564315353,-53.424669095066335,0.03853163131735468,1.7306826083642772,Boeing Company
c135ff25-5922-4992-87c8-d8b841455e8c,3.7916129,1.36,18.967167,United States,Healthcare,0.04773,0.18801,0.24679482,0.07711061239646733,-0.12682351804552527,-0.1786579284798404,-0.16264293469053226,9.665625934178136,0.007753833892387304,0.6927012142805685,Unitedhealth Group Inc
eb6551c0-e25d-4edf-b52f-d6ec3f5fc0b8,9.781548,1.69,24.934664,United States,Technology,0.27945998,0.64276004,0.84934294,0.05298961024478199,-0.008471283913037198,-0.015431510763954992,0.1134392177622785,4.89997643732328,0.01784479685401083,2.0023788122997126,Cisco Systems Inc
25d07549-3610-46f5-bd19-2ec3dd216b4c,10.041504,1.56,27.456259,United States,Communication Services,0.38181,0.60368,1.3824906,0.1509008108154437,0.13107242406549235,0.3819803819497607,0.6726490909841463,0.35860052047304336,0.2601763739367219,1.3832739739094768,Alphabet Inc - Class A
d3e8590a-7c72-44ae-ba9a-e5d11af3a3b6,5.9423375,1.51,30.758442,United Kingdom,Healthcare,0.33081,0.81504995,0.30276942,0.12511039152193115,0.09219117887734596,0.15020116227089853,-0.35066728825573756,4.674252425303669,0.10711626768860533,1.881926435027869,Astrazeneca plc
ac5723b9-f5d4-4bf3-8761-c6aa95b33941,3.5255466,2.06,21.263996,United States,Utilities,0.50811,0.61401004,0.26401305,0.07267488394429322,-0.2688979352960199,0.14323380602864666,-0.45600656798988703,26.65470809670946,0.3576760291722048,7.512102734793144,NextEra Energy Inc
23860951-550f-4ab5-a7da-3b89967a2320,28.138578,5.33,46.586018,United States,Consumer Defensive,0.047020003,0.12926,0.0141249895,0.08167323631476142,0.024607052897840376,0.11328903654485045,0.029837834281766895,,0.020652191720804958,0.2785967388723778,Costco Wholesale Corp
71f84efb-b56b-490f-89d0-d4b8f4cb789d,11.776965,1.27,22.644533,United States,Communication Services,0.30472,0.49029,-0.2697459,0.15851068919677536,0.09523921000946745,0.22346789650009558,0.4660259753466365,1.328441481137929,0.016124400211117867,1.1977364225192149,Netflix Inc
3b8ec1d9-5d55-49cc-9c43-e9256734b361,65.232315,1.58,21.709526,United States,Financial Services,0.62987,1.0,-0.15724492,0.15834482758620694,0.02968538611478544,0.18003565062388582,0.020999133986813412,1.7821490867061736,0.03515130159246048,1.556660511384808,Mastercard Incorporated - Class A
f0678455-3379-4a29-b9d2-ec0e6277c85f,10.515159,4.9,39.918613,United States,Consumer Defensive,0.061739996,0.24927,0.33968616,0.05070009643201545,-0.013007407784260794,0.10618900261842423,-0.10302366646329997,3.197238251327586,0.03735751780675003,0.38789588707434425,Walmart Inc
8191585e-0a98-4ae2-a75e-c22ef9e0e6be,6.4278593,1.83,26.751066,United States,Consumer Cyclical,0.20984,0.50604,0.28123784,0.12377754683294695,0.04777670822482594,0.3849242746247288,-0.6979842094478925,0.11072687128797436,0.20329548081710255,1.0584493456104083,Amazon.com Inc
683f2476-db69-47ee-a9c6-20dec2a85d84,2.0170777,0.81,7.6816764,United States,Financial Services,0.19482,0.40929002,-0.38592368,0.0680528030633838,-0.009739168497395756,-0.012737920937042513,-0.47668540974344675,1.7131770482998594,0.026293946261097836,2.373695632917377,PayPal Holdings Inc
80048052-b28d-48a2-af50-baac7b786d1f,41.353996,2.61,31.31931,United States,Technology,0.35437,0.47862,0.43802083,0.06425511782832749,0.1939564294624293,0.07490661735766113,0.255513720272861,1.3282180039520808,0.024472688855206138,0.7980620700482077,Apple Inc
3b12be0b-e023-420d-a6bf-26172ecb3ff6,1315.5376,2.24,31.597147,Netherlands,Technology,0.37707,0.52603,1.0047388,0.13245495059097068,-0.16910738705909978,0.05994897959183665,-0.3450225012897914,,0.06518919398542894,1.3992147871713356,ASML Holding NV
844622df-04cc-45a4-8e8d-326887999e51,-55.85081,0.58,12.960644,United States,Healthcare,0.47621,0.72026,0.13289535,0.061391196910101864,0.15002150265967107,0.02531738298413827,0.4720108688866882,8.494367137980497,0.019325363247041243,2.153826856695831,Abbvie Inc
99ade7a2-024a-42ab-a682-ac5f7a7b5ba5,6.273559,3.28,13.285913,Denmark,Healthcare,0.53043,0.83195996,-0.33243805,0.2399375056027251,-0.07261264867465766,0.2905809175688525,0.010470766701073275,2.1345096159862256,0.2671324007242298,1.59896585030718,Novo Nordisk
f4160bf2-df40-4ae2-985d-0ea91c8dca12,2.7682574,2.29,14.422764,Canada,Financial Services,0.0,0.0,0.4425043,,,,,,0.03404074167507568,36.01722139883955,Royal Bank Of Canada
6bfc034d-b460-4f2c-8294-6c59c2dd6c56,8.174361,0.05,10.844581,United Kingdom,Energy,0.17812,0.2891,0.50850344,0.0007928746993683955,0.2435675263410393,0.0969517206875603,0.15495744909314668,2.7950434769606245,0.06793606574737544,1.4837245567289012,BP plc
329d2652-9eda-4351-98e4-6cce33392e46,4.114641,0.5,9.490562,United Kingdom,Healthcare,0.34877998,0.72867996,0.30848265,0.034555526246373036,-0.019203573820854025,-0.10313611380536691,-0.1591761091547449,1.2017843153078105,0.09090909303899278,1.8653447660947158,GSK Plc
3d394918-bbb1-46c8-84a0-4ccbd3416267,10.242815,1.01,16.597878,India,Financial Services,0.0,0.0,-0.33721876,0.42097326947559155,0.011131536564217503,,,,,15.948083830205118,HDFC Bank Ltd
9139305b-87d0-459b-a16f-6b76776b4b49,15.808299,6.78,32.504208,United States,Industrials,0.22845,0.31149,0.19652343,0.1848224897938091,0.034350934569614466,0.05482933914306454,-2.072241118211694,3.058983508097737,0.028894914450546944,2.649975165475098,General Electric Company
fedaa096-ef01-4c39-a2cd-7c8187f9b8f8,10.829163,1.92,16.483706,Belgium,Consumer Defensive,0.32348,0.56172,0.17873275,0.006534186594812974,0.09268256110612705,0.064857187943822,0.14781887150308193,9.334803965848803,,2.610574383483415,Anheuser-Busch InBev SA/NV
2d89f201-8402-4536-b927-9860ba001da4,2.0255713,1.01,14.227054,Canada,Financial Services,0.0,0.0,0.6626506,0.09184069559816788,-0.01853698506995083,,,,0.033025160036088005,31.42353828904184,Toronto Dominion Bank
336a56c6-64a1-49ab-ad67-575141480463,11.529366,1.71,12.233582,United Kingdom,Consumer Defensive,0.45911998,0.82651,0.49357498,-0.03091794490324462,0.0035160164567120678,0.31159419587956677,0.9509342560660592,5.4880081049102705,,3.3035434881467904,British American Tobacco Plc
25480b75-9586-47bf-a7fa-c7189448a765,70.50642,0.8,12.654522,United Kingdom,Consumer Defensive,0.31231,0.60003,-0.28492647,-0.007548981883283068,-0.003085029553903773,-0.10224884707410686,-0.078121985754537,9.234599933874598,,1.8498787884483452,Diageo plc
b501f6d6-673f-49ac-82db-3e22bb296fb6,,,,,,,,,,,,,,,,ROYAL DUTCH SHELL ADR EA REP 2 CL'B' EUR0.07
a14f276c-9e04-4575-9a3a-d80f63216cfd,2.110725,1.18,11.341738,Germany,Communication Services,0.34412998,0.44491002,-0.1472621,0.028077247178809994,0.04832230034408003,-0.06781051846326003,-0.03597813305759945,8.98720390989639,0.15789776150451168,2.385205389364408,Deutsche Telekom AG
9cd453dc-8cd4-46e9-bc30-f43945bc0a43,,,,,,,,,,,,,,,,Sony Corporation.
28dc24f4-571d-453f-8110-fdc40dd910ac,2.8510745,5.73,24.084578,Canada,Energy,0.24702999,0.38861,0.23075211,0.21919473379088505,0.4004024097930611,0.21218948242129598,-0.14086853297223212,23.88081076985383,0.13273182824508445,3.1393829049069573,Enbridge Inc
402eefb2-b3aa-4875-8e69-d419d27d0fd7,16.018034,3.25,25.993189,United States,Consumer Cyclical,0.13955,0.30963,0.091831446,0.07118523775727459,-0.014544496302321797,0.12488581495497852,-0.1253371206612155,,0.03241568898006942,0.5619243948923683,TJX Companies Inc
0b313c50-5e8f-4574-95e2-b934b6f0be48,,,,,,,,,,,,,,,,Unilever NV
2a24ec9c-72d2-4016-befe-a018120edef6,1.415137,1.81,9.399541,United States,Financial Services,0.0,0.0,0.18597901,0.0440826778854948,-0.11040634198626553,,,,,26.035483356252637,U.S. Bancorp.
fe868a6d-b711-495d-a2ab-0b036a3de4c8,3.828076,1.42,18.156328,United States,Financial Services,0.50051,0.7047,-0.23104066,0.10431559438707971,-0.01338407469439784,0.23781467595072314,0.382523099276857,5.348024938685837,0.011379529653946585,3.8483153523575564,S&P Global Inc
19404603-b162-452d-b488-27b7b4fb6451,,,,,,,,,,,,,,,,Anthem Inc
244eca43-4240-46cd-9608-87dd595c42ce,23.372763,1.54,15.464474,United States,Industrials,0.24936001,0.39714,-0.051381886,0.012764528048370805,0.07205125256195977,-0.26528497409326424,2.0188461633547887,5.378205128205129,0.03592551150895141,1.4862631873401535,3M Company
ee739ebf-e636-4a43-b98d-9a8924e34264,7.273716,1.42,25.25505,United States,Consumer Defensive,0.15843001,0.74651,0.2284621,-0.018981772470144542,0.14863882057638722,-0.17570951585976624,0.2587518414356502,7.628084690895813,0.03458504581041593,1.3233836315731229,Estee Lauder Cos. Inc - Class A
7afafcd5-7fbb-4e63-9159-3b599c774ae4,1.7066544,2.85,11.087825,Switzerland,Financial Services,0.23757,0.30998,0.10038018,0.10658798924409929,-0.05067597545221947,,,3.9868866212409926,,4.425280513053432,Chubb Ltd
007b0611-7531-43c9-9684-3563307194b8,13.531008,2.5,17.645123,United States,Technology,0.29351,0.48497,-0.33589298,0.06954799207635509,-0.022212977235634535,0.0953827041203672,-0.10213922651817686,2.2717393362808522,0.02832355040309773,2.972325832034987,Automatic Data Processing Inc
648dd543-0efb-4875-98c9-9bb7fadbaace,2.8105073,2.63,18.818663,United States,Utilities,0.46310002,0.48002997,0.034309387,0.08000000000000007,0.21750469619864077,0.07773077504154702,-0.07464474275499322,20.146701569796292,0.4389063710750598,5.094051269787124,Southern Company
50d36d8a-f75f-4231-a0c2-3ce46d51bb9b,8.691574,3.3,19.769758,United States,Industrials,0.50955003,0.56526,0.17891073,0.010721649484536133,0.06191676484296371,0.040209218698921134,0.0956544486615869,9.789925015149276,0.1547368405015129,2.799240861675884,Union Pacific Corp
b2ea9f2b-0d93-4af2-993a-a69cf580f0e0,-13.780063,0.67,12.52677,United States,Consumer Cyclical,0.37483,0.86987,-0.28351617,0.1338725304351489,-0.08844951831214987,0.3258554593213119,0.045597246916248224,0.5093466760850719,0.011124354364432452,1.051215369405216,Booking Holdings Inc
dff16ccb-b30a-4a22-8a37-381dd6d60675,21.927624,2.11,29.890224,United States,Industrials,0.20573999,0.28601998,1.5195282,0.004664160962426445,-0.08554802329286293,-0.04342621445985562,-0.4839976931430572,9.457443362394853,0.06057522409180875,1.2988693319816524,Caterpillar Inc
387d8d5a-11a1-4b1e-9ece-f51fa2582747,25.211386,0.93,23.247448,United States,Technology,0.54506,0.76725996,0.8436023,0.2946500402252614,0.21586197890550118,0.30596228183202534,0.2329265209340874,5.699956872826015,0.011320699558379188,2.4576242871163636,Broadcom Inc
f23f429d-eb2c-4cd0-9061-15e8a3b5e3dd,4.062088,5.24,23.213219,United States,Financial Services,0.71067,1.0,0.07526803,0.09880083887504698,0.03332942505674352,0.1579051814808199,0.03447898702729191,0.7189566695782381,0.013509104672702207,28.45176483750135,CME Group Inc - Class A
3cbc12e2-f2be-4b7f-91b9-1d1e27015f80,1.6380847,1.11,10.670684,United States,Healthcare,0.27701,0.47090998,0.030747414,0.04160644228783816,-0.010349203692856968,0.08614232209737827,0.08795638105429437,12.107844352004854,0.034327620649059476,2.4692379420679136,Becton Dickinson & Company
4bbf0077-e54d-418a-af77-830746a1d5cf,3.4630916,0.73,13.277952,United States,Communication Services,0.36800998,0.63293,-0.2416786,0.0848771498771499,0.11906994331410348,0.028923541247484863,-0.31783505207625895,9.507774115559796,0.02926101948122459,2.3851955996092555,T-Mobile US Inc
017a22ff-f9e6-4860-813b-65658fa3f51b,1.7882575,0.85,8.503596,United States,Healthcare,0.04818,0.09149,-0.11395824,0.12477085242896435,-0.034536646424040196,,,7.6251679629558256,0.004145495284467792,0.5584498535828569,Cigna Group (The)
65f304a5-2316-4600-9c2c-bfef7b038f6d,1.1255543,,6.17634,,,,,,0.05370798427702972,-0.040421808927728176,0.05747219108452717,-0.16177785408478562,,,,Fiserv Inc
86888a3b-19f2-4335-96b6-030504760f65,5.7231064,1.01,14.839367,United States,Technology,0.30351,0.80896,-0.41418475,0.1563401903592263,0.0445786657177667,0.2857454704213054,0.16861533399850526,1.6217455888939174,0.007156701975946967,1.7521992004443492,Intuit Inc
395df6f6-c85d-4e52-9d4a-d9bdb9cd30c2,3.3257163,1.19,11.324366,Ireland,Technology,0.17661,0.32026002,-0.47142988,0.07360205326441216,0.042251324144087166,0.0573564471507122,0.04683882274270701,,0.008088841561211663,0.9031979860521989,Accenture plc - Class A
a5643532-792a-415b-ac55-67d0e3f1cce6,-38.02809,1.67,12.456923,United States,Consumer Defensive,0.77476,0.87378997,0.22902298,-0.0028289922934348066,0.06187852629449575,0.22017977164142843,0.16146448905155886,5.571826613479376,0.013298655830363123,1.6800103579942403,Altria Group Inc
490e1eab-49d0-4eb4-9f27-f80d3fabe8ef,1.5759717,0.27,11.466201,United States,Healthcare,0.038,0.13387999,0.5273973,0.061720302786822945,-0.04777617282153379,-0.24696378523932516,-0.19482652033142034,14.347716303725369,0.007243268299057582,0.6287824999888668,CVS Health Corp
a62c114b-5c81-4a81-a281-aa76d657d924,1.9271352,2.73,16.204311,United States,Utilities,0.47223,0.47263,0.098398566,0.14157272287156797,0.19870970008636313,0.07050285121824773,-0.6260985442352747,23.459101941747573,0.7135652080335492,6.497119821351652,Dominion Energy Inc
72b97627-5bee-4227-89e3-0006965c24fa,22.573092,1.79,24.707073,United States,Real Estate,0.64602995,0.73964,-0.20685166,0.051090133501856316,0.03013913889082165,0.19155562958027983,0.3994745515525222,20.33806014743954,0.16625844014650015,5.870716953361828,American Tower Corp
9a6375f4-9a9e-46a7-9acb-bef8d60b95fb,15.8474865,1.09,16.08341,United States,Industrials,0.10645001,0.09906,0.09079182,0.05138298974412092,-0.020822425838099123,-0.09626064420584968,-0.29575530367524216,9.436648131561782,0.022714563146056924,0.7929592747517973,Lockheed Martin Corp
9ac2d26f-1583-426f-93ac-36bc3b43f114,2.1640515,1.03,17.802383,United States,Healthcare,0.32024,0.58992,-0.17565298,0.02902617801047125,0.13990819787590225,-0.02934898612593384,0.2836682332313858,7.096660308231095,0.04633142231853797,3.314684346079636,Danaher Corp
8f3521d8-1aa6-4b18-a0f8-b463346205fb,16.4197,1.45,32.11376,United States,Technology,0.46995,0.57322,0.60735905,0.13049037785307838,0.3110696511735378,0.09428457764222253,0.5053169139694752,4.969186418699127,0.2225295507962408,1.8835420758505843,Texas Instruments Inc
a5d5702f-346e-4a82-92de-391d57d55873,9.468044,1.38,9.946689,United States,Healthcare,0.42745,0.71839,-0.5472734,0.0291173794358508,-0.028308363138406678,0.051554828150572884,-0.10434751253506214,5.884143532933327,0.05802119516735594,1.5806054247693044,Zoetis Inc - Class A
726f4b7c-1c59-414c-9ac6-9dfe3512f398,2.662215,1.47,14.505174,United States,Financial Services,0.0,0.82271004,0.5490283,0.1437392112601248,0.1671953497590164,,,,0.03461557231204367,30.31906066179285,Goldman Sachs Group Inc
5e636069-e990-44be-8007-5194dd4a72fa,6.1360793,2.36,25.67783,United Kingdom,Basic Materials,0.39215,0.48766,0.09945035,0.029722769277382266,0.09775635113920045,0.0506671032168291,-0.13302683530750192,6.390066405723731,0.1538883343391611,2.4902828932533954,Linde Plc.
d6b64268-f673-43bc-a4b7-cc8e5d339a73,-12.356169,2.32,16.001524,United States,Consumer Cyclical,0.14371,0.33476,-0.06829333,0.031216387408274926,0.14127315700202714,-0.0102405334603477,-0.12553986827187757,11.273064516129033,0.025647266030609253,0.5782600876849397,Lowe`s Cos. Inc
4395d7ab-9895-4707-a349-129f52a35885,7.0835843,2.14,13.476326,United States,Healthcare,0.49563,0.79367995,0.22061038,0.04690183643810286,0.029975271183808272,-0.028626568028304877,1.8769765976705903,4.8725064882399804,0.018933279852496612,1.9312533961797733,Gilead Sciences Inc
20543b9f-3ec0-4aa9-89dc-2af7fc4a572b,6.28897,1.54,15.58209,United States,Financial Services,0.0,0.62759,0.04737723,0.095240261414123,-0.030374644665676076,,,,0.04568970715372632,4.367159976427404,American Express Company
c6713c8c-c55f-4cc2-8256-babb4c37eac7,2.9089727,2.31,15.154807,United States,Financial Services,0.0,0.87388,0.471339,0.14482567119626522,0.16084434356751487,,,,0.04016453952801792,19.54370415044664,Morgan Stanley
25249e30-34a3-4d9b-9ed8-af88f16b770d,7.8224244,0.86,18.94385,United States,Technology,0.2922,0.54799,0.31093037,0.08771635957565604,0.15498122907615897,0.17191302300023548,0.19176953951400844,2.7754442512786803,0.04008002459984679,1.2092287287257477,Qualcomm Inc
a5a28ec4-6d56-4a74-9380-bd88f31cf4e0,11.062213,1.98,15.670901,United States,Financial Services,0.0,1.0,-0.1894809,0.3476880281123852,0.15301504659868448,,,,0.008036359241642959,3.210501102973862,Blackstone Inc
bbbd8546-4a30-47ed-9d57-67eb0b518e35,5.2335625,1.46,18.355389,United States,Healthcare,0.27376,0.64697,-0.22278243,0.11157335693737558,0.0005104266972542071,0.2014270032930845,0.0428812732262176,7.784475137841454,0.030114761043295142,1.852374385093461,Stryker Corp
88b77209-f164-406c-a038-ce8635d21eea,5.176058,1.56,12.362602,United States,Industrials,0.13399,0.2245,-0.0018161535,-0.012610421050815224,0.06703184435685017,-0.03136575270588837,0.32092248405696155,6.031012141633542,0.041724695448211856,0.8035570570949353,United Parcel Service Inc - Class B
ab5b4e5c-ba70-41c3-b5ec-dcc8286d4956,9.942649,1.94,18.609245,United States,Industrials,0.22639,0.36925,0.005813241,0.051743463903783926,0.09370338830846159,-0.027948839412600623,-0.29051537183586706,11.391625444742195,0.02705788616763625,2.038004500219619,Honeywell International Inc
89926221-42f8-4daa-b4f8-679734d23a63,3.0129611,0.99,17.830854,United States,Consumer Defensive,0.13271,0.28771,-0.08034086,0.05751763123953779,-0.06115229281892032,0.05572269457161538,-0.3466315272338256,14.938266871165645,0.03343171222056372,1.8127099259135835,Mondelez International Inc - Class A
f73c26a1-0305-4527-acf6-c922e23907a1,0.9836203,1.11,9.159299,United States,Financial Services,0.0,0.0,0.13429952,0.05164319248826299,0.049189880517101825,,,,,29.26779583310556,Truist Financial Corporation
c1348070-3a3b-4711-88ad-8baba9915de4,1.3526194,0.23,6.125709,United States,Technology,0.28916,0.36285,-0.48382318,0.05431025970178727,0.04289050661536753,0.019202363367799125,0.0045634564061856064,14.646916565900847,0.08645104895104895,2.9008741258741257,Fidelity National Information Services Inc
d0288181-c2ce-4869-99ba-fac44d59d0b3,,,,,,,,,,,,,,,,Dominion Energy 7.25 06-01-22
5ccc0432-ecad-4b18-b4ea-1518ff4862f7,6.2508907,2.05,16.3003,United States,Technology,0.24104999,0.58358,-0.18296635,0.07621946361130139,0.07265640454280753,0.12329749103942644,-0.924792835138438,12.46059815860626,0.02516289217696128,2.1876261476442784,International Business Machines Corp
5fe4af06-e3e2-43fd-a10a-23c21f0a744e,1.759375,2.56,16.874216,United States,Utilities,0.50361997,0.5105,0.033849,0.06192970319860325,0.10246954462812163,0.1368940454757619,0.015176633792854055,21.406420515837976,0.4573489472444857,5.92767207602913,Duke Energy Corp
0dc8e728-ffb5-4666-b3ab-6e7c7cf518fa,6.735418,10.29,14.425944,United Kingdom,Consumer Defensive,0.21482,0.46945998,-0.2003023,-0.011096315092453068,0.10206019225831431,0.01927417689313271,0.21677795404452394,4.181306860242836,,1.1198344638601785,Unilever plc
4d4b5256-07a2-458b-8b0c-eb8a573f2be2,1.492388,1.1,11.568737,Canada,Financial Services,0.0,0.0,0.48975646,0.06706987795658281,0.061198539608809055,,,,0.017141826187546838,43.35206938223655,Bank Of Nova Scotia
bb47e0ce-af45-4344-8d9b-c39744c36411,,,,,,,,,,,,,,,,Cnooc Ltd
1b11e2c4-b053-479e-bb83-e9636a21887e,9.494749,1.36,21.906084,United States,Financial Services,0.63244,0.71048,-0.19108713,0.15517673602406612,-inf,0.20934579439252343,-75.01922563417891,1.5135556549914497,,3.1866871123169,Brookfield Asset Management Ltd - Class A
eaec4769-7ca9-4b3a-bcfa-989c243e3b8c,1.5831778,1.4,18.291264,Japan,Financial Services,0.0,0.0,0.3701818,,,,,,,48.05413640523387,Mitsubishi UFJ Financial Group Inc
dee13b71-3f49-403a-9cc5-42561d7380e6,4.337667,2.52,17.545626,Canada,Industrials,0.52077997,0.56661,0.039520144,0.012954599477062123,0.010858284248262184,-0.006213936972924938,-0.004775883875579812,9.289587665903587,0.20706018518518518,3.362962962962963,Canadian National Railway Company
ecb8bb55-a276-44f5-8671-dd389d0eb362,2.7086546,5.69,11.700203,United Kingdom,Basic Materials,0.35194,0.28124002,0.661965,0.03354312872291265,0.10140823158076939,0.04542919732812145,0.16657096509045966,1.6591077412331514,,1.5254389837922566,Rio Tinto plc
93254767-ffb0-4126-81bf-943ffb3d7fb2,,,,,,,,,,,,,,,,CI FINANCIAL CORP.
796e569f-9733-44bd-bbe1-16228032a4b2,,,,,,,,,,,,,,,,FINNING INTL
b1daddce-318c-4455-9f6a-7800d24f97b9,,,,,,,,,,,,,,,,Industrial and Coml Bank of China Ltd
2af90b72-0e90-49a0-8e2a-6d55c214ad88,,,,,,,,,,,,,,,,China Construction Bank Corp
10a9f2f3-6228-4f64-ab53-e8615f6660f2,,,,,,,,,,,,,,,,Ping An Insurance Grp Company of China Ltd
58f6d575-fbfb-48cf-bc8a-ba90767d07ee,,,,,,,,,,,,,,,,Kweichow Moutai Company Ltd
58ccf62f-4c06-4a72-9051-c0faaa2ae09f,,,,,,,,,,,,,,,,Agricultural Bank of China Ltd
5a8ee544-5dd5-4860-b8ce-d7520d5475b3,,,,,,,,,,,,,,,,Bank of China Ltd
4c81ad16-587f-4832-b8e4-01e213d00dfe,,,,,,,,,,,,,,,,PetroChina Company Ltd
abda0b9d-63cf-4efd-a304-33062863573e,,,,,,,,,,,,,,,,China Merchants Bank Company Ltd
2b38b736-d229-4048-9137-d1147b09b3d6,,,,,,,,,,,,,,,,China Life Insurance Company Ltd
61f01174-7620-43a7-bccd-87586d13cd66,,,,,,,,,,,,,,,,China Petroleum Chemical Corp
17a43466-7748-4fd1-8178-70d3f281d785,,,,,,,,,,,,,,,,Wuliangye Yibin Company Ltd
9afde7a0-c25c-4494-9108-f475a03a0596,,,,,,,,,,,,,,,,Postal Savings Bank of China
403de756-71a6-4dc6-84f7-39f935c5124a,,,,,,,,,,,,,,,,Bank of Communications Company Ltd
66d52004-16e9-498c-88a4-6f3e3c7c42a1,,,,,,,,,,,,,,,,Midea Group Company Ltd
99f74e92-674d-4786-9ac8-98c893ec9bfb,,,,,,,,,,,,,,,,China Yangtze Power Company Ltd
829630fe-0ae0-42da-8cf1-3b71711adf36,,,,,,,,,,,,,,,,Jiangsu Hengrui Medicine Company Ltd
cb98e781-88c5-424b-867e-de360aa59200,,,,,,,,,,,,,,,,Gree Electric Appliances Inc of Zhuhai
7d45457a-f712-4025-8978-0ad32f188995,,,,,,,,,,,,,,,,Industrial Bank Company Ltd
d46138b0-b952-44e0-9de3-169cf793df03,,,,,,,,,,,,,,,,China Vanke Company Ltd
2682c1e8-dbeb-4160-afb4-062fe783c836,,,,,,,,,,,,,,,,BeijingShanghai High Speed Railway Company Ltd
51018475-c943-4a30-a720-a6c1b0b61fed,,,,,,,,,,,,,,,,Hangzhou Hikvision Digital Techgy Company Ltd
f9afaacd-48b1-4f63-8bff-31fd9f8e2045,,,,,,,,,,,,,,,,Shanghai Pudong Development Bank Company Ltd
5f11aa05-0089-4a2b-b70e-f01f5c7a8bd3,,,,,,,,,,,,,,,,China Shenhua Energy Company Ltd
c39282b8-4a4a-4239-a6dc-f343d5634c8c,,,,,,,,,,,,,,,,Contemporary Amperex Technology Company. Ltd
880fd5a1-b191-4e98-bb8a-39f5332210a9,,,,,,,,,,,,,,,,CITIC Securities Company Ltd
99f0c9e5-2970-496b-a4ee-6b8c299cc74c,,,,,,,,,,,,,,,,Peoples Insurance Company Group of China Ltd
4e00df64-728b-45c2-81aa-ea022f513ff3,,,,,,,,,,,,,,,,Shenzhen Mindray BioMedical Electronics Company. L
fb49cc32-f69f-4287-a113-76f86e0e3d0b,,,,,,,,,,,,,,,,Anhui Conch Cement Company Ltd
9bd985e1-5757-40e0-9a24-8b7d2d7a6ef4,,,,,,,,,,,,,,,,China Pacific Insurance Group Company Ltd
1d22121b-34bd-4da4-845e-c58197b4c36a,,,,,,,,,,,,,,,,Ping An Bank Company Ltd
edf6b9c7-c59d-4706-91f9-8813e9643830,,,,,,,,,,,,,,,,Foshan Haitian Flavouring Food Company Ltd
15d036b5-a0ce-4d87-aabb-945187b63000,,,,,,,,,,,,,,,,China CITIC Bank Corporation Ltd
e4369b73-eb88-42c9-8383-2c018343069a,,,,,,,,,,,,,,,,Luxshare Precision Industry Company Ltd
6808f9f8-6690-4545-8139-341a5deaface,,,,,,,,,,,,,,,,SAIC Motor Corporation Ltd
e47c0619-0aba-4708-9b91-29863c6c273a,,,,,,,,,,,,,,,,Muyuan Foodstuff Company Ltd
bf489e6b-607d-426f-a24e-483dda55784c,,,,,,,,,,,,,,,,China Minsheng Banking Corp Ltd
8fa3d5e9-ddc8-480c-aa50-3b909fb9371f,,,,,,,,,,,,,,,,CSC Financial Company
5d6423e4-3061-40d4-8054-acaa5f3b52ec,,,,,,,,,,,,,,,,ZTE Corp
0b0245d8-ff28-4009-b6fa-864bd314ddfe,,,,,,,,,,,,,,,,China State Const Eng Corp Ltd
6fed2560-9a05-4408-99c5-7256dc0da659,,,,,,,,,,,,,,,,Maanshan Dingtai Rar ErthNw Mtrl Company Ltd
97275451-4d27-4b07-89c7-1fb2eab7d49c,,,,,,,,,,,,,,,,China Everbright Bank Company Ltd
c0a535bd-7e43-426d-9315-4febdcec8ee3,,,,,,,,,,,,,,,,Poly Real Estate Group Company Ltd
1e966cbf-17c1-42d7-b58b-8aa41335ecd4,,,,,,,,,,,,,,,,CRRC Corp Ltd
4547d287-51bf-4d12-92f9-8d764f7a60f4,,,,,,,,,,,,,,,,BYD Company Ltd
5604361e-6e2f-4e80-b208-fae5819598f1,,,,,,,,,,,,,,,,Wens Foodstuff Group Company Ltd
b351e96c-0120-4048-a7b3-9d2262d367c4,,,,,,,,,,,,,,,,BOE Technology Group Company Ltd
7d3b16d4-3a3b-4c18-8fd2-e290277b9309,,,,,,,,,,,,,,,,Inner Mongolia Yili Industrial Group Company
ad2a0415-7c13-4cbe-bb52-21e7160cce26,,,,,,,,,,,,,,,,Wuxi AppTec Company Ltd
7541493d-37fd-4ca9-8bc1-e9b6d1fc18a2,,,,,,,,,,,,,,,,Huatai Securities Company Ltd
1c069fcf-28a0-450b-9c39-ee6e70b070db,,,,,,,,,,,,,,,,China United Network Communications Ltd
10672202-e622-4f73-8b2b-433441648105,4.2501764,5.95,15.865498,Australia,Basic Materials,0.48700002,0.83085,0.6762662,-0.022386917531819817,0.09431021773808479,-0.04123046392648411,0.37934771188846206,1.3283127559659138,,1.5073905383768982,BHP Group Ltd
81243ef5-d5d1-48f7-932f-0a6e6a2f8b4d,1315.373,1.58,21.808472,United States,Consumer Defensive,0.23663999,0.60063,-0.03935033,0.03309862774322858,0.0011671094964402773,-0.04884318766066842,-0.30803654471879416,5.6941679261180145,0.027795141951163352,0.8165784717771922,Colgate-Palmolive Company
2b3f936a-916c-4429-bcef-b2927fcaec76,-19.677568,1.41,29.263681,United States,Real Estate,0.64799005,0.73819,-0.15847737,-0.05091268014421013,0.278412815380922,-0.020270233420593364,0.2728042096536477,35.535899102049484,0.04319962087936761,7.50148361739733,Crown Castle Inc
a200d1be-5078-4ab1-b163-31346516bdb8,8.360007,0.92,18.91722,United States,Technology,0.20688,0.76562,-0.53658295,0.22085492227979264,-0.017378342040428096,0.29978494623655916,-0.38061913445088247,,0.05823782448551333,1.6880194028843793,ServiceNow Inc
2c473964-231e-4764-af52-8d0ad0e3e355,2.4459994,109.32,41.35814,United States,Real Estate,0.69971,0.756,0.27004063,0.07175627712119947,-0.2692635860006456,0.14691318869934622,0.19306018237660205,20.64106019600194,,10.476513910566672,Prologis Inc
c48977f2-2c30-4423-ae60-ab122ddfc985,,,,,,,,,,,,,,,,HAITONG Securities Company Ltd
1f5d553f-2a22-4834-977a-0a2931e5d775,,,,,,,,,,,,,,,,CGN Power Company Ltd
af3c409a-d50a-4d8b-90b8-c6413ddb1d54,,,,,,,,,,,,,,,,JoinuIn Holding Company Ltd
81e41eb0-f2ba-4382-a7b1-e5308508736d,,,,,,,,,,,,,,,,China Intl Travel Service Corp
41b00545-a673-40d5-b6f0-8d7dd3300820,,,,,,,,,,,,,,,,Guotai Junan Securities Company Ltd
d439f1b8-ce43-47f6-8ccd-c346464eabce,,,,,,,,,,,,,,,,360 Security Technology Inc
de542dc2-eeb5-4242-ab3e-ea3901d8a593,,,,,,,,,,,,,,,,Bank of Ningbo Company Ltd
2590b4ab-54be-4cd0-a66a-2ebac5f24bc3,,,,,,,,,,,,,,,,Jiangsu Yanghe Brewery JSC Ltd
513042f7-98c0-48bd-8b04-d4caa9e9ee36,,,,,,,,,,,,,,,,Wanhua Chemical Group Company Ltd
8f9fd8d7-4232-409f-adba-1458d973f818,,,,,,,,,,,,,,,,Sany Heavy Industry Company LTD
4aef593c-f6a7-4c37-8ed9-23e4b46ddce7,,,,,,,,,,,,,,,,Will Semiconductor Company Ltd Shanghai
df58ae5a-92a9-4f10-810d-0beaa9e00d4a,,,,,,,,,,,,,,,,China Merchants Shekou Industrial Zone Holdings Co
5f23e196-c1d9-409a-a33c-84902e9d277c,,,,,,,,,,,,,,,,China Communications Construction Company Ltd
54a70bc1-cbd4-4e3a-a347-2c536aa1ba42,,,,,,,,,,,,,,,,Shenzhen Goodix Technology Company Ltd
a3e65690-5bb0-4420-be64-9e29644b0072,,,,,,,,,,,,,,,,New China Life Insurance Company Ltd
4337974a-1aef-4a3b-a1e3-97a5044bfe68,,,,,,,,,,,,,,,,Wuhu Yaxia Automobile Corp
a0bfedfd-ef01-4a43-b7b3-79e096aa19b8,,,,,,,,,,,,,,,,China Railway Group Ltd
f23d0a91-6966-4811-8c01-dc3209fda39e,,,,,,,,,,,,,,,,Aier Eye Hospital Group Company Ltd
fb61711f-5cd5-40b0-8a04-3999df0660e5,,,,,,,,,,,,,,,,China Railway Construction Corp Ltd
0d34f617-459f-4c17-b2b6-25568b0a62f4,,,,,,,,,,,,,,,,Shanghai International Airport Company Ltd
85766326-efb8-4285-b4d7-495f8cb7d5d3,,,,,,,,,,,,,,,,Bank of Shanghai
28738100-fbcc-4c50-b705-b5c8e34fb485,,,,,,,,,,,,,,,,East Money Information Company Ltd
1e62cc7f-cb0e-42e6-a269-44ab9d29f3d1,,,,,,,,,,,,,,,,Shenwan Hongyuan Group Company Ltd
06cf432c-9ca0-4d55-a528-61b0fa9c0239,,,,,,,,,,,,,,,,Weichai Power Company Ltd
788bcaa4-a59c-40bd-861e-ecba12b63ed7,,,,,,,,,,,,,,,,China Merchants Securities CO LTD
464092c7-2592-420b-8879-e393f07f3922,,,,,,,,,,,,,,,,XiAn LONGi Silicon Materials Company Ltd
c294f3c2-d383-419e-95bd-560c39a880a7,,,,,,,,,,,,,,,,GF Securities Company Ltd
ef1e9ec1-5431-4574-beed-e7246a369171,,,,,,,,,,,,,,,,Giga Device Semiconductor Beijing Inc
322d3bbb-b11a-4c69-b55d-83bda4b033ff,,,,,,,,,,,,,,,,Yongyou Network Technology Company Ltd
0a115274-160e-4341-96ac-4b2399c76fba,,,,,,,,,,,,,,,,Baoshan Iron Steel Company Ltd
e0315b81-bb55-4ce9-a0ed-cf4afe74238c,,,,,,,,,,,,,,,,Lu Zhou Lao Jiao CompanyLtd
2b89a6ab-cc73-4915-a77e-eabd44c55c3a,,,,,,,,,,,,,,,,Henan Shuanghui Investment Development
c169601d-ce83-4b3d-84a7-60bef1f1a344,,,,,,,,,,,,,,,,Qingdao Haier Company Ltd
1ad81a27-9bf3-4b22-9fa7-6cb3b851ab96,,,,,,,,,,,,,,,,Guangzhou Automobile Group Company Ltd
3d3bc5ea-39d0-4df3-bd73-15f9542f81f2,,,,,,,,,,,,,,,,Beijing Kingsoft Office Software Inc
f6932c10-267e-49ff-9fde-908e023d2d75,,,,,,,,,,,,,,,,Air China Ltd
f3d838ec-b3b6-4f5c-ba3a-db7b09227cfb,,,,,,,,,,,,,,,,Bank of Beijing CompanyLtd
caa273db-0ef6-4d31-a49d-1c23c84fe08c,,,,,,,,,,,,,,,,New Hope Liuhe Company Ltd
874badbe-172e-4108-a92d-b65ce8b16d04,,,,,,,,,,,,,,,,Hua Xia Bank Company Ltd
14bd92bd-2cff-494b-a252-55ee928f292f,,,,,,,,,,,,,,,,China Galaxy Securities Company Ltd
4f51ae5b-f482-4f70-a7da-f53b143a3cdb,,,,,,,,,,,,,,,,Zijin Mining Group Company Ltd
3cf4edd4-bda6-4e6a-85a7-96bb47318f72,,,,,,,,,,,,,,,,Daqin Railway Company Ltd
4f8be3fb-c771-4ce0-b1b5-d3edec401dba,,,,,,,,,,,,,,,,Shanghai International Port Group Company Ltd
e7ab9690-f046-4682-b1bf-b35d63cd4562,,,,,,,,,,,,,,,,Shandong Gold Mining Company Ltd
f0ae8c5e-8908-468b-806a-cdd2a4e23a93,,,,,,,,,,,,,,,,Dalian Rubber Plastics Machinery
b9ac7b99-25f7-491e-a004-c93fad6baf3b,,,,,,,,,,,,,,,,Gongniu Group Company Ltd
3bd10948-1238-4124-ac9c-c41ded80fafb,,,,,,,,,,,,,,,,Yunnan Baiyao Group Company Ltd
3a85580c-c537-41cf-a150-1b331336d3b9,,,,,,,,,,,,,,,,China Shipbuilding Industry Company Ltd
c62771e3-7460-4ed9-94b6-eaaf7ce831a6,,,,,,,,,,,,,,,,Avary Holding
aabc29d8-cf8b-420d-b742-e295ea49484d,,,,,,,,,,,,,,,,Montage Technoloey Co Ltd
ffde6de9-866b-4638-b2ff-b287a55b8c95,,,,,,,,,,,,,,,,Jinan Diesel Engine Company Ltd
7d4c56db-5944-4f45-9061-f6cff4ef8489,,,,,,,,,,,,,,,,Guosen Securities CompanyLtd
5ae1a5ac-da9a-43f9-9d14-150e6664ea42,,,,,,,,,,,,,,,,SANAN OPTOELECTRONICS COLTD
94eb7cb3-e3ed-4d6f-a4af-4853a7bef080,,,,,,,,,,,,,,,,Changchun High New Tech Industry Inc
11edc62b-9076-465a-99ac-d8aabdff8d71,,,,,,,,,,,,,,,,Chongqing Zhifei Biological Prdct Company Ltd
6892a167-5d4a-466d-854b-5b89b079c600,,,,,,,,,,,,,,,,Unisplendour Corporation Ltd
1ba7bfa6-4a8d-4f9d-883b-2f83014583c0,,,,,,,,,,,,,,,,NARI Technology Development Company Ltd
e54233cf-ded6-4dcf-8adf-28e01d08e1e4,,,,,,,,,,,,,,,,HUAYU Automotive Systems Company Ltd
bc9c28f5-09c0-4e08-9d96-ef0447075d35,,,,,,,,,,,,,,,,China Molybdenum Luoyang Company Ltd
41da53ad-2501-4c8e-a93d-048c70ac79e3,,,,,,,,,,,,,,,,Suning Commerce Group Company Ltd
618fcfdc-5c78-426c-bece-360cd526809f,,,,,,,,,,,,,,,,Advanced MicroFabrication Equipment Inc China
b6d18db6-0dfd-4731-9e4c-cda4e5904585,,,,,,,,,,,,,,,,Daye Special Steel Company Ltd
bffdffab-678a-428f-bd96-b37e4a77de28,,,,,,,,,,,,,,,,TCL Corp
a8542cbc-805e-43c4-b4cd-b077fcde36e8,,,,,,,,,,,,,,,,Anhui USTC iFlytek Company Ltd
bb854fd2-8b03-41c2-a1c0-a0ee81950e5f,,,,,,,,,,,,,,,,Lens Technology Company Ltd
7b2b9ee3-2d6c-4e58-a074-347be2545191,,,,,,,,,,,,,,,,Sangfor Technologies Inc
40bd79de-e597-4c5b-9c03-715aa7641e81,,,,,,,,,,,,,,,,Yonghui Superstores Company Ltd
6d6cd9c9-b4af-4938-95b5-8df804e56ec4,,,,,,,,,,,,,,,,Great Wall Motor Company Ltd
eac8022e-4af0-4b65-bbdb-1b4dba1dfa0e,,,,,,,,,,,,,,,,JPMF Guangdong Company Ltd
d49f703e-75c2-4a6f-8881-d57402928140,,,,,,,,,,,,,,,,Mango Excellent Media Company Ltd
6959afaf-8061-496f-bac9-4abf3631576f,,,,,,,,,,,,,,,,Hedy Holding Company Ltd
359f90bb-96ae-42d1-b977-c1a53c965795,,,,,,,,,,,,,,,,China Zheshang Bank
afe2d9a4-38da-47d6-8478-925f231b6f7f,,,,,,,,,,,,,,,,Zhejiang Century Huatong Group CompanyLtd
98e8a1f3-ad8b-43a6-9da5-63666e4651b6,,,,,,,,,,,,,,,,Hongta Securities Company Ltd
cfd33083-96bc-4102-8e26-0736e2caabc7,,,,,,,,,,,,,,,,Hundsun Technologies Inc
7dadf5be-3b05-4a34-bce2-e5ce04baf818,,,,,,,,,,,,,,,,Shennan Circuits Company Ltd
3001c892-d756-431f-b7e3-6bd68f985e92,,,,,,,,,,,,,,,,Shaanxi Coal Industry
b5f75476-8df1-43a2-8ab7-efcf1a278f64,,,,,,,,,,,,,,,,Shanxi Xinghuacun Fen Wine Factory Company
23e19171-b817-47df-9c96-80c088d26077,,,,,,,,,,,,,,,,China Eastern Airlines Corporation Ltd
bd3dab4b-4251-4b42-8e4f-26e5b63a294e,,,,,,,,,,,,,,,,Huaneng Power International Inc
603904fb-5879-4766-88ed-a1f607a3a140,,,,,,,,,,,,,,,,Bank of Jiangsu
0292859e-3523-4b74-9c8f-30a5a46d11f6,,,,,,,,,,,,,,,,GoerTek Inc
b48f83d4-1e0a-4546-9d74-5e14cca4cd0e,,,,,,,,,,,,,,,,Wuhu Shunrong Auto Parts Company Ltd
efbe39d1-a7d0-48c4-82f5-14cc6ab4d55b,,,,,,,,,,,,,,,,Seazen Holdings Company Ltd
56bdb705-eed8-4cf6-8d69-7337d5764f12,,,,,,,,,,,,,,,,Shenzhen Kangtai Biological Products Company Ltd
9ef335a8-afc7-46bd-8f66-2f9780293977,,,,,,,,,,,,,,,,China National Nuclear Power Company Ltd
f3a24fd0-cd42-4c1d-9294-1d3714293a7d,,,,,,,,,,,,,,,,Shanghai Jinfeng Investment Company Ltd
f18303c2-8c83-401a-b103-792b75d32cbf,,,,,,,,,,,,,,,,China Southern Airlines Company Ltd
4fc360b4-8cf5-45b1-b313-296958f87294,,,,,,,,,,,,,,,,Hithink Flush Information Network Company Ltd
880024c2-3ed4-4cad-8a7f-cdbd94d9627e,,,,,,,,,,,,,,,,Shengyi Technology Company Ltd
2a840e28-f426-4b48-ae87-b09b5e2b9ae0,,,,,,,,,,,,,,,,China Fortune Land Company Ltd
42d68fb9-afd5-4c8d-8a0a-86dccccebd56,,,,,,,,,,,,,,,,Beijing Sevenstar Electronics Company Ltd
55a1ae4e-3b92-4a8b-8f17-6a471b2f632f,,,,,,,,,,,,,,,,Ningxia Baofeng Energy Group CompanyLtd.
a41fc814-b13f-4cb8-95fb-352d3d3a723b,,,,,,,,,,,,,,,,Orient Securities Company Ltd
ab6502dd-f60d-4bff-86a2-03ed1da5ced0,,,,,,,,,,,,,,,,JIANGXI GANFENG LITHIUM COLTD
fe7869db-7c65-49c8-bdf1-53953be32e04,,,,,,,,,,,,,,,,ISS A/S
5bc22b7d-122c-4d15-86b9-beecd79c63ac,,,,,,,,,,,,,,,,"CISCO SYSTEMS INC. REGISTERED SHARES DL-,001"
84d7627e-614c-4728-b5e6-7b71a6aa6b8f,,,,,,,,,,,,,,,,CIKARANG LISTRINDO TBK.
8d3e0a78-5b8e-4e08-8c5f-96e6a8c774b0,,,,,,,,,,,,,,,,PACIFIC STRATEGIC FINANCIAL TBK.
41141880-7eab-40f2-84c6-e7b06e455d69,,,,,,,,,,,,,,,,MEDIOBANCA
da7634ad-b253-4c9b-9a48-49eb7719f68b,,,,,,,,,,,,,,,,VISA INC
7e84d4c8-9288-4010-accb-a0a3d382ac63,,,,,,,,,,,,,,,,MASTERCARD INCORPORATED
2acd8c44-b07a-4e03-b9da-bdcaa4ae04dc,,,,,,,,,,,,,,,,BANK OF AMERICA CORPORATION
90c44e9b-55fb-40c6-bac4-7e51b171e73a,,,,,,,,,,,,,,,,VERIZON COMMUNICATIONS
636e0365-318d-46de-9cd0-2459a0a8fb6f,,,,,,,,,,,,,,,,EXXON MOBIL CORPORATION
207963af-c77e-4ace-acaf-ab35da1cb70b,,,,,,,,,,,,,,,,COMCAST CORP
e4240048-97cc-43c8-a3f9-2982e358c7a6,,,,,,,,,,,,,,,,UNITED PARCEL SERVICE INC
4c10b2fd-f8e6-40b1-9b8a-f36ed6717f8a,,,,,,,,,,,,,,,,COLGATE-PALMOLIVE CO
0855e8e5-c5b5-4876-9a54-acf79c1bbc6e,,,,,,,,,,,,,,,,ZEPAK
917e3bda-5eed-41e1-8596-801c70408e28,,,,,,,,,,,,,,,,GSH
9e44fe38-4c95-4f15-8424-da3b21e42d17,,,,,,,,,,,,,,,,BRITISH AMERICAN TOB PLC
b6d3afab-039c-4a9c-8416-130c0442b130,,,,,,,,,,,,,,,,GROWTHPOINT PROP LTD
469e7e85-be3f-4d9c-a44c-ea2ed83987df,,,,,,,,,,,,,,,,EQUITES PROP FUND LTD
54847ca8-8de3-4589-bcc9-29151bd97953,,,,,,,,,,,,,,,,FAMOUS BRANDS LTD
9480db11-aa02-4fc5-8836-6803e50689a8,,,,,,,,,,,,,,,,OMNIA HOLDINGS LTD
68178227-26b8-4c66-94ca-5a5fb2255154,,,,,,,,,,,,,,,,"AZKOYEN, S.A."
c24c7d4a-4006-46b9-9dc9-a7107d39268b,,,,,,,,,,,,,,,,PEPSICO
e67cd65f-1840-4c3a-9e03-3b5dbbe5ade7,,,,,,,,,,,,,,,,GIVAUDAN N
1f4393df-2156-43dc-8a3c-5cbef1f67043,,,,,,,,,,,,,,,,ZIMMER HLD
1be7aca8-deb5-4a86-b789-796038ab40dd,,,,,,,,,,,,,,,,HONEYWELL INTERNATIONAL INCORPORATED COM STK USD1
537116f6-680e-43b6-b980-8c13780d2ea0,,,,,,,,,,,,,,,,BP PLC $0.25
503cf8f5-5917-4d66-98bd-d5cfc749be68,,,,,,,,,,,,,,,,GLAXOSMITHKLINE PLC ORD 25P
1b38f647-fbed-4918-b818-f94d5e6ae2c6,,,,,,,,,,,,,,,,VODAFONE GROUP PLC ORD USD0.20 20/21
3cc8502c-e6ca-45e2-9f6d-39ad93c54f2c,,,,,,,,,,,,,,,,ST. JAMES'S PLACE PLC ORD 15P
ff3d5a36-2004-4db8-a121-9cee06a494f5,,,,,,,,,,,,,,,,JOINT STOCK COMMERCIAL BANK FOR INVESTMENT AND DEV
4b5aee59-5111-44fe-b77b-b1e4faf8e502,,,,,,,,,,,,,,,,PETROVIETNAM GAS JOINT STOCK CORPORATION
d887c482-3c0b-40ea-9ddf-474e1871c0bd,,,,,,,,,,,,,,,,VIET CAPITAL SECURITIES JOINT STOCK COMPANY
ab1a6dfc-4dc3-4227-9c55-256c69b65d5b,,,,,,,,,,,,,,,,China Petroleum & Chemical Corp
9d5ee761-05d3-464e-848f-da1d317c29c5,,,,,,,,,,,,,,,,BLACKROCK INC
04aff414-e9e3-43d0-bd73-a52706e92f32,,,,,,,,,,,,,,,,Zhangzhou Pientzehuang Pharmaceutical Company
9cf4d982-5ce9-4660-92cd-42b347468b39,10.770383,0.95,25.69946,Uruguay,Consumer Cyclical,0.12392,0.49473,-0.40007758,0.3906242479665014,-0.010767217710678567,0.18855009334163042,-0.5193406502092042,4.582339582154208,0.04222871945620556,1.100430748182298,MercadoLibre Inc
877a36fb-74f1-4f30-8ba0-06056ca8e010,,,,,,,,,,,,,,,,ZEALAND PHARMA A/S
e8edb4bd-e58d-4e3e-a412-76a9e7ba1227,,,,,,,,,,,,,,,,Shanghai Fosun Pharmaceutical Group
de40b3b6-3994-424c-9ddc-2643bb12e520,1.443157,2.78,9.409011,Spain,Financial Services,0.0,0.0,0.49744892,0.029462738301559765,-0.01611421315188566,,,,,38.94908589130149,Banco Santander S.A.
1c3761b2-b87c-4773-9fe1-90b60b986b29,3.4740565,3.22,16.398022,Switzerland,Financial Services,0.14733,0.23815,-0.017816603,0.06613244401128537,-0.7142045472681002,,,1.9274636262193465,,2.617626431061066,Zurich Insurance Group AG Ltd
b2bca27b-c26f-43d8-8119-ccc119dac500,2.0065217,1.2,,Netherlands,Consumer Defensive,0.19195,0.36953,-0.12999219,-0.02681600693946662,-0.093023201206478,0.02609576988458978,0.2392546889556857,4.773509638430038,,1.3838555761149343,Heineken N.V
e2627e84-6e11-413c-a1b4-2aa1c17e804c,10.434964,2.41,43.197514,Canada,Technology,0.1737,0.4797,-0.08084327,0.30135135135135127,0.08250605326876514,0.7657342657342658,2.008158508158508,,0.002183406090936764,1.1909671557137478,Shopify Inc - Class A
961a0d33-cc65-4236-96c5-eef870f20eaa,0.7998308,2.69,,France,Financial Services,0.0,0.0,0.12328768,0.04454228024897522,-0.5631335178115078,,,,,57.94467316697824,BNP Paribas
5627e0be-9438-4db9-b8b5-a6b183fbcfba,1.0771422,0.33,31.339626,Japan,Healthcare,0.29882,0.65120006,0.1672523,0.058667980309265566,-0.08687813922286147,0.19266645044916975,0.6823061855419785,12.216470319097418,0.09831724872141408,3.225453101874224,Takeda Pharmaceutical Company
0869529d-7767-4c97-b451-177ad756603f,1.6981504,1.28,8.714862,France,Financial Services,0.14243001,0.14503999,-0.038232803,0.041515982150194586,-0.17320215786180926,,,11.32375567147356,,5.108381455104687,Axa
f224e424-23c3-4374-a129-7cf8b5ee43eb,4.0762153,0.82,21.010307,Germany,Consumer Cyclical,0.09867,0.51362,-0.28082472,0.07134731025516006,0.11950154596214779,0.26104257859132507,0.3803307945890644,2.7328917971292244,0.019168316151492622,0.795663338102402,Adidas AG
182f481b-72ea-4d9b-8f2e-b0c11cddbb1b,1.3463627,0.79,19.860767,Germany,Basic Materials,0.097720005,0.23423,0.24552846,-0.052983261339092924,0.18190471679385378,0.02905073649754497,-0.19317672755806825,13.869422038172601,0.09439224231536156,1.3338122419491527,Basf SE
ebb89c26-01d0-44e4-a71a-2f3fb5e247ce,,,,,,,,,,,,,,,,Marsh & McLennan Cos. Inc
e9657520-2362-4b0e-8ffd-7e48e311c9b6,1.3759844,1.03,7.397186,China,Consumer Cyclical,0.00535,0.0932,-0.049866438,0.06836876372547396,0.09294382327363748,-0.40204932268148663,-1.247152515408446,,0.0017549332816675688,0.5276001426248478,JD.com Inc
2a2aaabc-0780-47c8-943e-043a5480f916,1.8910097,0.34,8.025374,Brazil,Basic Materials,0.36253,0.35076,0.66022384,0.009118141685936498,0.18716428208749725,-0.11641118124436434,0.6296089401049778,0.7564798761356349,0.02762677747379989,0.4138536410410381,Vale S.A.
76e31b42-cc95-4075-bede-fdec27b4b770,2.6709929,2.12,13.609362,Brazil,Consumer Defensive,0.30621,0.51479,0.20392156,-0.0014623037404625228,-0.0018148369613867343,-0.0007363142531657818,-0.052060351385985415,,0.047944955539192424,1.6176267470022445,Ambev S.A.
fc0f6cd3-7f20-49aa-9788-ef8881424edb,2.3106253,1.04,13.665842,United States,Energy,0.39319,0.45591,0.3539431,-0.024865962487308768,0.23900233467959198,-0.05267036419346083,0.17691402780743826,3.01734707346607,0.20416652676299835,2.0619379275813947,Conoco Phillips
d0c2b3ce-e76b-4515-bca9-93a8e7eb55de,4.883721,0.99,9.991649,Norway,Energy,0.3448,0.38109002,0.7083514,-0.04067460317460314,0.22952217315953694,-0.08476960118238819,0.5274576205099238,2.3831540015844386,0.1350757697865358,1.3135862041631836,Equinor ASA
ded729be-d319-4242-b95a-00d4d08b1fb2,2.851639,2.22,12.55581,United States,Energy,0.18903999,0.14273,0.20522273,0.033190650805358934,0.08114044367252038,0.03237975801624571,-0.009760412963409015,13.338565463201183,0.1089886579362117,1.4960341706713842,Enterprise Products Partners L P
071203b3-f4df-4285-a16f-feb7386a9b1f,41.506783,2.04,16.284294,Mexico,Consumer Defensive,0.096049994,0.24232,-0.058472574,0.055642660028616175,-0.19057916489486582,0.027759241315618466,-0.14652717657035186,,0.02923795935417083,0.36287997174692,WalMart De Mex Sp A
3e77da6c-2846-4851-84c9-578fa7a2d5a6,,,,,,,,,,,,,,,,Vmware Inc - Class A
04040259-d440-4611-9b68-41da42e45f2e,3.9439905,3.37,24.229433,Canada,Energy,0.62990004,0.6918,0.37942183,0.06569141595362948,-0.01213781469061459,0.06902848794740679,-0.5829463260193934,24.44558368103887,0.3098791717066097,7.6993279396348795,TC Energy Corporation
5a17bceb-ced6-4fa0-a683-38192ff22f89,73.88792,1.29,14.965013,United Kingdom,Industrials,0.33398998,0.66288,-0.41123027,0.02316808700235995,-0.0545502347395499,0.05505801463451876,-0.06099610969694047,6.429284916804797,,1.1526329971440115,RELX Plc
ab8c349f-717f-4b46-8fee-083756591343,8.065299,1.0,12.396503,United Kingdom,Utilities,0.41911998,1.0,0.11335087,-0.07883901643321267,-0.24814934164617197,0.029680164347668292,-0.01096518233314736,6.142182493012405,,2.948408595605374,National Grid Plc
75722b8e-7d82-4da0-b6a6-d4e6d138a111,,,,,,,,,,,,,,,,ABB Ltd
447b30ea-5073-45b7-a63a-3c51b0d39472,2.706702,1.51,,France,Consumer Defensive,0.16384001,0.50618,-0.15658194,-0.006097713604605093,-0.0018787528943507992,0.08594297408859142,-0.031081314564737172,7.914764874029104,,0.8280156354844778,Danone
6161b6d6-ddf5-46c0-bb6d-6da21b67115f,1.5359883,4.99,5.300532,Brazil,Energy,0.40855998,0.47359002,0.65531564,-0.024295528135118594,0.15297040691959163,0.6764256062923313,0.928681336777224,0.37867814172919156,0.03919163367241085,0.43435536896550275,Petroleo Brasileiro S.A. Petrobras
d805613a-8a84-4f97-b1f6-b9bdbc74d003,0.45626733,3.45,5.278226,Japan,Consumer Cyclical,0.04078,0.16531,-0.105568826,0.06167591227326996,-0.1958403682362978,-0.1526093172476477,-0.32261569913083954,,0.03982197067165494,1.4336080454620528,Honda Motor
5fdcdf13-859c-4842-b520-cf9180e15923,1.6242359,0.43,9.388155,Italy,Energy,0.14238,0.20799999,0.84107494,-0.0524984794647716,0.33964259530082963,-0.10654531371030207,0.15879794846054274,6.717991210524962,0.11651416248875865,1.6452934936766646,Eni Spa
50211576-b879-4961-a64c-c3fb32a6eca8,9.983458,2.12,13.843013,India,Technology,0.21966,0.29517,-0.3415166,0.04570213207449303,0.026484034117102206,0.019730219448359065,-0.05252111112328817,,0.014435956589672443,0.8422214879765082,Infosys Ltd
5ec5baf8-c496-42fc-94ba-348017023885,2.4584732,0.52,13.638743,India,Financial Services,0.0,0.0,-0.24052477,0.10346302366206972,-0.09241906048914306,,,,,12.673076669955579,ICICI Bank Ltd
b1f73848-b163-4823-acc0-042e74f0ee2b,6.966184,2.28,25.747726,United States,Basic Materials,0.24561001,0.44374,-0.052571177,0.024539751847882263,-0.058228662340095605,0.13308968169158014,-0.19911756486300292,6.543641112576519,0.06371753580184704,1.4389523241325115,Ecolab Inc
a71de7d1-139c-4bf0-a7d4-9dbe6f7902b6,6.890245,2.52,14.8175,Ireland,Financial Services,0.33421,0.47341,-0.13080883,0.09447063320168181,-0.007385094630791844,0.2627270401637247,0.11293301532599909,10.183778680192907,0.015669678485318608,2.9718059944875233,Aon plc. - Class A
49c3bfa8-6908-473d-9dea-27c2c433851e,3.6406553,30.65,12.344908,United States,Financial Services,0.16941999,0.18562001,-0.3070705,0.1631737520406673,-0.16485321386749452,,,1.8805862170300078,0.003936699656076175,1.3483839390896766,Progressive Corp
e9073f0c-3a79-4c53-8c89-47fa8083b97f,14.499867,2.08,27.439754,United States,Technology,0.31956,0.48956,1.631192,0.024851981747558094,-0.04987896921942658,0.10314685314685312,0.0792077889466356,0.10469002912134616,0.08699696802646086,1.221282386990077,Applied Materials Inc
d7137b03-c0b6-4bf5-a46f-2b13a8392318,5.7421427,4.51,17.325594,United States,Technology,0.13076,0.39635,-0.18786502,0.17963573938467325,-0.02472474505119826,0.2974930362116992,0.9538742016242956,2.2784899453997967,0.0060908598612912715,1.1223061221325636,Uber Technologies Inc
80504fab-eb78-45cf-9ce4-f8ac33468d1a,3.4634142,2.49,18.486729,United States,Industrials,0.12056,0.15241,0.18882608,0.10292072322670376,0.03021790393063961,0.107981220657277,0.12021997042191646,3.502851823002541,0.022710377206820058,1.0721686162299162,General Dynamics Corp
5242937c-c4fd-4ed3-b255-4b305ba179b0,3.404768,2.3,14.193159,United States,Consumer Defensive,0.07704,0.27934,0.2403307,-0.014944201843765215,-0.00110707417258471,-0.02298850574712641,-0.33929952188681356,5.989345887016849,0.035569766178320875,0.5571602554777942,Target Corp
5877fee4-9954-486a-8361-e87836d6c6bd,6.248802,2.12,21.215403,United States,Industrials,0.46816003,0.46816003,0.46299267,-0.007982533942825998,0.030432329732341,-0.027605244996549372,0.17870678140401464,11.084679352365205,0.1926365619158547,3.0761430148489044,CSX Corp
7eaca08d-31cc-42b1-9f7d-84496b659716,8.824215,2.24,23.771881,United States,Industrials,0.3015,0.40605,-0.052295744,0.08014295505727986,-0.00222892091316651,0.13072246065808302,0.03277663084477189,12.03419452618417,0.1198599181412447,1.7989317080514375,Waste Management Inc
edd46d59-d259-44c8-ab33-dcc53171e8ba,2.9518104,1.71,22.217731,United States,Industrials,0.16693,0.30414,0.31354725,0.09815129512333276,-0.018891488590554006,0.10659340659340666,-0.07011342071583027,20.41798695246971,0.03609209563790036,3.205293120635495,L3Harris Technologies Inc
d6a232e2-a020-4b07-8e7c-844cc0d99863,5.7701116,1.69,24.41056,United States,Industrials,0.18378,0.26248,0.06039679,-0.11585969357456749,-0.043876148451311936,-0.16044861524376286,-0.5025231066942606,26.49976632697483,0.08827116552542674,2.2659047697348815,Deere & Company
1770d3ec-ef9c-4554-939d-ababa6761a95,3.7192552,1.16,12.679862,United States,Financial Services,0.0,0.9746,0.018491507,0.1304547992219024,0.31280315265346337,,,,0.02209321100047823,18.929295873484104,Charles Schwab Corp
5f045a31-bc9d-4b73-a54b-57be9ccc78eb,1.478506,36.68,8.601744,United States,Healthcare,0.16864,0.34647,-0.45027012,0.028952380952381063,-0.0011758879150745027,-0.31362007168458783,1.9343199965094462,16.001048205378254,0.0474381603985567,1.8112631689605352,Baxter International Inc
4f816c08-3175-4f62-a8f2-0e4c97c03da6,4.4900312,4.62,23.368462,United States,Industrials,0.45851,0.45851,0.29609883,0.0016705646508519134,0.04788476629855687,0.0657678994352342,0.11175457481396467,11.284410625846938,0.17537956596013887,3.674271664764332,Norfolk Southern Corp
989aec2e-5b85-48a0-a0ea-0cb0fc1718dd,2.0838683,1.73,19.890352,United States,Healthcare,0.024500001,0.14006,0.2336055,0.10704683475285304,0.0892710658597784,,,9.80844772619908,0.00416909617879625,0.3722029855602343,Humana Inc
a3b8b794-bc25-4ce8-8091-44eb333829fc,1.5269018,3.94,11.62776,United States,Healthcare,0.35377997,0.78720003,0.49065208,0.019251336898395754,0.0524555754027306,0.171897546897547,0.7040082703643116,3.4506073073411936,0.027622920009620286,2.929848407282679,Biogen Inc
c1e5d637-22e2-4147-b06b-385807ad043c,2.2919893,1.22,12.963447,United States,Healthcare,0.29376,0.43885,0.17049992,0.08270057634251216,0.1128377725427312,0.0940579165099662,0.03722965408067713,,0.08188557263724541,2.677955485215535,Regeneron Pharmaceuticals Inc
a79eb3b2-0c30-4091-a9da-343d347c89a2,22.163757,2.45,20.34936,United States,Industrials,0.29147,0.44122002,-0.016010463,-0.0018960898700595141,-0.00180063767678873,0.02521623780971244,-0.0950155120378996,6.699450084602369,0.025830713782493582,0.9832778690986326,Illinois Tool Works Inc
81c393e5-0521-477f-82fe-375206a343ac,2.388664,4.01,22.002684,United States,Energy,0.42439,0.49446,0.20107138,0.12165562913907291,0.33976491884775595,0.06515286435143963,0.14156248960280315,17.272959080757275,0.17484591792503623,4.144416047539858,Kinder Morgan Inc - Class P
0fdc3740-db48-4449-904a-0c2386a0129a,4.202903,2.39,20.737661,United States,Basic Materials,0.31111,0.31983998,0.065084934,-0.005231145563029949,0.09541294491542351,-0.7939486373650075,-1.7664134616948224,16.640370332164224,0.4310288233796922,3.321673085408975,Air Products & Chemicals Inc
cf4e0b2a-358a-44f2-b52b-72d9596ed5e4,0.77655846,0.19,4.1905584,United States,Industrials,0.4427,0.67403,-0.1641311,0.022187608812713866,0.17389724354442226,0.0397708775594276,-0.5389242288706185,14.062855285193976,0.06976308710428915,5.573973163705825,Global Payments Inc
c979e71e-5c0f-45e5-b4cb-d926381cb560,25.023338,1.95,23.05537,United States,Financial Services,0.48444,0.74432,-0.12842917,0.0888826185101581,-0.0013699057225025069,0.12164889017007785,-0.05751014018176748,5.164918547165817,0.04267750574512389,1.9517337895225406,Moody`s Corp
a54d030e-b77a-44d7-84f1-ec2defb6113b,1.3448925,1.63,10.136039,United States,Financial Services,0.0,0.0,0.19144654,0.10899130184054973,0.11163901371068596,,,,,25.002971859966028,PNC Financial Services Group Inc
3d0ebd19-a956-4589-94dc-7007ba00686e,7.307692,3.47,56.276226,United States,Real Estate,0.44951,0.51606,0.20724273,0.06839276990718135,-0.02893087482035317,0.17002012072434614,0.01670047664494856,15.140822498371154,0.5056687165837483,4.145181775325405,Equinix Inc
bc1c57d7-4f9a-42ba-84a5-6a34dde74b9b,33.638943,1.67,35.98157,United States,Technology,0.36195,0.49979,2.3968027,0.23684089764599192,0.2258621123096125,0.2905819320637595,0.3034518539001867,,0.043806006084512676,0.985024049585202,Lam Research Corp
82582db2-1765-4deb-b35c-ec67c0954248,16.60672,2.32,22.619984,United States,Basic Materials,0.1904,0.49036,-0.17099446,0.020598740177933728,0.02730820869875128,0.08231523651172323,-0.08291539851038032,9.618971208229658,0.03119216189411783,1.0846900916049071,Sherwin-Williams Company
34589a38-be4c-4d36-a5ab-5067a32bfd17,4.5713964,1.96,24.197266,United States,Healthcare,0.30199,0.77866,0.04279852,0.10059935740248527,-0.00684165606619036,-0.017968798453231516,-0.07310784432513184,,0.0412786561825048,2.121059804095724,Edwards Lifesciences Corp
e1d39dc2-7524-4d30-89b2-fe9a19d39407,5.7358327,1.64,20.265053,United States,Healthcare,0.40769002,0.54390997,-0.008419216,0.08903730456166459,-0.02686154838360344,0.10671607225567392,0.06845657501748215,,0.04340317427837462,2.0671631368644094,Vertex Pharmaceuticals Inc
dffa84d2-2191-433d-919c-0da4cbecc34e,1.5141362,2.79,14.278239,United States,Utilities,0.33280998,0.42641,-0.022752881,0.05664632438637085,-0.0854377965425499,0.06899918663758442,0.0018101418235676459,23.424415262354536,0.34410554522898046,4.546316492452534,Exelon Corp
33efd05a-4c1b-48ca-8623-f6581812eeb1,-14.934332,1.28,12.7593775,United States,Healthcare,0.20378,0.41612998,0.09333408,0.07077602934719485,-0.035600639737906725,0.09236695228362546,0.06075737039862683,11.537517571835908,0.06639786376129567,0.7902190161058814,HCA Healthcare Inc
4a4e59ba-035d-4cc5-8d3c-e6bb1bb46888,11.281037,0.25,7.064195,United States,Technology,0.63324,0.58437,6.345768,0.6158944658944658,2.457636569199242,2.8543845534995977,4.531849491781053,0.11308861221686063,0.35052220405661794,1.4998322390958334,Micron Technology Inc
79e8d168-35f0-4137-9da3-29da93914673,4.487054,4.02,17.913668,United States,Industrials,0.17247,0.20517999,0.14766943,0.04362061681453322,-0.029817993097493556,0.46031746031746024,0.9099530667724316,6.780621500188768,0.03212405838262191,1.1809604012501902,Northrop Grumman Corp
50435431-755f-4bf2-9f06-dfd0f910f365,17.725006,1.94,12.658396,United States,Consumer Defensive,0.2024,0.37147,-0.3187726,-0.019888020529569617,0.17702333247136393,0.11561382598331349,0.33006880228663105,7.853178005788305,0.0820246423654078,1.0259271404543762,Kimberly-Clark Corp
edac0050-26c7-4156-a8af-d4eedfe42fb6,1.0883979,0.33,5.3316693,United States,Consumer Cyclical,0.09907,0.111420006,0.49630225,-0.00899591094956842,-0.10538152998807282,-0.06240841306783895,0.009673759601983689,24.06949169387069,0.12920383302218558,1.5434289942673907,General Motors Company
b53d3962-7892-44cc-b374-ddfdb06f51be,2.140304,2.29,18.176563,United States,Utilities,0.40748,0.47243,0.2059164,0.10195863078894374,0.13543707983296216,0.12439261418853254,0.05978105318640159,20.94556350272966,0.45713904797896365,5.017920157371819,American Electric Power Company Inc
109a7977-9646-49ca-8c62-e32c9901e2b7,3.0272381,0.64,13.995824,United States,Healthcare,0.26681,0.68943,-0.5060941,0.17605337078651684,-0.007046009712567525,0.3226072607260726,0.06814785046032812,7.259272389386594,0.05059668029582442,2.0894779597717137,Boston Scientific Corp
ae6187e5-67c6-420f-bf9c-85e1386ced2a,15.335711,1.25,11.116593,China,Communication Services,0.33813,0.64285004,-0.04802686,0.029877659895233943,-0.0026362610618773097,0.06111485833724428,-0.17810772083069581,,0.01822375459723851,1.8762589999439794,NetEase Inc
429ab019-f908-44ea-a744-d8cee62565b9,5.3709354,0.98,9.49159,United Kingdom,Financial Services,0.0,0.0,0.23170733,0.07660054829866159,-0.09204602231445258,,,,,49.24920224713591,Lloyds Banking Group plc
eab810b0-1533-48ba-9232-dad26cef7bad,1.7601461,1.56,13.0615635,Canada,Financial Services,0.0,0.0,0.47337902,0.06314419008354122,-0.12178288253917868,,,,0.05158303543639529,43.359887162492896,Bank of Montreal
e31a09b6-7069-457c-b109-b39b242f173a,1.5141044,0.22,12.099941,Canada,Communication Services,0.35044,0.44957,0.10292077,-0.0028028651510433322,-0.018224870860690245,0.13698630136986312,0.914911993426951,17.96084572637887,0.14988261417085638,3.0563829539982543,BCE Inc
486cb866-6a5d-4abc-b39c-b9a4954d7f28,1.4198958,1.84,53.268295,Japan,Financial Services,0.0,0.0,0.5020633,,,,,,,50.667667068611635,Sumitomo Mitsui Financial Group Inc
8c121dbd-0a13-401c-9431-a3520e558159,8.149799,2.52,24.03722,United States,Healthcare,0.26292,0.6829,0.7183846,-0.006633119853613922,0.06548274665419385,-0.09420289855072461,0.750536631582064,3.004328837855372,0.03505577105476197,1.4492943530058817,Illumina Inc
415e544d-625a-4619-8de4-f1d416d2a1ac,2.4759493,11.4,12.716114,Canada,Energy,0.30528998,0.58785,0.9296411,0.05123932115082552,0.32704748985186116,-0.0143984843700663,0.34263835349513505,1.7959589922801957,0.11412681770730355,1.7665325486738892,Suncor Energy Inc
7cf6b0f7-825d-4ca8-b3ae-5ffb5f83047c,1.5607115,0.52,11.324133,Switzerland,Financial Services,0.0,0.0,0.3493333,0.10223626640738948,-0.08733806115120335,,,,0.046033012927972156,32.187005681058466,UBS Group AG
71991504-e46f-4e9d-985f-82736d9776d2,3.962397,,35.357033,United States,Technology,-0.26777,0.74114996,-0.1565783,0.21889901042167548,-0.25240581525653205,-0.11333842766571411,-0.05680386963430284,,0.02489817972793682,2.3980617387289165,SentinelOne Inc - Class A
92b89079-704c-4f43-886b-062d1e1b09b3,1.7901496,0.32,12.348277,Netherlands,Healthcare,0.11852,0.45199,0.056975245,-0.008145742748637774,-0.029561165881380025,0.7761767531219981,-7.646008418181391,11.241510894568773,0.03797755273872689,1.5138447692259158,Koninklijke Philips N.V.
fb8296f8-17ba-4ae6-b8f7-17d5ba022ebb,3.1185918,6.25,16.408464,Canada,Industrials,0.28318,0.39462003,-0.57351273,0.0682955549013835,0.07322111299071588,0.03457627118644058,0.16627501823190982,3.011520914965289,0.08338770646785681,2.3391621884762652,Thomson-Reuters Corp
070de7c9-5e6c-44d8-a76c-6e73f1bb4841,3.7534626,1.13,12.864117,Mexico,Communication Services,0.39609,0.4336,0.5325649,0.06520453739328635,0.05444629391920264,0.04353458297811086,0.10493818950244127,5.5437683418039985,0.09494019752227556,1.9115124887073647,America Movil S.A.B.DE C.V.
46a27cbd-15e3-4c51-9076-7d0d391181f6,3.0268912,1.9,16.604004,United States,Energy,0.20897,0.17802,0.57732844,0.02720848056537095,-0.15235080888676666,-0.05027027027027031,-0.22352065907275864,5.00705717165069,0.05297865781036839,1.483458068540956,SLB
ffbdc11d-676a-41b7-958c-accdc850aa8a,0.0066682054,0.77,8.148097,Colombia,Energy,0.37415,0.33765,0.5185615,-0.10227255681392033,0.0006155271823546915,-0.19048558666834092,-0.0010688737691729733,9.652877984723268,,,Ecopetrol SA
0ee04082-8d31-4a16-8610-e1becea3baf2,,,,,,,,,,,,,,,,Orange.
9b750b56-a41c-4cd9-9ac2-0b074e4dfd13,1.3015425,,10.669421,United States,Financial Services,0.00754,0.01844,0.8381585,0.13192801884805294,1.2236477872992413,-0.32394208188114215,0.5772519753294376,15.931740378298004,0.0005317881873689944,0.11718100620681834,Gold.com Inc
abb458dc-4d4d-4965-a7e2-b16b62a61acb,1.3468984,1.64,9.3313875,Netherlands,Financial Services,0.0,0.0,0.37156177,0.015473973574532174,-0.16689709847525047,,,,,44.3958203293522,ING Groep N.V.
07ad0229-4d80-49e2-8fe8-7c4c012ebc65,2.248611,2.22,19.880201,Canada,Industrials,0.53851,0.53851,0.042396784,0.03657362848893175,-0.4492078269300277,-0.031754294638209224,1.0990421655387819,11.38492970802993,0.20595302358835746,5.7644489422983085,Canadian Pacific Kansas City Ltd
f5c6059e-dee5-40e4-ba29-bfb392f728fc,2.2024446,1.8,13.88807,Canada,Financial Services,0.0,0.0,0.6579771,0.13664498942254966,0.07687829722907313,,,,0.041629346900577756,39.783549307053796,Canadian Imperial Bank Of Commerce
efca41f5-d2d9-479d-8266-4c146ca5e755,,,,,,,,,,,,,,,,Block Inc - Class A
d70d63f8-176d-4592-a039-5bfc0ed09306,1.9923964,2.36,10.511669,United States,Financial Services,0.21605,0.32878,0.0918628,0.05169294391315593,-0.11168823020313678,,,3.1711745407688348,,2.904294993589277,Travelers Companies Inc
eef35ee3-84c1-4619-a6f7-fafa02e86f6b,1.200968,0.77,14.666187,China,Communication Services,0.19099002,0.43882,0.51630247,-0.030392488262910744,-0.11871268231991494,-0.40633478938557166,-0.9135684720700382,8.685027943282373,,3.4819373888212035,Baidu Inc
502734a6-a0ef-4cfb-94c6-64744d7d4816,2.0717282,1.33,7.922073,Brazil,Financial Services,0.0,0.0,0.18578565,0.0686615446825718,-0.04592584796301513,,,,0.0514885739921337,21.19562065093072,Itau Unibanco Holding S.A.
5f43f6d5-9b35-41bb-957f-da1394a79d62,1.5143566,0.97,6.251798,Japan,Financial Services,0.0,0.0,0.68737864,0.11274329700802133,0.051856068476608286,,,,,65.21717539122547,Mizuho Financial Group Inc
32e437f9-43d1-47c6-aa99-381a732a3a7e,1.808027,0.78,10.469868,Canada,Financial Services,0.31609,0.50317,0.17149985,0.03566860878215139,-6.982870673973,,,,,31.307580942846354,Manulife Financial Corp
11f83734-da66-4f52-a59c-315370d9f75b,5.7317076,1.21,,Ireland,Industrials,0.30471,0.41117,-0.35542858,0.06612085485477892,0.007385413719949829,0.12267627812649484,0.13758578529140553,1.8590852414579913,,1.2232265869605141,Experian Plc
c496e710-6792-431d-aa48-99ce1c23861d,1.4394978,1.72,18.838514,United States,Basic Materials,0.22448999,0.35009998,0.70996666,0.019348117279357036,0.5346991841743123,0.10588235294117654,0.8792156862745099,11.084353322214174,0.07574443340628975,4.250758811203075,DuPont de Nemours Inc
b01bb627-dc3f-4787-9120-de47e3214051,3.1862082,11.74,10.067012,United States,Consumer Defensive,0.18061,0.3314,-0.3983221,-0.018663255645307464,-0.14173332312955034,-0.03829369943613625,-0.3273360604495019,16.335372810563857,0.031337094587679894,1.7832096883168613,General Mills Inc
7c96a1ac-e5a4-4508-b69a-085e646e6c4d,11.083038,3.09,26.035547,United States,Consumer Cyclical,0.14139,0.32562,0.37916505,0.07673449738014448,-0.013184596338566834,0.09969160342929007,-0.1667010272264211,,0.036011204319018,0.6567293586117885,Ross Stores Inc
5a3e642f-5902-4370-8814-c8e215d96b71,9.759076,2.53,33.812164,United States,Consumer Defensive,0.32096002,0.55471003,0.3845787,0.106988540459799,-0.02436472088340058,0.260138119128992,0.031523485255305905,,0.01791511925514511,1.0393727745943921,Monster Beverage Corp
42d3c3a5-8cdf-48ac-a166-34f5c974c389,6.032482,1.07,31.515173,United States,Technology,0.46433,0.62842,0.8593124,0.16893216056548122,0.27991266099484813,0.1961971824620239,0.3818049849884273,4.2236029081780035,0.042008639431425826,4.072559215194827,Analog Devices Inc
52e034fe-58b2-4d09-8c92-2c76b83f5168,-4.3458953,8.29,24.628601,United States,Real Estate,0.64034,0.74191004,-0.15239269,0.05056847315715496,0.02933078777729703,0.020943198260905405,-0.02053142508111372,27.26745112950505,0.07954338585362165,3.969626539432863,SBA Communications Corp - Class A
4a648864-eead-468a-9024-e935a75abde9,2.0581632,2.12,17.193558,United States,Utilities,0.4099,0.45928,0.07907498,0.02944188428059391,0.10155161648176958,0.10856734036844928,0.09831662608438996,21.76749082962415,0.8077651515151515,5.42292343073593,Xcel Energy Inc
0b415bbe-d2ab-4d17-b91d-82de48004f08,2.3490727,1.47,14.003189,United States,Financial Services,0.0,0.0,0.49474156,0.08221053784642351,0.06692479423185094,,,,0.08913944354870622,23.789510602537216,Bank Of New York Mellon Corp
17ccb4f9-b1d2-4b88-b161-088be67ad0e3,12.587791,4.58,29.051561,United States,Real Estate,0.73926,0.81582,0.21600091,0.06718990146882908,-0.0022408232459796285,0.5801479132576488,0.515244027818963,20.22082509448712,0.14053303458390576,5.26448003177289,Simon Property Group Inc
ea5cbcf9-1322-4fd8-981e-9e7185207ed8,3.0429022,2.64,11.420628,United States,Consumer Defensive,0.37028,0.51651,-0.26209116,-0.10478317513493396,-0.15865195197940007,-0.7474218472181813,1.4433526890253146,12.690159574468085,0.0957435134437111,2.3871866983368264,Constellation Brands Inc - Class A
3efb3e6c-6875-4ed7-bf76-1db4b0843558,2.6096728,2.42,18.18091,United States,Utilities,0.38994,0.41764,0.017714024,0.05330062781608108,0.21295464010221632,0.07174439044768599,-0.0133097675741074,21.09942801657513,0.4361117500308171,4.910449139878832,WEC Energy Group Inc
a3445a7f-ff23-4880-9b34-2b4db985678e,2.6487632,1.49,12.847702,United States,Consumer Defensive,0.077410005,0.30661,0.04277861,0.052005441306118394,0.029631308256673927,0.20690474302222417,0.3938564135364707,5.0471223295161405,0.02905044701526371,0.7333232107354727,Dollar General Corp
8fb41cd7-dec3-41b6-ae9f-63f5df398c1d,10.47904,4.26,28.835999,United States,Real Estate,0.70512,0.74767995,-0.054902077,0.029206784405468644,-0.051021317655594034,0.049105525250521476,0.5573573724413624,11.329202592832461,0.06176291848119971,4.14220813191075,Public Storage.
9c497a54-d484-4b02-97b5-64ad37575a02,1.8682727,0.81,16.335312,United States,Utilities,0.41452998,0.42457,0.15300262,-0.0023948908994145812,-0.11876370413495052,-0.09200064903456107,-0.4549349755518952,25.2902660359016,0.782884525966577,7.685613983076616,Sempra
5c4602d4-fe78-4af8-9546-8fc39ae16661,8.0118265,1.08,18.888393,United States,Consumer Defensive,0.18853001,0.35035,0.19437873,0.043769102725047526,0.03492066224975687,0.12724076434971798,0.4502607218648489,7.861034982569551,0.04147081795118937,1.1426543601202281,Hershey Company
f1ff1a85-1f18-4110-8444-3c868d6f49d8,1.0038248,0.62,8.570492,United States,Financial Services,0.31145,0.35534,-0.09758121,-0.023324475937407718,0.04463215458803016,,,3.6924000787332347,,6.1063535336177335,American International Group Inc
9a718966-2e8d-47da-9517-2e994540b3bc,1.7205881,1.32,13.429475,United States,Technology,0.39368,0.69404,-0.4471721,0.12264177747471305,-0.03717899634545496,0.14126924521216666,0.13658623185112884,11.530159210891448,0.01386321659417592,4.2185028724525635,Roper Technologies Inc
4eb631f8-a469-4f53-bc3b-7082d4762e8e,3.533652,3.66,64.18619,United States,Real Estate,0.254,0.39870998,0.4187852,0.3582448242326022,0.2623929409306358,0.15710483901195693,0.21028409723774133,16.395103147283667,0.0026113989477235706,5.308587466937419,Welltower Inc
50cfc28a-af35-4289-ab6b-6f4712f3bd35,1.527702,2.84,13.553897,United States,Utilities,0.35159,0.5349,0.0572958,0.1341860314069383,0.1691561970244031,0.3495615823321232,0.9948886156693568,24.15230325209729,0.29847081816677545,4.425385964522896,Eversource Energy
1a23d14c-6fb6-468f-ad88-e7557dc99a4c,1.3427814,1.12,13.06183,United States,Healthcare,0.01629,0.10559,-0.05329001,0.07129987129987136,0.0059093754749839356,0.10398860398860399,-0.23512078006512027,1.235456137373216,0.004665455650276204,0.45757914244974585,Centene Corp
cf053424-d17f-4276-b349-47aa2cbb13cb,2.4294734,1.0,11.1518135,United States,Energy,0.05235,0.1252,0.4421345,-0.02880616557778548,0.20223552033961045,-0.33253588516746413,-0.06417396914144402,11.415767045454546,0.017786238023511113,0.5759372739256124,Phillips 66
c75ddbec-7305-4198-91fc-bd101856ba46,3.0133998,1.33,16.799728,United States,Industrials,0.12574,0.27552,0.66186094,-0.012325763820368485,0.038556132507343355,0.013820591552850925,-0.10537056928034383,5.165744173430884,0.041878324577693145,0.9525061762892756,Fedex Corp
02e99e8e-4339-4f04-962d-c66e73f53755,1.8942589,2.6,8.290426,United States,Financial Services,0.21767999,0.34428,0.03534174,0.05595528615287737,-0.08801682509310238,,,1.8770888840249658,0.0025962977039292678,1.7602971774383485,Allstate Corp (The)
18cdb0d8-3cc4-439b-b50b-0dd9633e8fd4,4.1503983,0.48,10.044231,United States,Technology,0.14353,0.75701,-0.54259056,0.1451831750339212,-0.036843230869989085,0.4335106382978724,-2.2868490732568407,4.082421399507681,0.016959798994974875,1.8581972361809045,Workday Inc - Class A
f71ea647-f497-4013-8464-d9513166f9f8,14.5961275,0.67,14.055669,Australia,Technology,-0.00836,0.84812,-0.59220403,0.23310842638600127,0.056053824509358474,-1.1245444548453645,-0.8980275466636498,,0.007206410639905821,0.9520629008514829,Atlassian Corporation - Class A
2633b367-bb8c-4085-9941-e90f82113c90,16.474274,0.92,16.767183,United States,Technology,0.26450002,0.92326,-0.20033795,0.1753384439732506,0.07703674567155239,0.28405422853453843,0.19836442562108503,0.8798530954879329,0.010546766396060768,1.5648764640155166,Autodesk Inc
346c4f45-5321-49fc-abcf-e8add0372574,-22.845592,2.1,26.988222,United States,Consumer Cyclical,0.65910006,0.79037005,0.29276323,0.05087902764180485,-0.09826293823406607,0.048799432641496665,-0.010985675213421642,12.817317672585357,0.08407572383073497,3.8058880846325165,Marriott International Inc - Class A
f45aa30b-cc94-48fe-be8f-d9c92a23df78,1.8410486,0.42,7.263788,United States,Financial Services,0.0766,0.23754999,-0.013478398,0.07875262009667616,0.07096434256696948,,,,,9.201890975236342,Metlife Inc
ff4440e8-8a9e-4dad-b934-5923d7a20e12,3.6704462,1.7,18.5924,United States,Industrials,0.32076,0.52669996,0.112644196,0.0299565515664304,-0.0692624802939974,0.1574158325750683,-0.04618211145691342,7.944170472388209,0.024186504617560358,2.300011015855452,Emerson Electric Company
60379b49-58d0-4eba-84a8-3d29d03febb1,28.312119,0.92,13.889567,United States,Consumer Cyclical,0.35153,0.80095,0.20917046,0.15215082315454054,-1.2709804281626345,0.10949445129469781,-8.219211822660098,10.171014223211218,0.07154293898726402,1.5729257348858088,Las Vegas Sands Corp
6ad94f19-0720-49bc-a168-eb09b3a407a1,15.223411,1.4,14.644186,United States,Consumer Defensive,0.054629996,0.18537001,-0.005890429,0.033003603013429306,-0.0650311677920441,-0.0079155672823219,-0.17947015457415716,10.78269396050882,0.009991982289813304,0.32603180057138725,Sysco Corp
96416d0d-2249-4a3a-9e2b-feb94e43248c,6.7392607,0.74,16.535517,Netherlands,Technology,0.37955,0.55632,0.38571978,-0.027350562866656047,0.11666910414859433,-0.09681372549019607,0.8277257626094835,7.231203394149555,0.03915973028091774,2.0863456097085913,NXP Semiconductors NV
1bd771a9-64a5-42ca-abdb-68ca29086340,3.3505375,2.78,9.62055,United States,Basic Materials,0.65445,0.67356,1.1413705,0.45848303393213574,0.46712759960565653,0.8719447396386824,1.5361154986582664,0.057959482309380354,0.11415524821519832,2.2495192886448634,Newmont Corp
2adbe5b9-1195-4b73-8075-580ec808d306,1.0787585,0.2,7.752121,United States,Financial Services,0.0,0.0,-0.051871717,0.21469042612527045,0.29210618504523045,,,,0.043457906466899565,17.098524315347507,Capital One Financial Corp
6aacdedd-82d1-4f98-b5eb-f0c8e0013018,1.5580568,0.97,11.459831,United States,Consumer Defensive,0.26216,0.53777003,-0.14484185,0.08155820467721964,0.039958005522612305,-0.1487540901082306,-0.4254096118417775,15.896218377918945,0.02874173748819641,3.505252596789424,Keurig Dr Pepper Inc
5c565946-9354-400a-960c-0a9bc4705f7b,2.4271474,1.25,9.735579,United States,Energy,0.53398,0.61994,0.23089075,0.008454835648347814,0.3707519450786252,-0.06489609122964968,0.3201133408588631,1.0065945982415123,0.28659312841255496,2.160161233623277,EOG Resources Inc
24638891-defc-44f5-b063-160b985221e7,1.9461148,1.87,9.085853,Spain,Financial Services,0.0,0.0,0.43918478,0.1424281424281424,-0.04862833360962715,,,,0.043788905154320636,25.63460156992817,Banco Bilbao Vizcaya Argentaria.
2cd5792a-53a5-47bc-81bb-3b8c8d406112,3.0178676,4.21,16.306358,United States,Technology,0.2618,0.7739,0.20225668,0.04358352161524981,0.013020074645552882,0.342480770401965,-0.5788922273097055,,0.01344508296024298,2.328472975449386,Zoom Video Communications Inc - Class A
fedf5783-2184-4e2c-bd05-ff3f3e3e3810,0.40258175,0.42,5.516799,Brazil,Financial Services,0.0,0.0,-0.016605139,-0.037880280135183186,-0.07526199379348031,,,,0.07774475424455203,27.540420620766835,Banco Santander (Brasil) S.A.
4cb5400b-a42a-4fe4-a10a-39d4c284005d,0.9028554,1.35,6.6474886,United Kingdom,Financial Services,0.0,0.0,0.27072763,0.05889220391749905,0.04438439048078591,,,,,59.67447785951576,Barclays plc
aec266ed-60da-482a-97fb-8f866d3283cf,,,,,,,,,,,,,,,,Telefonica S.A
5a03e20c-c08e-410f-9556-8568c97a85c5,2.2351635,0.6,13.197278,United States,Energy,0.1701,0.18620001,0.11944449,0.0519812689283079,0.16027295891714588,0.004782146652497321,-0.01325643007590116,15.698815263692723,0.06829780966615516,1.4142403500536105,Energy Transfer LP
d4b00354-d6f0-46da-9e0a-02d164092a51,1.4023799,1.42,16.053436,Switzerland,Healthcare,0.213,0.55783004,-0.2878245,0.04944001614367877,0.009555395124056565,0.008594917787742906,-0.5091804807605523,4.285651335223702,0.0671431233982547,2.964194927755233,Alcon Inc
654808bd-95a8-4d49-9c79-d7d62e9c77a8,-24.922155,1.8,6.9963923,United States,Technology,0.07927,0.20251,-0.28487974,0.0324128531152561,0.21527818741284654,-0.03454894433781186,0.1470362652539875,6.12340147899881,0.014725497736961605,0.7200777285583003,HP Inc
683c967b-514f-41d5-8833-036f641f93a6,2.9798524,1.43,,United Kingdom,Basic Materials,0.32217,0.63076,0.80404186,-0.1879711729160629,0.17231072711891227,0.36725076251420374,1.9287322742743722,4.715648485054142,,2.40121860818268,Anglo American plc
8bbb35aa-b73d-4d99-8e89-180bf5e5be5b,2.053011,12.96,10.614819,United States,Financial Services,0.39533,0.51999,0.04134345,0.05278076988491409,0.057080751390369944,0.1288120824862038,0.3268514229916465,,0.03431471733009966,1.9508699750078706,T. Rowe Price Group Inc
c591f24c-2cb4-4ce6-ac70-1efed4b80edd,0.7482402,1.1,7.597059,United States,Communication Services,0.28878,0.47209,0.14953268,-0.016208759627543423,0.01667556118731961,-1.3095731454620805,0.19629909518396715,15.894672302454376,0.06630928647810476,3.1788543747418667,Sirius XM Holdings Inc
feb0bfda-2b1b-4696-b58f-06830b670e65,1.7643325,0.17,15.782602,United States,Consumer Cyclical,0.15441,0.50798,0.16480446,-0.04144819950789047,0.07832559746256496,0.6045160838834589,1.011656130824944,7.267173581428172,0.012280552852244372,0.7939825801315565,VF Corp
341ae9df-594c-42a5-9096-60c0a21be1d0,3.0710227,3.42,12.992703,Canada,Energy,0.38299,0.48668,0.57002616,0.01650544875719362,0.2395844774263609,0.4200350353597613,0.6252175271902026,4.556163749231014,0.17412574309112122,2.2487315984059655,Canadian Natural Resources Ltd
16858ca2-c9d3-4dfa-be9e-72167c6b9460,,,,,,,,,,,,,,,,Gazprom Neft
18bb3375-afb4-431d-bf28-272bde3b3c8e,2.9895146,2.05,15.445257,Ireland,Basic Materials,0.19923,0.36089,0.046223998,0.052709996626560285,0.02285663102417712,0.09081976417742843,-0.03511633105722778,7.425425230749411,0.07012427666763953,1.504210399665242,CRH Plc
025c38c4-4225-4ffb-b466-7a10ffb5e151,11.954075,3.51,25.742355,Italy,Consumer Cyclical,0.33568,0.51609004,-0.35454053,0.07025959655325087,-0.13969607121277194,0.06585786892375989,-0.2700102098421173,2.034381989386059,0.13497731312043135,1.3535654956668741,Ferrari N.V.
ed15b783-1640-44bc-81be-36f61f36e8b5,12.51274,5.41,26.504503,United States,Basic Materials,0.60826,0.62709,0.9996742,0.17375408889744093,0.376936395929394,0.2778092687789526,0.5878609463556678,1.1859682673549723,0.0996185442498629,1.4295645992809514,Southern Copper Corporation
759e5a50-80cb-48f7-bf39-e2611c6612fd,,,,,,,,,,,,,,,,Canon Inc
186691ca-2ea2-475b-b0cc-62c55f916e59,,,,,,,,,,,,,,,,Credit Suisse Group AG
0a74fa93-39b2-4f4c-99d7-db827b6e3176,4.9770403,0.93,,Germany,Technology,0.26562,0.41162,1.0173101,-0.01959210966232028,-0.07755775225033945,-0.15956937799043058,-0.2219750364424733,4.747821833174159,0.12861204515269098,1.9540930618719976,Infineon Technologies AG
b6ace519-aa41-4aee-8b2c-c0f43f80b07c,4.85507,1.77,25.348726,Canada,Industrials,0.31957,0.42504,-0.19010186,0.06393345947537354,-0.04839430511347942,0.0032553330574245365,-0.038721320366552625,11.238317924636753,0.13304795769329134,2.179560847571104,Waste Connections Inc
385774a2-0169-4025-952a-27c0dd58aff6,1.0163531,1.81,6.260261,Brazil,Financial Services,0.0,0.0,0.24372756,0.07114512180236177,0.21510698012016283,,,,0.12687204622519133,23.822518206083675,Banco Bradesco S.A.
aa695a13-e354-45d1-9487-1e2945e02d0e,2.1725266,3.06,12.560463,Netherlands,Consumer Defensive,0.05901,0.26613,0.017401695,0.007020984064732838,-0.06308135087810285,-0.0032292787944026013,0.06951924909542484,1.1074012111159939,0.012928156368414469,0.5390663541450417,Koninklijke Ahold Delhaize N.V.
23ae6d3d-c28f-479a-a010-3e8c27bebd7f,7.037208,0.94,17.077272,United States,Consumer Cyclical,0.29930001,0.33914003,0.06278026,0.1222935998096597,-0.005982777955754193,0.1898168825368467,0.2632443078142084,17.2104521940983,0.027010115216816965,2.655438470138264,Restaurant Brands International Inc
4976929c-1e91-4b7b-9a63-43f11628dc6f,1.4256835,8.48,7.237219,United States,Consumer Cyclical,0.03991,0.07064,0.24651158,0.04995147311724213,-0.05093184877742862,0.20562330623306235,-0.4504575973161806,72.48825670077815,0.04936769446523428,1.5344238416085483,Ford Motor Company
8a2a3dda-3879-4874-ac0d-99a91f0e1878,6.4578443,2.35,25.163694,Ireland,Industrials,0.17681,0.36561,0.4620887,0.02793371627133001,-0.05402701746515359,0.20537659097118854,0.09358641537868118,8.659027777777778,0.016289444304928947,1.6543404108728152,Johnson Controls International plc
458d4e7b-042e-4881-b629-0414b160fbf9,1.0933411,1.07,6.964544,United States,Financial Services,0.08063,0.28956,-0.056028903,0.0825218523868721,-0.08961259041637037,,,3.7815118409877915,,12.04101819859099,Prudential Financial Inc
08d55fea-34bb-4542-846b-27517bd5694b,1.4474151,5.68,33.610672,United States,Real Estate,0.88232005,0.92597,0.08657777,0.27496625752910364,-0.12918391157162534,0.13557931217852914,-0.10850612229851064,21.134011995951965,,12.027524212892994,Realty Income Corp
e2bfe271-e0c9-4f58-a8d5-c73eced72216,1.5147942,2.5,16.233982,United States,Utilities,0.34952,0.53192,-0.00018978119,0.0885799945489234,0.1732036674074524,0.08905852417302795,-0.06403858389871098,17.05850109552004,0.27673539591056706,4.191678628265647,Consolidated Edison Inc
ba080627-d4f3-48b3-91e7-ba43303c0d35,1.277297,0.59,9.307435,United States,Healthcare,0.30693,0.70176005,-0.1260311,0.07200531346860095,0.027566090079582217,0.013827583100621599,-0.32071647088027366,10.774699995963115,0.03629401578407434,2.740079272904087,Zimmer Biomet Holdings Inc
2ebf9623-8257-432f-8199-7ef042f77e4b,2.2521887,0.21,8.776031,United States,Industrials,0.11929,0.19900998,0.37194765,0.06193150496141131,-0.018399634521970576,-0.09848571103267678,-1.8654604258020993,5.276012818306776,0.06865813469774075,1.24185305243289,Delta Air Lines Inc
b5802e27-19ef-4897-8934-4a5e33937b13,2.1862757,7.17,37.19962,United States,Real Estate,0.60330003,0.62727,-0.13316077,0.048133920119241336,-0.023695371337071336,0.0662693587893124,0.14019372104287053,18.71544777210384,0.08658065799747167,7.1236373417087195,Avalonbay Communities Inc
0e479140-9ebd-4dd4-ac7a-23096f905e7d,4.4107137,0.69,11.919781,United States,Healthcare,0.18044001,0.32991,0.17820811,0.058747160012982746,0.0442616149916204,0.06050368550368557,-0.04624380899685332,18.06864417074083,0.03535353426521107,1.75832726669892,IQVIA Holdings Inc
9d95ee73-a26f-41c1-ba7c-497ff7ad4695,1.8315451,38.89,18.115602,United States,Basic Materials,0.06717,0.06255,0.28694785,-0.061067970472629685,0.15474166714994952,-0.014388489208633115,0.5636346443350052,20.21196161511396,0.05840176912134026,1.5147021310237552,Dow Inc
fc8815ed-44c2-4581-9655-fce7ed2e762e,8.171756,1.75,15.514703,United States,Technology,0.40523997,0.67197996,-0.42132878,0.055586078851145304,0.11300244014442584,0.07530400176873764,0.12013125883320241,8.827238805970149,0.057837701612903226,4.237487399193548,Paychex Inc
3ab54a74-e31d-4e78-b391-bbeb46f1bd12,2.6015894,2.23,14.903495,United States,Energy,0.21324,0.29636,0.08957863,0.2274707246704757,0.40621241276612763,0.17717309145880566,-0.36996601865022916,17.46583233694416,0.09621065298234603,1.8888761679108597,Oneok Inc
d9798658-eaa4-4c76-ba83-95b9e3ba2552,4.345226,0.99,11.393874,United States,Energy,0.07546,0.10739,0.5716399,-0.04439595575527133,0.24896922695722412,0.1014902848519148,0.730198004781243,11.41050901350606,0.027481499515726784,0.6139680351524115,Marathon Petroleum Corp
71384605-014f-45c6-94f2-438db39a434d,2.1891706,16.1,41.18952,United States,Real Estate,0.60787,0.62775004,-0.10469514,0.036932960886079336,-0.025719651847869063,0.0723677078124283,-0.32643471383484945,17.495661678680836,0.11504772468846362,6.694176433954856,Equity Residential Properties Trust
5ab079b4-1cd8-4629-a363-0964c9151b06,1.9283888,1.39,16.087078,United States,Energy,0.51267,0.69757,0.40912318,-0.04910174468820172,0.28481001293948915,-0.022075244803298366,0.26746346475011795,6.512699847643703,0.29826222019039544,3.9358159824314596,Occidental Petroleum Corp
592e85f1-4e7a-49a0-8d2f-087eb4d68b38,-69.02496,2.3,24.493874,United States,Consumer Cyclical,0.22438999,0.51632,-0.047743738,0.06046450221175437,-0.03307196173984139,0.05021875847093504,-0.02197043882484384,5.537126529938517,0.064200822302054,0.8779214380638631,O`Reilly Automotive Inc
e1efebb0-8822-4b4a-a469-dacf5917b662,4.638714,1.06,16.249052,Ireland,Technology,0.25305,0.36071998,0.25934792,0.08942884190596412,0.16023502160041292,0.17536600891152143,0.389715070796789,3.9031918726300656,0.05503851241868412,1.3529364940470414,TE Connectivity plc
b7d3b77b-2f7c-4971-9e12-dc0d583fa196,1.6813294,0.12,18.171204,United States,Real Estate,0.07972,0.78634,-0.5750878,0.1867690058479532,0.10050147829431277,0.256578947368421,20.587748344370862,,0.10638921453692848,3.0794988276670576,Costar Group Inc
18d1ca84-1b2d-40ca-b9be-224e28057296,-5.67123,1.86,20.006296,United States,Consumer Cyclical,0.3527,0.45663,0.0021383762,0.08809113789905942,0.11800988234393484,0.08580343213728558,0.1213736220160202,14.546943177749537,0.04419043063205572,0.8990690413527177,Yum Brands Inc
bb12b014-2c14-4612-ac84-4370c53fe6f5,-63.883316,1.0,16.399164,United States,Technology,0.10090999,0.20125,1.1175184,0.1880460828528676,0.32368503066373944,0.23008029647930828,0.0761134048118286,7.268394583552346,0.02319047390931165,0.8032773249958206,Dell Technologies Inc - Class C
e9c51365-43cd-4e25-bb4d-9a14e3ea0dfe,11.298891,1.81,17.167921,United States,Consumer Cyclical,0.24638,0.71786004,0.6033411,0.07945152192939808,0.1626075357201746,0.034603285564487996,5.773115249530344,6.203217769497749,0.04188211054134956,1.5351387791275015,EBay Inc
fa05a317-aa07-4c59-b312-34cc537bf3bb,-14.761516,1.81,25.015999,United States,Financial Services,0.58621,0.82856005,-0.019086719,0.12938645746010158,0.016123179275515875,0.09998724214691213,-0.07594821516692507,11.054983998306813,0.03882160484353852,1.6986304280123963,MSCI Inc
540b781b-7062-4e9c-88a4-f7d10d15c4be,-42.020443,1.49,15.113583,United States,Healthcare,0.01706,0.03601,0.047040224,0.11651145057478751,0.06572234563628654,0.12489307100085534,-0.613336209617406,1.8464556177647644,0.0020771880348314006,0.20127468702305304,Mckesson Corporation
9290ff22-03e6-4513-a5eb-9b58600cabe2,14.059812,2.68,31.013393,United States,Industrials,0.26327,0.50361997,-0.24534816,0.08857378182209619,-0.03336358107835369,0.12967847837724134,-0.04748976486169454,3.340801408967996,0.037519099663053126,0.9075172262245723,Cintas Corporation
2d220fe8-4787-4f0a-bdb3-d5cd531e9772,5.3611965,3.02,25.845257,United States,Industrials,0.31117,0.43049,-0.1679514,0.034867764471057994,-0.07274825210802582,0.07171398527865414,-0.10004173991218557,10.152069672607773,0.1130278522172038,2.0163971171578665,Republic Services Inc
7f3d4e25-f254-4474-b8ba-fa00b938e942,-6.9902716,3.05,24.557499,United States,Industrials,0.51047003,0.59718,-0.20210415,0.18325581395348833,-0.02967474416034488,0.1980068187778652,-0.09810422854544854,21.6582156582926,0.026833632749812424,2.4941598566119767,Transdigm Group Incorporated
cb3bde4a-0dc9-4a68-a5b5-f809c76ec470,2.9056523,12.71,60.59057,United States,Real Estate,0.4575,0.55342996,0.10375309,0.1004009384032456,-0.005716407624084097,0.21308776050634348,-0.16680467878870142,20.89005457890428,,7.749151970336621,Digital Realty Trust Inc
bf986ce1-48f7-4e5d-8b84-95d7a18703a4,1.9904236,1.18,15.321393,United States,Financial Services,0.32465,0.50049996,0.097528934,-0.03872930270932007,-0.07650419826005395,,,1.3960884353741496,,6.677479019434629,Aflac Inc
bd33c259-685f-4c65-b688-0dd0d3505426,7.4157305,1.25,20.56469,United States,Communication Services,0.19718,0.78967005,0.33333337,,,,,0.7427609747721902,0.029610942196959356,1.6332824742517906,Electronic Arts Inc
ea460f3c-1ccd-4b3d-b688-c25f541b4ea4,12.045332,1.98,27.390682,Ireland,Industrials,0.19597,0.35924998,0.08307612,0.07479005151677076,-0.04551088641976553,0.10933775520779365,-0.17773070839588123,3.2419567705661563,0.015914603945377817,1.0014882508087604,Trane Technologies plc - Class A
5443e047-11a5-4e38-b11d-5ca780f448b2,27.040705,2.12,21.266666,United States,Technology,0.29441,0.51508,-0.0752663,0.08408498697133693,-0.015072789287307709,0.18143459915611815,0.1285641151746233,7.270749590539225,0.022328951321519082,1.4541834873381385,Motorola Solutions Inc
ecce7b98-856b-4701-9d98-140322bf37a7,2.200029,3.81,16.277405,United States,Utilities,0.37479,0.3536,-0.041745007,0.18250728862973764,0.04765660826714302,0.1869274572914088,-0.5673139016420377,19.58957325572431,0.26082537907167846,4.464162754866461,Public Service Enterprise Group Inc
18cfa8a4-af7a-4f43-8643-4ac06c8e3884,10.993844,1.07,22.211916,United States,Technology,0.31545,0.37919998,0.44659185,0.5171224552806006,0.5893018410748442,0.8127268900931235,0.8298016044385146,3.4407622471971364,0.04244936983825545,1.2660507182291312,Amphenol Corp - Class A
c45ee53d-3d00-43ad-bcf2-82a611cdf9fa,2.797239,0.57,8.999754,Canada,Consumer Cyclical,0.24379998,0.56601,-0.63194317,0.048589712664922846,-0.1374353969519968,-0.0831164062582036,-0.36490439514980155,,0.06131914940885228,0.7062741262763107,Lululemon Athletica Inc
0aae2abb-82e0-4f6c-8b3f-53943453c820,,,,,,,,,,,,,,,,BROWN-FORMAN CORP
7b9eca98-2edb-4975-8cfa-b92e5683c727,0.01196911,19.71,10.789867,Indonesia,Communication Services,0.43955,0.59766996,-0.03156048,0.005032972335406338,-0.03710461784895691,-0.0146064826668032,0.040649196686569855,1.23370545459999,,,Telkom Indonesia (Persero) Tbk PT
d32c5b75-62e1-4905-9ae7-8fcbb01800bd,2.3852866,1.18,11.629691,Canada,Financial Services,0.14815,0.40144002,0.13797474,0.11495519531363274,-9.486969564091442,,,1.582785338993525,0.004155085154830967,11.051315806003533,Sun Life Financial Inc
751f3d46-798e-4e5c-9b20-a6db0cdacc53,9.152299,1.82,23.642645,Sweden,Communication Services,0.13954,0.32318002,-0.34257168,0.0965354431187393,-0.04775384223381063,0.5734312416555407,0.7164801060082995,,0.0034228992081160106,0.8029123196637794,Spotify Technology S.A.
9783bbb0-d2a9-4e6b-96f7-5ba75d46716e,1.3315334,0.85,15.440341,Germany,Healthcare,0.13196999,0.25294,0.44049823,0.042103764180946524,0.06345601770042852,0.2901188707280833,0.21195462864914572,12.91685869760699,0.06486556926353526,1.8432088789788477,Fresenius SE & Co. KGaA
4f7c9511-ba6a-4353-b483-a504d4bc001f,1.9468596,,,Netherlands,Consumer Defensive,0.19514,0.36953,-0.13314873,-0.02681600693946662,-0.093023201206478,0.009977104235477485,0.21279769805072057,4.6875781322429155,,1.3761085585331396,Heineken Holdings
f2ee98a4-a3fc-475c-804a-dcebbb0e7bb7,3.0718825,0.64,27.538116,Netherlands,Technology,0.20116,0.33955002,1.3774681,-0.11070917175371164,0.15783786324422477,-0.3798012355627183,-0.10451232506442532,0.8417671115446548,0.17523024177666724,2.0431409933296054,ST Microelectronics
a01cd49d-8d9b-4dc0-a797-1204554ee66c,0.40596277,1.9,17.517307,Sweden,Technology,0.15529001,0.48048002,0.45687652,-0.0587466916776469,-0.0732830138451721,-0.5930726731831704,0.6504153425769259,0.10061332841230951,,,Telefonaktiebolaget L M Ericsson
c5aa0732-1a74-453f-925d-ab07f30b8237,1.45576,0.86,9.62464,Canada,Communication Services,0.42560002,0.44693002,0.3777778,0.06712243629583603,-0.1524038690468732,0.19668900275916434,-0.040030439925573535,16.480541455160743,0.17427310887924774,3.9019262985714422,Rogers Communications Inc - Class B
c0c25681-27c4-4a85-9c62-b28d3a0ca996,0.7970414,,4.9189186,United States,Communication Services,0.0,0.0,-0.6468744,,,-0.06477732793522262,0.42822422727473075,,,,Liberty Broadband Corp - Series C
75876e94-58bd-46a6-b826-9101cfe35df9,1.6526784,0.99,16.90644,Canada,Communication Services,0.25457,0.34764,-0.23159218,0.0066983254186452346,-0.0833689321928539,0.01911523757509559,0.04448316494695048,24.078694153933817,0.12378796277069194,2.9173721973499585,Telus Corp
edc32036-ceff-4d79-9f0b-354161196673,,,,,,,,,,,,,,,,Splunk Inc
df4db807-6bae-4409-8213-20922a36a9e3,0.79631156,,5.528716,United States,Communication Services,0.0,0.0,-0.6439707,,,-0.06477732793522262,0.42822422727473075,,,,Liberty Broadband Corp - Series A
69ce2b5f-a024-4616-9b4f-e5fea6a5d3a5,0.7695217,0.76,5.5165386,Germany,Healthcare,0.13391,0.25955,-0.25900513,-0.006050699980368668,-0.05803569524272689,0.031086858792193084,0.09199040995594521,8.971505964431174,0.04957435811269373,1.6097507726788316,Fresenius Medical Care AG & Co. KGaA
1ce8d83b-c0f3-4d7d-bc92-e1f6b3b47652,1.3676847,0.58,13.410066,Canada,Basic Materials,0.20817,0.32269,0.23421872,0.035153241952872394,0.2681803774190322,0.4594017094017093,1.077133926320091,8.15674737553092,0.07459910049007375,1.957538066987096,Nutrien Ltd
0da4a14f-44a8-4018-b750-23c499a21813,,,,,,,,,,,,,,,,Fleetcor Technologies Inc
e1e290db-69a5-4f96-87ba-ca2a2ce97dc6,0.78463334,,,United States,Communication Services,0.0,0.0,-0.6783042,,,-0.06477732793522262,0.42822422727473075,,,,Liberty Broadband Corp - Series B
69d45adb-82de-4e23-9325-50fefc758eac,1.7137417,12.2,10.389211,China,Consumer Defensive,0.10912,0.55352,-0.003690064,,,,,,,1.8769679697541517,TAL Education Group
0673f5f8-ee52-43ed-b63b-a24520394546,5.691127,,22.096794,Canada,Basic Materials,0.91996,0.91823995,0.39174998,0.6368534482758621,0.7103504460717123,0.7416354998483776,1.8228854998483777,,1.0522105827804467,3.5244887257669393,Franco-Nevada Corporation
9a18f2ef-8cef-41f5-b1d9-5c0ae3555261,1.6993934,2.55,15.488704,United States,Consumer Defensive,0.03151,0.062979996,0.6076784,-0.06151058108266105,0.09065572407100175,-0.2569478303266699,0.13378082430049898,12.17999181586472,0.014283232494204991,0.6573916700161885,Archer Daniels Midland Company
ce820f70-4f7b-4502-a5f1-d11fda28c703,1.9233478,,7.1612234,Cayman Islands,Financial Services,0.0,0.69263,-0.062265158,0.1366886583828395,-0.026598246494387023,0.12110972230607864,-0.12831069012950858,,0.027545240814350107,21.378003804271277,XP Inc - Class A
1e2139a3-ab86-4ef3-a199-7b8cfbc119c9,3.140344,1.32,28.756363,Finland,Technology,0.12687999,0.45359,1.6622138,0.024373576309794975,0.13476455312053526,0.11934156378600824,0.29474536089567105,,0.02955591080384511,1.8373049374699908,Nokia Corp
6c262c6f-8ee5-4ae9-9f8f-7a3e09c8d1e3,1.632877,1.27,11.24867,United States,Consumer Cyclical,0.128,0.21597,0.08372688,-0.02274372898888022,-0.08189546136641901,-0.19296364876717664,-0.0023418342921511792,3.584711561303111,0.004629907406304262,1.0650706167103452,D.R. Horton Inc
a633edcf-a4c8-4ec1-9aab-bc3d9dd3e9d8,,,,,,,,,,,,,,,,Koninklijke DSM N.V.
0a1de8aa-2937-4093-8e1e-a0e20a5c0579,1.8017185,2.24,27.52695,United States,Real Estate,0.50564,0.56131,-0.13843888,0.031429738170159705,-0.031195282079705677,0.07721220533012885,0.43335579322192486,38.515040348029935,,8.170081569493147,Boston Properties Inc
8f8b777a-81f3-4697-bd16-086b95bba4b8,3.6061928,0.73,16.072474,United States,Healthcare,0.30825,0.75526,-0.33708894,0.1620131041815005,0.06656009173582556,0.30585316727283685,0.35962273096737185,,,2.5694679587606126,Veeva Systems Inc - Class A
940997ce-b8df-42d7-9db1-1ad4257b1347,43.2919,1.91,36.224842,United States,Technology,0.44669998,0.61446,1.2926266,0.11493492226159141,-0.024469041075763087,0.1058683935519269,-0.015819305181165255,2.6115938569006696,0.029714825804662625,1.259474514922223,KLA Corp
4e538705-2950-4d00-b530-ed6d3494c356,4.571124,1.17,16.99565,United States,Healthcare,0.27898002,0.523,-0.0153384805,0.06728110599078341,0.07179184828234209,-0.020811099252934895,0.08143227278603027,3.573820279693304,0.057041755647653555,1.766595911261449,Agilent Technologies Inc
3ba0ada6-99ac-4851-96a0-8c398f6534b5,2.9500124,0.98,18.24169,United States,Technology,0.28101,0.63255,0.07300246,0.04266843813076471,0.4049967001397995,0.10907610907610898,0.4445080807260746,9.929843189791661,0.011333050178333855,3.155115267017844,Fortive Corp
423f1bf6-0604-42f7-91b0-e3d011fdc39b,1.7603716,1.36,16.477081,United States,Utilities,0.39218,0.43287998,-0.003997743,0.028493894165535938,0.016656117323767594,0.15104328869511052,0.051832465696237895,19.342552026286967,0.4327749140893471,4.654075386597938,PPL Corp
e61853f2-e05d-45f1-b1d2-546adf7e08ac,,,,,,,,,,,,,,,,Ansys Inc
d8d59454-83b8-4dc7-afa8-7ec65d793399,,,,,,,,,,,,,,,,Willis Towers Watson Public Ltd Company
0e77aa56-482d-4a64-9bc6-0fbbbadbd91e,1.756735,1.03,11.064037,United States,Financial Services,0.0,0.0,0.5552503,0.08154039347007114,0.1707527907882016,,,,0.07635656255727229,26.15853204155812,State Street Corp
0ccdc251-2eb6-4764-80ab-1625231c1529,-18.860954,1.52,18.971157,United States,Consumer Cyclical,0.21371001,0.51875997,-0.14402688,0.059176641581137,0.007356867229358466,0.011141431421180625,-0.06001129780710657,8.12950782826771,0.07340704900977996,0.995439994485139,Autozone Inc
ceec791f-3d74-4a46-b511-3c0c9028bd8a,1.285212,1.04,14.328806,United States,Consumer Defensive,0.048639998,0.06385,0.17377341,0.021234688326549067,0.051812363663449545,0.6382113821138211,1.4604647061166203,10.991143392300238,0.016352540201972285,0.6475767470872154,Tyson Foods Inc - Class A
3e1d3ec6-f589-46ea-91b3-b7a3ee1a9e86,4.348479,2.55,15.689862,United Kingdom,Consumer Defensive,0.16386999,0.35577,0.007554412,0.06968121823465945,-0.03404357955689563,0.09798621931415868,0.13490439211962602,8.109781173438247,,1.1094924129514228,Coca-Cola Europacific Partners Plc
ded50815-5511-48a4-a9b3-c98731ea6fd6,2.9385755,1.13,16.286928,United States,Industrials,0.11598,0.13583,0.13720238,-0.08938817743257588,-0.3082558269917316,-0.19767015226563933,-0.7350627408800324,11.969397414002835,0.04962994358961618,1.5855672648685428,Paccar Inc
669475fc-cdc4-46b3-84cf-0fc77a1d790f,,,,,,,,,,,,,,,,Ball Corp
a83bd963-e1a5-491c-acd6-8c08178d48c1,14.282895,2.38,31.046978,United States,Industrials,0.22365,0.48921,0.4560026,0.009438528557599302,-0.04826734614755401,-0.11012094207511136,-0.06120404289991499,6.068055047412658,0.022262608552842775,1.2749318862315495,Rockwell Automation Inc
4a833cde-4c2b-46ec-a4e2-970c1212736c,2.8776162,2.15,21.696606,United States,Utilities,0.41319,0.46976003,0.31345618,0.08982021612920854,0.23715903667402682,0.0693968137289549,-0.09260848847820502,21.42975003500614,0.646804431574673,5.3796377031028655,Entergy Corp
aa6b1100-a2c8-4c2e-9658-1a6429b52149,2.6187692,1.08,9.472806,United States,Consumer Cyclical,0.26893,0.55966,0.053441644,0.06394628512049882,-0.7133252731999102,0.315680166147456,3.307483444835981,13.563611182898537,0.13233495482169752,1.9020832967194268,Carnival Corp (Paired Stock)
961483fe-f853-4c33-bf35-f28faef88272,4.652256,1.19,16.550703,United States,Healthcare,0.38272998,0.62181,-0.20315766,0.10812580898883373,-0.07209864922631626,0.18960054707546758,0.04263666019796264,0.0,0.02775494010305479,1.5245433890253175,Resmed Inc
65b793ee-2fb0-45d1-b6d3-379450760178,7.900497,0.34,23.03452,United States,Technology,0.26292,0.57735,0.54944694,-0.09531088911799213,-0.08123735736313487,-0.16236441194393658,0.11273001529549087,16.143674462771774,0.01932910490541671,3.137494579533383,Microchip Technology Inc
96aba0a1-583d-483a-9700-dd60ed813326,2.48708,0.26,8.553142,United States,Industrials,0.076620005,0.23006001,0.18134391,0.05335173048177522,0.03210644003158891,0.03262233375156831,2.0288509546077846,2.5110710170395594,0.09700872197400988,0.9991690635866971,Southwest Airlines Company
a973033a-fdee-433f-96fe-dc440200be3e,7.7818494,1.69,20.975916,United States,Industrials,0.14764,0.25847998,1.0690033,0.0010861588140320677,-0.18599633542161342,-0.11688311688311692,0.08748300620999194,4.12050338632117,0.03723372798048074,1.005590941063958,Cummins Inc
3ac6e36d-58ac-49b2-a390-610eb733c6b3,8.0435915,1.15,20.222803,United States,Healthcare,0.26823,0.61504,-0.29128337,0.15048262548262548,-0.09437956435860073,0.4365020619646822,-0.0704752881041868,1.813742894034069,0.07328919189994518,1.4425475733905804,Dexcom Inc
2562cacd-d2c2-4b2a-9129-f6c22242c9e1,1.5439224,3.27,10.618649,United States,Utilities,0.4372,0.58677,0.1924138,0.07718202962418896,0.12783982182514042,0.09302325581395343,-0.6105828788463178,18.39892645134797,0.3389260044719906,4.689211601821079,Edison International
479f8e78-d269-4707-b898-c2f8a48f486b,26.25571,3.39,32.016968,United States,Healthcare,0.3477,0.62053,0.013629079,0.10422003415519265,0.05541782790607175,0.13942918539110272,-0.06411820373445454,2.0428143459835257,0.031934541401848204,0.75649319571151,Idexx Laboratories Inc
84635131-387d-460a-80ab-c52cda65a575,2.1990836,2.24,18.901323,United States,Utilities,0.54486,0.60826,-0.13513327,0.09735269000853974,-0.059643493168399564,0.09775280898876404,-0.0831548568390672,21.59978843441467,0.6576368633494183,6.693899849139525,American Water Works Co. Inc
22d037f1-b3a9-484a-b16d-62b32524ebff,7.135754,0.64,11.73547,United States,Consumer Defensive,0.0548,0.241,-0.042633414,0.0035276605289451535,-0.008485181948358012,0.08737725914330441,-0.24787068486829966,5.784081214997355,0.026110455038632935,0.3525944334078842,Kroger Company
6d604bc3-051e-42ae-ac37-4c0606f08b56,1.3681729,1.33,12.616724,United States,Consumer Defensive,0.09977,0.15609999,-0.34462154,0.01288270627837873,0.04087864746246972,0.02529426907479193,0.20832989301129556,7.116385018551665,0.02533853644297317,1.1039434268882742,Hormel Foods Corp
ceff28bc-fb64-4bd2-8e4b-efa14fb0c971,2.242195,0.68,6.782722,Ireland,Consumer Cyclical,0.21698,0.5628,-0.19096667,0.12026105462732306,-0.8002701339032778,0.6210279005382704,-0.9778829891620429,,,1.3554830846105965,PDD Holdings Inc
b577846d-be3e-458c-8fb2-d396042a71ff,,,,,,,,,,,,,,,,Kellanova Company
951cbd21-28b2-4d88-8052-e22df949ed22,,,,,,,,,,,,,,,,DTE Energy Company. Units
baf7d4ca-6bbc-46ee-b26f-1594d0373bde,-12.247696,3.6,27.935076,United States,Technology,0.69635004,0.8835,0.053382397,0.06369590342879161,0.01825680315587297,0.03756282514769427,-0.033818557298367136,4.96305789507538,0.014377376425855513,0.807182747148289,Verisign Inc
b0711ce9-c2f7-40ea-81d3-c5fcbdd5f040,2.2886972,1.39,20.092974,United States,Basic Materials,0.23148,0.48561,0.1947391,-0.017094017094017144,0.04227724514088993,0.07804493496255427,0.19286658231784148,1.3289060818763558,0.033037062945349,2.3607385186307446,Corteva Inc
2dac164a-60f9-4bc7-814d-28353eb14856,7.608766,3.38,25.346527,United States,Industrials,0.26107,0.37442002,0.27005064,0.04537109887227908,-0.09591045591586367,0.1066260472201066,-0.5613773707122409,6.794487965897567,0.019862151973826157,1.4456686900082742,Parker-Hannifin Corp
74abe4cf-bf42-4a27-96e1-c1519248e6ba,2.3979297,1.53,10.155443,United Kingdom,Basic Materials,0.07485,0.09227,0.2683339,-0.06252442360296995,0.276715631103577,-0.1406032482598608,0.5808740150612043,18.00000051868529,0.056077914136258636,1.1550904489304474,LyondellBasell Industries NV - Class A
ea592d1f-ea41-4762-8df0-82e6f301cb1c,-163.26714,1.9,14.368637,United States,Consumer Defensive,0.18846,0.43846,-0.32920498,0.0011990407673860837,-0.038480148764061806,0.28191489361702127,0.42518740918851494,8.096546310832025,0.028994082840236687,0.8556952662721894,Clorox Company
d5cbf8ac-197a-4027-a488-38325ce4c772,2.3596737,1.94,16.739037,United States,Utilities,0.21476999,0.28689,0.00873208,0.15788288288288288,0.495047434578327,0.022710068130204375,-0.36277281391713245,28.470819897904576,0.2897365974740714,3.200877927685078,DTE Energy Company
fa26a129-9cab-4171-b756-79fc1a2ac54c,2.8231153,1.56,11.8795185,United States,Basic Materials,0.16823,0.41691002,-0.10169786,0.0018933417481854509,0.026554929197842636,0.05467156262749895,-0.16531300389435755,8.100294985250738,0.04745363209708036,1.3722939078113523,PPG Industries Inc
4bd11ad6-1c95-45a0-abc5-842c3a836ace,2.1709666,2.48,18.329937,United States,Utilities,0.44786,0.50451,0.07466912,0.0853349862258953,0.21170367862245798,,,20.76874801954537,0.48847279476445393,5.50561736130597,Ameren Corp
52d52d9f-10e0-44ea-aa1e-4f39dc1b85d8,2.0031085,1.56,14.873195,United States,Utilities,0.33707002,0.68425006,0.022637129,0.11606905710491366,0.08308085580464875,0.03762780316928138,-0.009735633726618564,20.468472460341292,0.3230538450871902,3.633703781761491,Firstenergy Corp
5bfad68d-a4de-4354-b6a7-214a465c5124,2.0965853,1.23,12.302284,India,Technology,0.19056,0.25379,-0.359322,,,,,0.48153583899415564,0.019063093503532014,1.4350281562310376,Wipro Ltd
9c98c574-f063-41c1-9f58-eec397f27c1c,1.9638863,0.87,11.924256,China,Consumer Defensive,0.14591,0.54963,0.05557859,0.1980347490184311,0.23264907587047434,0.39129881164325675,1.9660354828817879,,,1.5048455761118786,New Oriental Education & Technology Group Inc
e7860c54-fd91-48af-900c-7d8a77614139,1.3860891,2.72,3.121806,Japan,Financial Services,0.32209,0.43191,0.78606236,0.1017172047249646,0.06309865063078557,,,19.483514339984225,,5.223653083558937,Orix Corporation
cf8ffbfc-20ec-4374-9699-0fdf23489f6f,0.07078065,,,France,Financial Services,0.0,1.0,0.019801974,-0.31359851036811903,-0.22519505951570018,-0.1701358170221247,0.2513874732233943,,,18.546576356628577,AMTD IDEA Group
2de77d26-aef4-4bdd-8741-a2aefe0d9a69,3.8899148,3.27,11.111946,United States,Energy,0.51104,0.56114,0.056520104,0.04504504504504503,0.06242523429632241,0.10125074449076821,0.10949192837816102,14.574953677106702,0.15406902344606582,3.4734767599230922,MPLX LP
b2609c02-4760-496a-b776-68b88b209cad,,,,,,,,,,,,,,,,Ferguson Plc.
dfe7c670-f991-44cc-bd49-8fc72c3f7ca4,-5.6816607,0.23,7.6271343,United States,Technology,0.15482001,0.71608,0.50421405,0.06884434313381338,-0.059874417602796326,0.7681426367543778,1.5923879157247387,11.498256537462183,0.03423802215845662,0.6131713785090287,RingCentral Inc - Class A
7c5ac0cf-077e-4540-994c-220b0e690ece,1.6735855,2.89,19.268631,Canada,Utilities,0.46212003,0.45509,0.14961123,0.04408273991183442,0.014602081143226586,0.06936626112220812,-0.056371766430820536,23.76848195218152,0.5095218715021005,6.065386282350157,Fortis Inc
4162eb6d-a96d-4063-a3c1-1ac30234426b,11.86536,1.19,13.551454,United Kingdom,Healthcare,0.21674,0.68251,0.015120268,0.05398246695300113,-0.003116589079231513,0.2659529537144599,0.16088774441177178,5.711077844311378,,1.2777012211374938,Smith & Nephew plc
af2ab531-952d-4126-8968-876d99f4a5b0,4.7341623,0.91,,United Kingdom,Consumer Defensive,0.20695,0.36262,0.04986155,-0.004687820064320614,-0.005070095698321175,0.014835352088495568,0.19370817951084462,6.393426294820717,,1.087253934908353,Imperial Brands Plc
688b3bd4-c142-42a8-8902-99380967b66b,,,,,,,,,,,,,,,,Seagen Inc
96976fc5-e7cd-4d0f-b5f2-d4a2e857ca38,2.5806313,2.21,21.58895,Canada,Energy,0.44594002,0.38727,0.30084968,0.053358613217768136,0.5080998069134016,-0.043648404575556854,0.43675728995094487,14.728613013196913,0.10313075680093882,4.6742305443701015,Pembina Pipeline Corporation
84bfd3d1-27ea-4b5d-9acb-be2ea76a1b67,2.3968232,0.12,,Australia,Basic Materials,0.50673,0.41898,0.53469586,-0.034644135489692196,-0.11775957186350183,-0.0346020282346558,-0.1157463155623637,0.061224490269094,,0.4668186378202412,Fortescue Metals Group Ltd
7a579d7a-975e-4fde-ac80-c23c2dceaff6,3.289612,0.99,8.920916,Canada,Technology,0.17884001,0.20468001,-0.41608065,0.032996893927512705,-0.07807302718431264,0.03172408550346595,-0.0007952853666590709,3.7307745861758583,0.01648470164847369,1.1771417580058294,CGI Inc - Class A
79eaae46-0221-4529-8813-ae99f0628ec0,4.1485376,508.87,7.5882325,United States,Communication Services,-0.03972,0.55794,-0.36290324,0.12145828580482787,0.12053083211069149,-0.6640174583840844,-0.8763862334981497,-42.18262607575282,0.03649962869210607,1.236518225708803,Snap Inc - Class A
59b1dcde-4c34-4efd-8749-3ff83acbfae3,1.9840881,0.12,9.286811,United States,Financial Services,0.19176,0.38172,0.017088175,0.06394026682838083,-0.057175641406010724,,,3.055062524094186,0.00562675854960537,2.9605867403759256,Hartford Financial Services Group Inc
d417d3d9-389c-457f-9d4d-d9fc163f3539,5.32228,2.93,23.4534,United States,Consumer Defensive,0.22368,0.45470002,-0.02000624,0.015735782941166843,-0.09008091778862037,-0.01856401856401857,-0.5854590780663627,4.812824207492795,0.02220646510761373,1.4443669880363093,Church & Dwight Co. Inc
14654a14-bbe2-4d8d-961f-fca7e530a4f9,3.3740692,4.82,22.783884,Mexico,Consumer Defensive,0.12375,0.40655,0.1343925,0.07595974845986042,-0.11592040895191635,0.13216234808530158,0.4368991703031444,1.2034485543972837,,0.9485709536566055,Fomento Economico Mexicano S.A.B. de C.V.
bcf1011c-2abf-448a-880b-1d3380958bd9,1.1787311,1.29,9.828582,United States,Financial Services,0.0,0.0,0.09373331,0.043440580652150285,-0.12861169117097115,,,,0.02298603620384397,22.85464522820681,M & T Bank Corp
1bcef96c-2cb7-43f9-b846-056f1fab8909,,,,,,,,,,,,,,,,Amerisource Bergen Corp
f62a0694-a831-4ea9-a7a5-ea61852d7058,2.3878548,1.06,12.88136,United States,Healthcare,0.15929,0.28834,0.002401948,0.06967010919615846,0.03245393061626789,0.11119085739524093,0.41200232777199675,9.018775222903512,0.03036580433796591,1.3044446075014688,Laboratory Corp Of America Holdings
15d0c441-c7c2-42f4-98c7-884e8e238a3d,2.871755,1.06,11.872701,United States,Financial Services,0.30536,0.58827996,-0.27876347,0.093814235862135,0.10420248707247626,0.6522633744855968,1.0632440435649506,12.433689024390244,0.06829866683710584,2.4009636747235286,TransUnion
0c3551ab-8130-43de-b770-065c16f7b708,,,,,,,,,,,,,,,,First Republic Bank
70e6643c-8f7b-4f5d-9226-2658247b9cc8,,,,,,,,,,,,,,,,ViacomCBS Inc - Class A
f2f6aa26-dd33-438e-b688-5e32445daa2f,1.248284,1.82,15.147035,United States,Financial Services,0.18631001,0.49307,-0.03882742,-0.02490244743928749,-0.4651990052823146,,,0.6439137680459918,0.013329335324580135,4.241645498648527,Markel Group Inc
97607751-988f-491d-8fdd-1539a378d694,4.2067,0.71,12.671854,United States,Financial Services,0.0,0.35222,-0.050697684,-0.08981281497480198,-2.066107490394204,-0.041925641315402884,2.420424069728461,,,14.363569974399182,Apollo Global Management Inc
a4db6958-6154-4259-b3d0-4ffe8b1537b3,23.048004,0.43,27.671381,United States,Technology,0.33353,0.45428002,8.503549,0.45466434176111603,1.1218276472472013,6.9753086419753085,12.616918064309369,2.0142566191446027,0.032351191772664184,1.2528020241780329,Western Digital Corp
15009ff6-2a1d-43d8-9845-eeb4d12f01aa,0.9264575,0.69,10.843329,United States,Consumer Cyclical,0.07484,0.16871001,-0.25969237,-0.03539691319644578,-0.14931801675286038,-0.41904814841442983,-0.44962656078115804,4.651626500747177,0.0049006377415978415,1.0316072288740692,Lennar Corp - Class A
00a5e322-f1ab-4c58-85dd-b27f2b813df3,-37.942123,0.32,8.352997,United States,Communication Services,0.3145,0.73877996,0.18275976,0.03414143659808411,-0.015676995945149486,0.009499530277651047,-0.3593618706872239,10.825945482627947,0.017534893739668954,1.2272893637040307,Match Group Inc - New
c3137e1f-83e5-48be-b758-7f1761b4f991,6.822441,1.58,9.873476,United States,Financial Services,0.0,0.56601,-0.09930301,0.09086632981879239,-0.019128165174265854,,,,0.008386829237881298,9.641643849410723,Ameriprise Financial Inc
6623566a-0ad2-4aa0-b72d-01a1e59ebdd8,2.5115724,1.28,13.803689,United States,Financial Services,0.0,0.0,0.5173627,0.13696582298056592,0.13514661928891347,,,,0.0968733182160643,20.74053617938696,Northern Trust Corp
6a537618-2efb-449f-a190-0129342d9722,17.450562,1.76,24.052984,United States,Consumer Cyclical,0.18981001,0.39648998,-0.3753587,0.07407661169295365,-0.06918301243549996,0.023265576506254382,-0.41640916137609296,,0.0578203883625165,0.7486123054068586,Chipotle Mexican Grill
bb9c95c9-58bf-4ee1-98b1-62f07ce8a587,91.083084,2.77,35.844933,United States,Technology,0.33215,0.80304,0.17212415,0.14167702071929877,-0.05921037910865423,0.11493208558579027,-0.247194468505878,,0.05131162598296872,1.4346613879636392,Fortinet Inc
71d81866-5e70-483d-bf2c-8ae4ed22d983,4.273713,2.22,20.579786,United States,Financial Services,0.59347,1.0,0.111029744,0.11648648648648652,0.0455809851815705,0.25815217391304346,0.18098002064806784,10.546019900497512,0.05111644395909896,5.507981372491682,Nasdaq Inc - 144A
34d46f4a-f366-4764-9e34-a50c2791de80,2.2520137,,10.97409,United States,Communication Services,0.21906,0.36843,0.119992256,0.02048050413548652,-0.04671571741882863,0.1610576923076923,-0.28198824832928115,2.9470273847871944,0.02586260117617471,1.4011326516679519,Fox Corporation - Class B
3e0fde6c-c199-4732-97f7-2668a6ebc149,1.7843393,1.78,13.847932,United States,Consumer Defensive,0.19094999,0.38181,-0.37701613,0.017341642250546574,0.11809258539685907,0.022506925207756323,-0.015084472641706093,12.700971848488141,0.030554109065137443,1.9688585374235281,McCormick & Co. Inc (Non Voting)
28d7a41a-82c4-46de-98c6-1ce825511454,1.7841244,1.57,13.317165,United States,Technology,0.22479,0.41075,-0.060202956,-0.021804691239827645,0.12003083664701353,-0.2600716204118174,-0.05339772896415196,,0.07133496469531962,1.9407252028526059,Skyworks Solutions Inc
b207076e-ddbc-4da1-bd21-0e480416035b,1.732488,1.86,32.539455,United States,Real Estate,0.101619996,0.14675,-0.14415097,-0.03074115665356536,0.22604530412391577,-0.13021702838063443,0.6827981263050962,28.478510028653297,0.14004949382886842,2.40791957165227,Weyerhaeuser Company
05a83f15-1c1c-45e9-970c-9be6957527a1,0.48791867,3.24,-51.102276,United States,Real Estate,0.63498,0.6859,-0.39270765,-0.0342757629751852,-0.22474076644631558,0.310822816222593,0.9605322454951609,26.7337522578718,,12.221904341168822,Alexandria Real Estate Equities Inc
c1b41c57-7a8a-4522-88be-e1a668466833,4.160952,1.55,15.392271,United States,Industrials,0.30708,0.56124,-0.43548155,0.07899035174352353,0.11556358438866465,0.08935469571274779,0.20932741037668057,10.042148541318241,0.07874041059607076,1.8927269977080878,Equifax Inc
bf5d5192-bd44-40d8-8588-ba980f653c99,13.922479,1.5,45.413433,United States,Technology,0.23938,0.36383,2.9852483,0.1914163744473243,0.3132973848248122,0.4987961476725522,0.8157720943121827,6.835423486698976,0.08614667982392546,1.8517553563147846,Corning Inc
7f908547-d05f-4b7e-a06d-4d067afcee1b,1.5768661,2.09,6.8078527,United States,Financial Services,0.0,0.0,0.18867612,-0.005379236148466915,-0.17267407938985813,,,,,12.082617579170046,Synchrony Financial
7377f3db-8bfe-46d4-ac5e-a9389acec8bf,3.1785083,3.93,19.23661,United States,Industrials,0.42136002,0.47344002,-0.49077725,0.09492267512387853,-0.14108167220752066,0.07047883891479612,-0.1630798442324699,,0.08523887893938091,2.2184323681231635,Copart Inc
0b020569-561f-41d8-bb58-98af863e15fc,1.24977,0.87,8.011051,Switzerland,Consumer Cyclical,0.15416999,0.18922001,-0.1930502,0.03474864302744374,-0.09239881648775827,-0.09565217391304348,-0.3812939801027949,7.600942067962415,0.03281862738294756,1.162386892798314,Aptiv PLC
65d4f40f-c6f9-407e-8288-6146f9a36d2f,12.593886,3.12,31.624422,United States,Industrials,0.22368,0.44893003,0.04040408,0.08673469387755106,0.07121495563737223,0.08847882659096284,0.07475981316736346,,0.02943336289294186,0.6039228600343338,Fastenal Company
d7a6dbe0-a8d2-4968-be1c-94829d3d31d5,4.6971555,3.16,22.272232,Switzerland,Technology,0.29026,0.59139,0.10175693,0.15064802491002327,0.0665557268360335,0.26816697527445,0.2026856200988938,,0.03979161661961043,1.4333327811115137,Garmin Ltd
f8fe5035-ae83-4300-bc4f-8879e4edbe8c,4.1030393,2.86,24.69813,United States,Basic Materials,0.29048002,0.27684,-0.029636621,0.07056095555226016,0.010409091457703967,0.0655777669429547,-0.269954995845312,7.39982880137571,0.08511113316134154,2.0876693044254813,Vulcan Materials Company
1b18ffbb-11e4-45cc-9e0b-b26325383fea,18.174538,4.07,61.164707,United States,Technology,0.15529999,0.73502,0.24976838,0.14931324767390342,-0.10356324055657917,0.5206831714196176,-7.5403213551217245,,0.04125941314609629,2.377672232097492,Palo Alto Networks Inc
62cd2b3b-f265-4f33-85cb-c10b8e4c070a,1.5689718,1.8,9.65491,United States,Financial Services,0.0,0.0,0.19843078,0.06611070824268794,0.2629571307067122,,,,0.08200000466488916,25.953029254216776,Fifth Third Bancorp
40aa6948-f90c-476c-803c-bb8b0ab61db4,2.7140613,0.83,12.711046,United States,Healthcare,0.21741,0.70147,-0.14926422,0.022198734595111458,-0.025183132367008865,0.014744149075789914,-0.017355037248004468,,0.025012274460259703,1.5130881169091146,Align Technology Inc
67388402-8054-4ad4-8730-fde99662d253,3.9703703,1.08,8.041918,United States,Consumer Cyclical,0.06241,0.22482,-0.21396649,-0.009607112130771478,0.06539640046312767,0.03164556962025311,0.08454597093364236,0.09915450141882251,0.016886138158133245,0.3648089442920285,Best Buy Co. Inc
eb62233a-912b-4bb1-9252-316c655f765b,4.783795,2.95,25.864395,United States,Industrials,0.31856,0.36681,0.25302398,0.06626193240918687,0.04085256189795139,0.06719528994710378,0.0006309561417086051,2.8380629571891465,0.017459107788873218,2.100203804267709,Ametek Inc
5730fda1-b712-4a9a-80da-8608888d5b7b,4.7356734,1.11,12.168815,United States,Consumer Defensive,0.11906999,0.36693,0.034291625,0.04751774317535795,0.015423473156910505,0.17101090188305257,0.2884120868518051,3.7440399950556658,0.05841807541089663,0.7572533176488419,Dollar Tree Inc
8ed516f1-2474-4447-afa6-0aed90ce707e,14.397545,3.3,37.016506,United States,Technology,0.36433,0.86079,0.08410859,0.14123200059294194,0.038304632085017554,0.1386606861066746,0.031006036943926008,0.7444549593306015,0.030320444589552655,1.8702462994522309,Cadence Design Systems Inc
eb10c41d-01e6-4ae9-9e12-ef64f6e820c9,3.1596506,7.02,45.131844,United States,Real Estate,0.65033996,0.68883,-0.06782085,0.06292998361681934,0.004474476827037943,-0.03585373573726769,-0.21712965393419537,20.95220925703143,0.06725357036896987,6.686881755651713,Essex Property Trust Inc
3ca03c9d-ff7a-4311-a743-2a37c9a189fb,2.1605473,0.86,13.464528,United States,Financial Services,0.27891,0.42929,-0.4184457,0.1769085561026812,0.028648205070529675,0.2971014943457607,0.1740518762081743,5.879545454545455,0.010212706291145176,5.352007469726079,Arthur J. Gallagher & Company
1865855f-917e-4922-b481-367be2a6c5ef,-497.65558,2.16,20.154392,Switzerland,Healthcare,0.29771,0.59186,-0.10996461,0.03977883260367521,0.07330172932891676,0.04395474315916981,0.06031712360829622,6.864435082608659,0.02619308304963704,0.8477992192334977,Mettler-Toledo International Inc
692160a1-e1e3-401b-a88d-563d7f7a4aff,1.2865777,1.39,12.161272,United States,Industrials,0.10973,0.30622998,0.06400454,-0.015313327736451998,0.09600463010473148,0.08832380379175442,-0.039601908383815165,14.634041000126047,0.018172030685984285,1.4293733313243961,Stanley Black & Decker Inc
ad330dc2-24a1-4576-adbe-209a094d4b9d,3.2387688,1.72,103.286995,United States,Real Estate,0.37435,0.40493,0.33531833,0.18474103551676535,0.1307939380699601,0.14542005220495202,-0.05742297645057981,21.600934101250665,0.11005443192550629,4.444700951000535,Ventas Inc
b9951710-718c-4ff8-8209-0b1273b40081,9.646223,2.07,33.695023,United States,Technology,0.22653,0.61864,1.1441913,0.07953404298051825,0.2245475582644887,0.16491228070175445,0.12710509733691522,0.7908242612752722,0.022899417932589705,1.9362338608848157,Keysight Technologies Inc
3278b5e4-79d7-4ccc-bb79-5ef986ae8505,2.5236409,32.46,11.523214,United States,Communication Services,0.21906,0.36843,0.16197813,0.02048050413548652,-0.04671571741882863,0.1610576923076923,-0.28198824832928115,2.9470273847871944,0.02586260117617471,1.4011326516679519,Fox Corporation - Class A
18879d7f-ff17-4ea3-8440-def959b8441c,0.6536098,12.91,15.537279,United States,Communication Services,0.07112,0.66490996,0.06346667,-0.10182972340577856,0.32030302843589353,-1.4254997781005407,0.7874762387042182,9.257821252605076,0.009863793866560862,3.052073659738567,IAC Inc - New
7bef7242-04c4-4e82-b519-412bd0619238,,,,,,,,,,,,,,,,Healthpeak OP LLC
0eb02c94-ef3c-4a3e-b0f0-5987cf29c716,1.6119097,0.45,7.7668943,United States,Healthcare,0.19469999,0.51155996,-0.12792462,0.12871371431875156,-0.12592242041598634,-0.11971790951901728,-0.5131840387480225,,0.03550856821596841,2.4100247085352597,Biomarin Pharmaceutical Inc
a87fcf18-b3c2-46fa-8f7c-feb2e92863c2,1.0829653,0.43,,Spain,Energy,0.10398,0.29479998,0.9578947,-0.039581947410804896,-0.21016092476445047,0.017974421016246023,2.067346226387691,1.936153720922538,0.07964244791978753,1.236531229182792,Repsol S.A
d82ea6d0-f7a7-4070-8a93-4ffe55587fb2,2.995064,1.18,13.959352,China,Consumer Cyclical,0.15099,0.20419,0.019032717,0.043705211005927724,-0.1035411052235633,0.05847255369928406,-0.20184490661817622,,0.05179118033303255,0.9059733550109792,Yum China Holdings Inc
eab42c86-892e-42dc-9acd-2ec7c69c6ca6,1.3028461,1.91,10.576701,Singapore,Consumer Cyclical,0.26621,0.80577004,-0.26065576,0.19734891035722302,-1.0501363346091024,0.9585975382320029,-0.4810505220606762,0.0,,4.1587151616703055,Trip.com Group Ltd
76b37afd-9dd1-463e-998e-0b2a30de637f,0.6332924,1.47,5.65379,Germany,Financial Services,0.0,0.0,0.08193278,0.04058874458874451,-0.0690838133006011,,,,,47.83881064728097,Deutsche Bank AG
b518593e-63ad-4538-9c6d-a2fcab93b168,2.822766,3.51,-26.718594,Canada,Utilities,0.48683,0.52577996,0.3886869,0.09036759700476504,-0.11118416633303685,-0.06407097092163627,-0.5131554522161292,44.55879402275257,0.9933764089688897,15.527755404300736,Brookfield Renewable Partners LP
55e70370-053c-42c9-a23d-34586567efc3,2.170855,,10.0,Mexico,Financial Services,0.0,0.0,0.21555555,0.12166279004122449,0.03244967475567062,,,,0.06941584941846805,18.26975284778714,GRUPO FIN BANORTE SE
90113ab8-06cf-44d9-b5bd-a706b1e9322d,,,,,,,,,,,,,,,,Avangrid Inc
e61e0aff-ccec-4ebf-8cfa-058b24a8f7a7,1.3905153,1.55,11.873414,United States,Healthcare,0.26479998,0.65444,-0.27225006,0.061573546180159644,-0.024510361448905726,0.1472438031816501,0.13904988034109023,8.7152088027773,0.09037044034305405,2.987216342024701,Cooper Companies Inc
1756d304-4289-4b9d-9e27-5ab9177096f0,4.3039026,1.26,16.995382,Singapore,Consumer Cyclical,0.09951,0.44267,-0.45778024,0.3637723986623913,0.31446560785891453,0.8463644997581965,3.1167127893062414,0.5887644198919793,,1.045905497114962,Sea Ltd
0c215755-93ff-4bc7-a821-0d7988d6e250,1.8614297,0.16,12.397338,United States,Healthcare,0.21297,0.55332,0.012331247,-0.007530186441459863,0.5589480336063337,-0.3516579093878507,0.5422078232587587,17.335492239602264,0.0447807571445931,3.4510571019749228,Teleflex Incorporated
a0e12d35-20a8-49d4-ba12-7626534c69bb,1.6840036,0.96,11.426907,Netherlands,Basic Materials,0.107939996,0.40066,-0.16169268,-0.051629166277658456,-0.0725536736076039,0.13438170121515358,0.018141600363336563,2.7705223880597014,0.030309133603801598,1.4716040965207922,Akzo Nobel N.V.
b3a820d4-cc6d-46c0-aa52-b44ecd36478b,4.9200783,0.57,9.4313135,United States,Technology,0.10503,0.79576,-0.47749424,0.07807773764189974,-0.01621176611071995,0.3255252902241377,-69.4830693937629,,0.033062587029662124,1.2508863829699133,DocuSign Inc
1603cb17-b0fc-4d6d-a2d5-0da6f36db255,8.942968,2.69,45.325012,United States,Industrials,0.27298,0.3962,0.02742505,0.1626305937601178,-0.2000466485807928,0.2167935503826468,-0.13845164174436886,6.655912538486792,0.01490200324223666,1.8435652118792707,Heico Corp
5a66232a-c07d-4c87-bb32-171ed76ca325,2.1919758,,7.3568163,Mexico,Financial Services,0.0,0.0,0.15593731,0.12166279004122449,0.03244967475567062,,,,0.06941584941846805,18.26975284778714,Grupo Financiero Banorte
4e374f99-2374-45d5-a216-d5c45b3f43cc,2.0974076,0.89,19.549442,United States,Technology,0.0853,0.77355003,-0.3453812,0.11839080459770113,-0.09958551402447324,0.6964285714285714,2.0423136491799374,1.461847389558233,0.007194244446580457,3.2420348723911503,Okta Inc - Class A
b9d2fa31-05cd-4826-b0d5-deb3c74eca9d,1.4888394,0.62,9.199112,United States,Consumer Defensive,0.17406,0.29610002,-0.4360203,0.029817249118307076,-0.13791731425983855,-0.15280898876404492,-0.28738593746491103,15.298224969040414,0.044037062024995924,1.500722298681012,Campbell Soup Company
a1723be8-efc4-488e-a6cf-84d272bac476,2.1969094,4.55,9.720366,Peru,Financial Services,0.0,0.0,0.63467705,0.10980049838917405,-0.05045479089735916,,,,,11.980769432869016,Credicorp Ltd
a7bcbcf0-8e46-43e8-91a8-59e11461a7bc,15.291354,1.99,25.34148,United States,Industrials,0.16785999,0.39150003,0.15635991,0.045083876980428705,-0.037001754750593197,0.004279600570613384,-0.19442072471674687,2.300810420503036,0.03721841254261234,0.4816220380377156,W.W. Grainger Inc
44dae3c6-d5bf-4a47-a829-29505dc7f91d,2.1375442,9.42,43.112583,United States,Real Estate,0.43611,0.5323,-0.024309218,0.00767720049991083,0.3114012677390817,-0.03734671125975475,0.4901019637877264,13.646897791099628,,5.455527990992556,Sun Communities Inc
c15d8261-3513-4c52-b779-ed3da5c14bed,2.8671744,1.76,14.502732,Denmark,Healthcare,0.34094003,0.93309,0.3151635,0.3058577405857741,0.04711484099716601,-0.04843304843304841,0.12871465099521173,2.67593984962406,0.01409894921874718,2.111253559374578,Genmab
dd6dfab1-f618-48cd-aaa1-2bb642d16a7b,3.7622683,4.73,28.214565,Bermuda,Utilities,0.42455003,0.27040002,0.15034854,0.16858308605341255,-0.07429485114766865,0.2298490458558815,-0.29672789309920833,22.966838978794872,0.29930441553866305,5.056947192524915,Brookfield Infrastructure Partners L.P
f5477612-f994-47b0-827e-60aff52b93f5,5.513061,0.83,10.613245,Ireland,Industrials,0.24270001,0.29826,-0.01130259,0.08617193836171944,-1.158240567626741,0.32388289676425264,-5.0868782580913905,,0.1237458375994432,1.1092879185229965,Ryanair Holdings Plc
77d60d5d-bb36-4fcd-a1df-530d627ec230,,,,,,,,,,,,,,,,Kansas City Southern
93976c3d-67fb-4664-9ef6-07bccec52124,4.6142116,1.19,10.851516,Israel,Technology,0.31687,0.87663,-0.43342012,0.06224375698844575,0.011581010526293678,-0.01654846335697402,-0.13063472304520463,1.228787403322108,0.010377358490566037,2.431531204644412,Check Point Software Technologies Ltd
79f85abc-ca46-45b7-97c9-548e8aca62f3,1.6586926,0.42,8.587889,Luxembourg,Basic Materials,0.07084,0.074200004,0.9285027,-0.017440463797825156,0.18942809034449182,0.17615981508997858,0.6167261361573675,7.39585715304686,0.07484156183592168,1.5868878413451746,ArcelorMittal
1e008209-a5a4-4136-b838-a874be6693b8,1.9208817,1.2,10.927402,China,Industrials,0.28311002,0.24993,0.247504,0.12314517780673273,0.022818830521586397,-0.02362705645343366,-0.266364835146612,0.9214953545881815,,1.88058209728324,ZTO Express (Cayman) Inc
0ec8399a-29b9-4f4a-93e5-2ccf2d992487,3.8747435,0.37,30.061749,United States,Technology,0.08295,0.48719,0.70718896,0.13664851517574106,0.11433478644301798,0.9523586658774623,1.8115130147069074,2.364525039771077,0.012439679916448508,1.8347215081319197,Twilio Inc Class A
53179502-a1d7-4211-b016-e3bad56d8255,1.3913525,0.35,7.936696,Canada,Consumer Cyclical,0.099379994,0.14579001,0.649372,0.0009112788279552753,-0.10001274766479162,-0.07171209314633498,-0.6691852335515983,3.543271409049277,0.029866262054174586,0.7629542208574239,Magna International Inc
56b8ea0d-b976-4ce8-968a-e7fa0c331773,,,,,,,,,,,,,,,,Liberty Media Corp (New Liberty SiriusXM) Series A
ecfc0caa-a558-4eae-a5e5-b18865e2f39d,2.2634237,0.67,8.615802,United States,Technology,0.31786,0.48027,-0.19335496,0.0689103729010685,0.046379526752015954,0.03755891594658278,0.019460079759695992,13.029862475442043,0.048552783103728396,3.103358073092248,SS&C Technologies Holdings Inc
80ffdbb2-b376-4c5d-b318-6d32001ec95e,1.967607,1.47,26.20745,United States,Real Estate,0.83485,0.93744004,0.18021369,0.08431173871680553,-0.06837770869678761,0.029529295680266632,-0.0011063680963092626,23.31328069626107,,10.356653976358732,W. P. Carey Inc
4b6aeae6-88e8-42d8-9b96-127328a67fb1,,,,,,,,,,,,,,,,Liberty Media Corp (New Liberty SiriusXM) Series C
3ae69b3a-2156-4dea-9984-f7dc73c869fb,2.919545,1.12,10.900793,United States,Consumer Cyclical,0.26893,0.55966,0.3225807,0.06394628512049882,-0.7133252731999102,0.315680166147456,3.307483444835981,13.563611182898537,0.1323720234364935,1.9020832967194268,Carnival plc
7264500b-4df7-49ca-a44a-90d492bac9eb,7.1160264,1.2,13.008477,United States,Consumer Cyclical,0.37535,0.50914,0.024642706,0.11327831957989498,-0.45911987046535385,0.21458923512747874,-6.211427025035123,11.481599323436003,0.2882858265497327,2.206058206751539,Royal Caribbean Group
7ed02953-454c-4147-96bb-73965ca31125,7.787003,1.64,15.614378,United States,Consumer Cyclical,0.14795,0.43047002,0.2052964,0.09713169330434512,-0.0007000325576258515,-0.043757015067514726,-0.018946327946502972,0.21442220940518913,0.03508717225821933,0.5371845072153988,Ulta Beauty Inc
49f75021-6acf-42c9-9290-21924bdff104,1.7755605,0.85,12.14554,United States,Technology,0.13681,0.32071,0.8957617,0.13838085438311154,0.16181313140845122,0.0,0.23630172874373612,11.923722193504384,0.06527152438462591,2.0764066546308535,Hewlett Packard Enterprise Company
d5b48a4b-19e1-4124-ae12-5043670e3f99,1.4142114,1.05,9.467597,Bermuda,Financial Services,0.29817,0.39369,-0.01240015,0.13963378617838162,-0.4302693688243744,,,1.18043074029974,0.002174242870625671,4.028164146241723,Arch Capital Group Ltd
21077ab8-ba96-4a7e-bf3d-0dc4688d4045,4.6423044,4.24,16.951113,United States,Basic Materials,0.37027,0.38636002,0.6239691,0.06591588546772942,0.014778744152301515,0.025655037186794738,0.024941690352741075,2.0765613684043824,0.17009197105871623,2.152728874254421,Freeport-McMoRan Inc
9f4058b9-fed3-4514-95a6-c967c9564495,1.455317,0.5,8.540702,Switzerland,Consumer Cyclical,0.14425,0.19143999,-0.22266948,0.10036656891495599,0.7640639063906391,-0.044324324324324316,0.7676020070846468,17.374883196498757,0.040874267452370154,1.6768927348065674,Amcor Plc
212c13f6-f250-4793-9a3a-d1c3590cc9ce,2.8120856,1.44,15.989615,United States,Healthcare,0.19738,0.33277,0.047664523,0.091628959276018,0.15547596929321927,0.11885245901639352,0.16720410736804192,9.575921485048495,0.04646213814974697,1.442276983098825,Quest Diagnostics Inc
afa5271f-468b-4a6e-8f6d-b726a72b828f,1.8270125,2.24,17.684729,United States,Utilities,0.46213,0.52331,0.19934452,0.06156276097454705,0.079437227612561,0.04676753782668497,-0.06963954748308954,21.178363345742643,0.46376932734669923,5.50318377402791,Evergy Inc
d7398633-f825-43cf-8364-1745111e4269,9.609234,2.9,32.882584,United States,Industrials,0.31307,0.38946,0.18361402,-0.03175629489466825,0.008166197571337519,-0.06410068033862709,-0.023526184167443787,0.10791274183750306,0.07606611931581402,1.0093596611215365,Old Dominion Freight Line Inc
ed9cad03-010f-4bf9-a930-904663151cbc,5.112703,1.33,8.921127,United States,Technology,0.086540006,0.21572,-0.45718998,0.06788039259573209,0.19236693666958604,0.013089549137751844,0.06380082346065741,10.29214980390597,0.005090636194579678,0.6870274146745248,CDW Corp
7a66b416-9676-4565-8cee-91ec4e65bfb5,,,,,,,,,,,,,,,,Warner Bros.Discovery Inc - Class B
4651a387-4b86-4bac-90ca-ba200a2792b8,1.6372992,2.19,18.122658,United States,Financial Services,0.28218,0.27938998,0.102484226,0.1157443491816057,-0.4099298851624442,,,,0.0014696782178217822,3.1254254331683167,Cincinnati Financial Corp
62618050-aa46-4cbd-804c-c37016aaca90,2.1391037,15.97,5.6960607,United States,Communication Services,0.15921,0.18431999,-0.07965177,0.1008853280302886,0.6634491265554889,0.08055050421557275,0.5659956029229152,4.400595589513336,0.009155384096584639,2.043027744369431,Omnicom Group Inc
d741b0d8-53e8-4642-a18e-23476829feed,10.474922,2.08,32.611984,United States,Technology,0.32088003,0.51023996,1.8275256,0.22080994827775946,0.49045525633100884,0.3131242333975819,6.450956309189627,3.8698233015794017,0.04376052556569859,2.5771331321768627,Marvell Technology Inc
3e9b7de3-8126-4e2e-8a3f-a220d52cd13b,3.389282,0.36,10.532259,United States,Healthcare,0.28893,0.52766,0.49365306,0.208736268850354,0.12006281794915252,0.43061365721661504,-0.10269065856109716,,0.01788801416843238,1.2333845272737118,Incyte Corp
5bae169a-3b9e-475d-a698-55ea7549935c,3.0854652,0.53,13.053375,United States,Financial Services,0.0,0.55542,-0.22726911,0.5108904849377254,-1.686132698716509,0.1096105133266283,-5.950144060000423,,0.0063407033462535315,15.400313736700026,KKR & Co. Inc
397d33a7-3bba-4fca-87a7-d4509be6c05f,3.103578,2.46,9.388136,United States,Technology,0.13873,0.17906,-0.22465992,0.036513545347467646,-0.035867671657255906,0.13195098963242224,0.2657490936284208,7.183028286189684,0.007732702206460235,0.8074758865630333,Leidos Holdings Inc
05c8b048-dc50-4cf1-a828-a08a55bfc3a2,3.7894645,1.76,18.184202,United States,Industrials,0.22534999,0.40041,0.13067973,0.04475420509071304,0.12087223887008214,0.037616317460472226,0.06443307492262551,3.548833810554593,0.028004252985644015,1.6156448208358523,Dover Corp
8a0f7332-3ecc-4270-9ef0-33e9e8e7e2ba,0.88923675,0.38,13.219975,United States,Consumer Cyclical,0.0374,0.12139,-0.45667207,-0.009522210356176286,0.08815398494462234,-0.12331104090770895,-0.37297451261907355,68.97389870796846,0.01949156566245662,0.958351558041565,Carmax Inc
0d1f56db-2bdd-4008-80e3-95fc33fbaf5d,1.0818348,1.58,11.301545,United States,Consumer Cyclical,0.16462,0.29687,-0.4006734,0.13430851063829796,0.3766411036159455,-0.06483126110124338,0.5334696440398268,8.558522448778279,0.08397354192009696,1.6160182280812005,International Paper Company
2862d1a7-00bf-4a60-9e55-8d5ba6f5bf95,13.254598,1.83,31.93581,United States,Technology,0.43638,0.63537,0.46814895,0.28595907526666764,0.013711819807368908,0.3066919443890108,-0.110725567854989,,0.014995005443813141,1.9487353563390684,Arista Networks Inc
27cc8f22-b2a2-4dad-96df-5523e2f263ef,4.0298185,4.97,13.252076,United States,Consumer Cyclical,0.16781999,0.22489999,-0.2392692,0.043327967229791486,0.07608191888256866,-0.032317050714185336,-0.014323865681472148,,0.0024712382234991755,0.60569082868811,NVR Inc
d0192cb2-19e2-4b88-8d59-1436969f20ea,1.8248938,13.14,41.005993,United States,Real Estate,0.53698003,0.57181,-0.18808138,0.07674451686854877,0.001663425800627838,0.03651984633902261,-0.11552705627249726,22.19268005685855,0.0895445337841659,6.7302953857958085,Invitation Homes Inc
82927a64-5035-40b5-9184-f62810785db3,7.6423407,1.2,11.140148,United States,Technology,0.32048,0.87597,-0.47585887,0.08947536108751053,-0.15375159209127442,0.1700562527044569,-0.043227575678381314,0.7768336314847942,0.1284697319234478,2.4720390429959154,Paycom Software Inc
988bd785-b7da-4a31-aac8-a4641d08645d,1.3082137,1.99,9.783089,United States,Financial Services,0.0,0.0,0.2759248,0.10730858468677495,0.22273699345421016,,,,0.01513678669195311,25.897514464302308,Keycorp
e5032606-8e43-4240-8beb-70c46238554a,2.969921,2.62,24.184488,United States,Basic Materials,0.33228,0.29748,-0.016772568,0.0861886259272342,0.2224335466474613,-0.005847953216374324,-0.08399064857311267,9.92085308056872,0.11968503695752997,2.989409388559937,Martin Marietta Materials Inc
6e7fb0ae-7458-403f-a067-4d002912e034,-16.197826,1.21,16.29729,United States,Healthcare,0.01593,0.037550002,0.26868582,0.10658652837607763,-0.019981404268300418,0.3634468380820013,-25.38033826638478,5.08788198579091,0.002460765334168646,0.2224679428243017,Cardinal Health Inc
b331ad81-1ee0-46c2-8f8e-8760d46b4ad4,4.4736996,1.78,20.984936,United States,Technology,0.26882,0.58284,0.93758833,0.0543718029408935,0.0003810147703910971,0.01734713282385658,0.0792745945636627,10.507370418601454,0.1920712421248119,2.5096551740747923,Akamai Technologies Inc
fd83985f-ea57-4755-8bf8-36f6fbafd5d1,1.8984236,6.5,6.5962358,United States,Industrials,0.13041,0.33795,0.18099725,0.06228940558854745,-0.08924449729778217,0.08503575076608794,-0.07578785217174766,9.10500929002387,0.10440750770239703,1.285309673764678,United Airlines Holdings Inc
f1e94026-ef46-4aef-beca-8144d4ff53bb,10.07066,0.92,21.756594,United States,Consumer Cyclical,0.1074,0.43879002,0.086924314,0.09327772584579308,-0.030120290391756566,0.24271596356506286,-0.12583367285001956,3.9257457511876694,0.0936590864297512,0.8083621301745841,Burlington Stores Inc
5ff3292e-0fcd-4136-b580-f4599332ef5a,0.98829323,0.81,14.285714,Japan,Financial Services,0.0,0.78305,0.34228194,0.2049455479965493,0.20525589133110556,,,,,27.35672639839893,Nomura Holdings Inc
d847ef0c-497a-49b2-8ba4-1e435b23a677,3.3873596,1.12,13.154631,Brazil,Communication Services,0.32429,0.48277,0.43500507,0.07058016297452507,-0.017340586802393698,0.1034455894696924,-0.02657336373706798,1.1812631291312063,0.11892489205942731,2.081417774496733,Telefonica Brasil S.A.
c5df29f8-ee77-4a19-a225-9d233faee670,,,,,,,,,,,,,,,,Liberty Media Corp (New Liberty SiriusXM) Series B
1ad9e7ce-b690-4fad-a16c-d31ba65248cc,,,,,,,,,,,,,,,,JBS SA
ace0b64a-5232-476f-b96a-eae5d41a41fc,6.727213,0.9,28.151562,United States,Real Estate,0.48231998,0.53271,-0.065024495,0.020668301672890577,0.011427865487028566,0.016353824367252967,-0.052517126269746806,17.566406233869557,0.15376825068750502,3.721788426764555,Equity Lifestyle Properties Inc
631619b7-b248-4e7f-98a9-eb4161a82f05,1.0940654,32.03,7.2816186,United States,Real Estate,0.0,0.97490996,0.09661102,0.8536080518640021,2.5887437871946903,,,,0.4113453846836488,51.19350710032184,Annaly Capital Management Inc
6b026194-bd45-44bd-9c8f-7fa846ac66d5,,,,,,,,,,,,,,,,Yandex NV - Class A
01237693-ef48-4412-869c-fc5f4aff73b1,1.9131043,1.15,10.111111,United States,Energy,0.06604,0.087919995,-0.0777027,-0.0721978460311129,0.10022259977661363,1.6960000000000002,1.493570101860944,30.426407010761146,0.03498153559245723,1.5223892480233532,Icahn Enterprises L P
50152ef0-9163-45bf-a6eb-646bb7ce5301,1.7393571,0.78,15.964616,South Korea,Communication Services,0.24528,0.70408994,0.8608949,-0.04052934697633015,-0.06443947235603498,-0.2013299639422993,-0.23384771705610807,6.892266928479305,0.1363585779595042,1.7347884169247625,SK Telecom Co Ltd
6c820c6e-77e8-4ebc-abd7-0e6b872e59a4,0.5477893,0.35,,Bermuda,Communication Services,0.22955,0.66003,0.58273387,0.08828551912568305,0.06381756641877567,-2.6503953147877013,-0.21215546987311296,24.410720531654423,0.3005680698784094,4.869397436870476,Liberty Global plc - Class B
13e78f99-d9a8-42af-8a7a-db8e777347db,6.8523116,0.89,36.750805,United States,Communication Services,0.0777,0.44192,0.75095296,0.18030062971016347,0.10905407081649865,0.9847506344427364,2.3177457915490227,,0.0013056197644707862,0.8793427152837497,Roku Inc - Class A
7ddc5b87-aca5-450e-bdf8-5ea2b897b921,1.497645,1.51,11.541514,United States,Financial Services,0.39725,0.53372,-0.4975,0.22486716259298611,0.17889945904102622,0.18424101969872542,0.15604655085174568,8.001206345875136,0.011505273485566476,4.581375932632809,Brown & Brown Inc
468db8eb-110d-4b82-ba64-d8804aeb4aa1,-2.5923386,1.38,14.410642,United States,Consumer Cyclical,0.20523001,0.28701,-0.39240634,0.04962969699236108,0.04739398181060506,0.04903476477331359,-0.13492782115186897,18.32269719772966,0.024275429762040047,0.35314211227380643,Dominos Pizza Inc
d10564fb-e28a-41ba-b8bb-5dfa6ed3e0ae,35.60988,0.49,20.684496,United States,Healthcare,0.18823,0.80827004,-0.016720355,0.6519286393864008,0.20196762193007656,-0.30744418026502274,4.049779202130757,0.0,0.01669262542538296,1.1379699940717947,Alnylam Pharmaceuticals Inc
b0ccf0f9-e5c0-419b-a16c-32081be2cf2d,,,,,,,,,,,,,,,,Warner Bros.Discovery Inc - Series C
81f32593-7bd7-4663-a140-65fb236877d0,2.6345673,0.89,14.061005,South Korea,Basic Materials,0.0854,0.07661,0.77385473,-0.06088355626280029,0.032607372405457746,0.004344880701644183,0.10821444908543587,13.0650820467084,0.08975738983959568,1.4783007073302181,POSCO Holdings Inc
2e600a60-e59f-4958-ba4e-70dc03b7bcb2,,,,,,,,,,,,,,,,Magellan Midstream Partners L.P.
fd572ddd-04b1-4c43-b53b-c2eef7d49bd6,2.5428593,3.89,13.750703,United States,Financial Services,0.17375,0.43651,-0.09983742,0.06929465563392578,-0.028843058336576854,,,0.8343938525379391,0.010355879064563448,2.941929036145084,W.R. Berkley Corp
c88b9c1f-27ac-4382-bd30-1864a1d2950a,0.8545926,1.55,6.431963,United States,Basic Materials,0.09669,0.32091,-0.64575,-0.05364625122581801,0.1852748988966585,-1.4295845997973657,-0.9825690454337155,46.37970490816019,0.02367087914602465,3.165041111792532,FMC Corp
d196ee52-ccb3-4c41-89a2-9238c27496ef,4.0842757,0.71,8.259777,South Korea,Financial Services,0.0,0.0,0.51204646,0.05606914334829538,-0.12937944353421615,,,,0.020677482405089657,29.2941405508787,KB Financial Group Inc
859e97c8-de87-4efc-a7bc-9a2427b7cdaf,2.0487428,2.17,10.111494,United States,Consumer Defensive,0.21052,0.3421,-0.11371648,0.06692995219289122,0.00387721770114835,-0.07123595505617974,0.5367706032168084,16.261653895274584,0.035523042723945936,1.9380054699328915,J.M. Smucker Company
12ba5379-7104-4cc2-af84-2be0e57966ad,1.1586041,,5.5472975,Brazil,Basic Materials,0.41825,0.31421,-0.13487881,0.1247938841015237,0.25941064758189636,-0.230915626496647,0.037380527775042416,15.381598110154675,0.24417472473623683,3.2728292239788166,Suzano S.A.
3d509f61-ddff-431f-9ecd-a9dd85f47881,,,,,,,,,,,,,,,,CNH Industrial NV
380df448-6ccc-4898-ab7f-f2321ef5e8fa,,,,,,,,,,,,,,,,Phillips 66 Partners LP
24a8e12a-6fa0-4dee-9f97-ab1f81c8ed80,0.40941912,0.34,-8.615076,Bermuda,Communication Services,0.22955,0.66003,0.17930329,0.08828551912568305,0.06381756641877567,-2.6503953147877013,-0.21215546987311296,24.410720531654423,0.3005680698784094,4.869397436870476,Liberty Global plc - Class A
5c22ac78-8a86-4236-9934-232596a23fba,4.8528166,1.41,11.055834,Israel,Healthcare,0.28837,0.52061003,1.0146885,0.04309719535783363,-0.03851124034461706,0.16933333333333334,2.8536576576576573,11.151109762345207,0.031240995215430747,2.316776294170147,Teva- Pharmaceutical Industries Ltd
e46dfed8-58cb-4197-be6a-e21f42f88dfd,1.6396966,0.15,6.3883443,United States,Technology,-0.00102,0.35622,-0.22613364,0.13813326970869655,0.06281121072895601,-0.4943222929371982,1.21552712121296,-1.177721215750861,0.010242339174089,1.1214636321800238,Lyft Inc Cls A
11c5e5b0-4e60-47fc-bbae-02f578fd04c7,1.072583,,3.7696586,Cayman Islands,Technology,0.52932,0.73635,-0.2839046,0.14470038082098746,0.04081926204446806,0.27345641589169123,-1.3160272652728517,5.51368002760065,0.08781028306588685,4.247777062719681,StoneCo Ltd - Class A
bf1081a7-b67c-4588-a68b-1b0e3fd4ac42,1.3205911,0.84,15.208382,United States,Basic Materials,0.17417999,0.36346,-0.054822862,-0.0358775940907492,0.0413732097677717,-1.7263464337700145,-9.78089188831547,11.41830722151588,0.053948833315804724,2.376993011541547,International Flavors & Fragrances Inc
29abdc4e-2a3e-4958-a4c3-d97196fefcc5,9.566138,,-20.315018,Belgium,Healthcare,0.63517,0.5399,-0.009369373,0.14985983881463683,-0.9072388887231205,-0.1511060603091875,-12.779658455093058,,0.008365971993347078,3.379415081360323,Galapagos NV
dca06a1e-4010-4c81-9128-bc79a2d8bf46,7.6543207,1.46,20.05678,United States,Healthcare,0.30105,0.55154,-0.08175045,0.035301553521789875,0.07516530100124375,0.014909318071152977,0.010280848768847495,3.4635612076915843,0.029903566362794412,1.2763464490206535,Waters Corp
a49b9863-fcc6-4496-9877-5dae33ccab52,145.82901,16.18,78.10498,United States,Communication Services,0.058319997,0.25868,0.13870537,0.08834920240762223,-0.24089110355753385,-0.09267573435038179,-1.9752971272669304,1.1463917214041754,0.04715402823161495,0.9274714448813481,Live Nation Entertainment Inc
79882222-ae10-4830-a24c-276809d0b5b6,0.7870371,10.86,7.9375873,United States,Consumer Defensive,0.15467,0.24274999,-0.4163407,-0.018725800774375245,-0.08296872937119038,0.09264024704065887,0.22217901053428002,17.59910886646064,0.03571141193643732,1.8079137059804449,Conagra Brands Inc
85e8c650-6d40-4e7a-85e2-5dba4926ca4c,45.360413,0.73,9.472848,United States,Consumer Cyclical,0.17118,0.90271,0.31566858,0.07610839237455269,-0.024345880360512107,0.057501904036557416,-0.23061259503002618,0.6291875395718146,0.050754728347405374,1.691549631448429,Expedia Group Inc
ed77ae73-ffeb-4ffa-b1ed-529b918f8b60,3.351335,1.0,14.700682,United States,Consumer Defensive,0.17886,0.2066,-0.17721754,0.029135152910226836,-0.2762394597907418,-0.21827855112601124,-1.0212537808264934,13.468262876967596,0.05282295078838022,1.1258744792709523,Lamb Weston Holdings Inc
db3a29ac-7e44-404d-8233-a5b33bacfbdd,12.837702,2.68,30.601683,United States,Communication Services,0.12547,0.59289,0.03315437,0.053088081351876815,-0.2770009924657275,0.654892813506609,1.1590631109570175,6.502794653705954,0.027458035803078384,1.484795954100473,Take-Two Interactive Software Inc
d9136607-7511-420c-8f15-a3833fb4cdb9,378.07507,0.55,30.37955,Singapore,Technology,0.31916,0.41571,6.2952127,0.38864295527400405,0.8075188901275857,1.0161616161616163,1.877447870890494,4.02845774491821,0.042234332916075805,0.7735013713903883,Seagate Technology Holdings Plc
52fd398b-a36b-4438-860e-a4ab8acfe6f4,3.2347016,1.09,14.479888,United States,Energy,0.18597999,0.15283,1.0009582,-0.0032148753149708886,-0.136828280939985,-0.018923465096719938,0.052068467805844065,5.12442388358886,0.0516035907484609,1.135515813643963,Halliburton Company
734c1ba8-a6a3-44c8-872c-8603904d2cb8,4.0517244,1.01,9.691521,United States,Communication Services,0.23903999,0.77832,-0.7228774,0.18465611733489973,-0.11520664543143289,0.3700484011681566,-0.5650440671690371,,0.08883440211241041,2.002766307862262,Trade Desk Inc - Class A
f1cd1e7a-209d-455f-82c6-95da034099d7,1.8416471,1.06,9.877564,United States,Financial Services,0.14148,0.47612998,0.23653138,-0.031138972079093774,0.17557362648745956,,,0.1317269501375279,0.007465051902816217,21.5360375579849,Principal Financial Group Inc
12446b8a-0d1d-4da6-93f6-68db8e2479b1,2.9083655,1.44,17.52975,United States,Healthcare,0.23125,0.44278,-0.16012669,0.09171835096680048,0.01763993600142766,0.05089814121747205,-0.27529121714535654,4.770306583630939,0.05891018894765238,1.7501099193016076,Steris Plc
650d9aff-7de5-46a6-8639-87e0da7eddab,18.556387,1.3,73.11346,United States,Technology,0.009430001,0.79906,0.7858492,0.2767536858183308,0.050958031810371285,0.7858355017535921,-6.691482353752747,59.886457461243104,0.04188390593794381,1.734104448360732,Datadog Inc - Class A
44a41f28-670a-40fa-8846-49c57d768e66,2.8558688,1.32,11.091498,United States,Consumer Cyclical,0.082370006,0.37515998,-0.28057945,0.034639882904991426,0.022981900630300922,-0.22090707749243743,-0.04196319761223277,8.596909408145915,0.018120158685517754,0.8390827041449572,Genuine Parts Company
f57a7e46-6c78-4409-a2e4-26ff402fa2ac,1.9758836,2.11,19.764147,United States,Utilities,0.52042,0.60988,0.10313785,0.12906215255161424,0.12411539441410935,0.13741640351462991,-0.06753537318133263,13.507620388279461,0.758732243138899,5.774188519245702,Atmos Energy Corp
155da07a-3010-440c-8b0c-30374bcb98a4,3.734574,8.17,61.53333,United States,Real Estate,0.59189,0.66619,-0.12573999,0.024209823655584772,-0.0633236632708114,0.28084920477027864,-0.0466387600390874,22.080402194853384,0.15392134887427775,5.969990881242189,UDR Inc
a6bfba3f-f479-46a4-bd87-2290f0fbf791,1.3078244,1.55,9.34085,United States,Financial Services,0.0,0.0,0.1827861,-0.0012648989556773294,0.005181942472757717,,,,0.004179437243656724,22.21391792189767,Regions Financial Corp
32039838-bac9-47e5-abf3-1cbb0a582389,1.4302846,0.48,6.5941234,United States,Technology,0.13166,0.29055,-0.4937687,0.07557010414137899,0.10337661140877685,0.0214325698836364,0.20280776916987198,,0.009138995148030417,0.8622015327415554,EPAM Systems Inc
4d505aa2-49aa-444a-bafd-90fba2c50870,2.1686099,5.91,28.637232,United States,Real Estate,0.65685,0.74831,-0.10282457,0.04393918514336037,-0.2866313985368758,0.0443804348719421,-0.2831645830878844,22.625047170619943,0.005670673110536894,8.406424021386426,Extra Space Storage Inc
18dfd464-f1b1-4045-8ab5-393055c9d26e,6.8131237,0.43,22.108448,Canada,Basic Materials,0.83067,0.85807997,0.6228223,0.8017513091226407,0.8477659206020695,1.243916943190459,1.407848901142998,,0.4885418887870625,3.029053476706134,Wheaton Precious Metals Corp
0ad9d746-c029-4c8f-944e-d1352e563e7f,1.163942,1.32,36.482758,United States,Financial Services,0.17186001,0.36041,0.18318045,0.054353500783107966,-0.1019016292485313,,,10.829980708284873,0.03699703084233917,4.626100634986489,Loews Corp
60e086bb-8671-4717-94f0-e763d65c2d1e,1.0533872,1.67,8.101572,United States,Financial Services,0.0,0.0,-0.044044673,0.1010155721056194,0.3254915391508133,,,,0.04061219633626912,27.972041887252512,Huntington Bancshares Inc
a99e0bdc-adb3-457c-99be-41b062f701b6,2.7085154,1.4,23.683535,United States,Technology,0.24709,0.42873,0.24050379,0.07600524174080969,0.04359766470640536,0.121764705882353,0.10446627026261779,5.453552509579613,0.02072089437162683,2.46089533538936,Teledyne Technologies Inc
080c523b-8cc0-4903-a6bb-9d38fb1243da,4.565529,1.86,19.353788,United States,Technology,0.28438,0.44057,-0.25731182,0.07210196326589013,0.009874234022134942,0.12168157388909817,0.15797851490235293,0.1818946750967764,0.09454829297237605,1.2008250136156793,Jack Henry & Associates Inc
1c91b455-5af2-4bbb-8a87-8c5a2cc4ab09,2.4672027,2.45,19.237919,United States,Utilities,0.42009997,0.45224,0.123791456,0.049645390070921946,0.09197594892942373,0.06451612903225801,0.03693396940784477,24.61260775862069,,5.5557380514111525,Alliant Energy Corp
d4e087f0-cb99-4345-83f1-51acc7679aa3,-54.28333,1.65,13.849055,United States,Industrials,0.18857001,0.35682,-0.023827374,-0.01744696874607754,0.1471067660823352,-0.018439716312056764,0.09963939932819588,6.890193370165746,0.020575595609214986,0.6847571241275614,Masco Corp
d77859d6-f820-4336-bb9e-6571f478407f,18.704481,3.82,38.219658,United States,Consumer Cyclical,0.2237,0.52603,-0.06982416,0.10263633813797512,-0.03798485721892142,0.09369787707215238,-0.15503512829272004,2.121017629745726,0.007397717048081903,0.8257838847149762,Rollins Inc
4ea8f520-c732-4876-828a-9d6024b2ce30,3.6321185,1.51,21.719784,United States,Technology,0.18895,0.46754003,-0.4567228,0.09099856254294703,0.030644786631208065,0.16444893207879652,0.10286214283226358,0.0,0.012351523970638064,2.238926474205989,Tyler Technologies Inc
dde0437b-99a6-4231-9af5-8d312a227bff,3.9666188,0.39,13.356652,United States,Industrials,0.077800006,0.2342,-0.14233607,0.05985585296670859,0.16033399780158475,-0.2615301139446554,-1.351926781770798,5.7186604905993175,0.00669668707802355,0.8770982598626824,Jacobs Solutions Inc
9df07c38-c702-425b-a85f-14537726980e,1.0775877,1.65,9.519161,United States,Financial Services,0.0,0.0,0.46368444,0.05608912792931231,0.09510487167567572,,,,0.020291692594038683,28.38699994289106,Citizens Financial Group Inc
0f311e88-2cb2-45e1-a7cd-8c96a2dfbd1f,2.4755735,5.21,14.381125,United States,Basic Materials,0.14502,0.14062999,0.96011055,-0.028692790157791692,0.2210254457387626,-0.23811732697818577,0.27566660438592117,3.8138878660027546,0.10017564102517985,1.0157786580750192,Nucor Corp
197c570a-933b-4b9b-bdfb-6575575e6f24,3.2325425,,15.664253,United States,Healthcare,0.32731998,0.60378,0.34530973,0.01741805820906639,0.19662239223425648,-0.07130681818181817,0.40318925449727716,2.0366476159230595,0.03404822409581255,2.1535683492687356,Hologic Inc
f4c7e652-40d7-475c-9725-d49158926159,4.133823,1.16,15.440876,United States,Financial Services,0.5035,0.62059,-0.36901832,0.03570077971158869,-0.011977070768712128,0.02280563023881066,0.010615312566666368,,0.0666006943168877,2.2391455585760993,MarketAxess Holdings Inc
d138f2b6-585d-4185-bbb8-5dee1baedeb8,3.4318502,28.15,12.725966,Canada,Basic Materials,0.70484,0.73870003,0.66632783,0.4371477160856714,0.5066506575296448,0.8335282758451845,0.0980765651376172,0.0,0.19190598943023704,2.4744334798628476,Agnico Eagle Mines Ltd
95072c2d-6326-45cc-94cf-44ec23054d63,,,,,,,,,,,,,,,,BeiGene Ltd
a974ce46-4283-4e34-a9ff-5c3bfca00ba4,,,,,,,,,,,,,,,,Medical Properties Trust Inc
90226e48-30b1-411f-98ed-345474bf4502,0.4033721,0.33,-3.3952098,Bermuda,Communication Services,0.22955,0.66003,0.13173652,0.08828551912568305,0.06381756641877567,-2.6503953147877013,-0.21215546987311296,24.410720531654423,0.3005680698784094,4.869397436870476,Liberty Global plc - Class C
303e31ed-2476-4b12-b2fb-74e3668dfca3,5.6016874,4.23,5.26021,United Kingdom,Communication Services,0.04118,0.15838,-0.5672529,-0.043900393613503286,-0.109625888200517,-0.2521791643526132,-0.4610728853280569,13.039426523297491,,1.346457551856342,WPP Plc.
e9fad1b0-d1f8-4ccd-9c57-13913d691132,1.089627,0.92,9.110416,United States,Financial Services,0.11379,0.30574,-0.10076082,0.051003643117365494,-0.08949425120990151,,,6.058957992116021,0.005275841877004747,4.505536396036887,CNA Financial Corp
83d5e6c9-d3c0-4722-b6e7-6530f0a5a0a6,1.7495893,0.85,7.8503633,United States,Financial Services,0.16118999,0.54618,-0.14319235,0.12014735052422787,0.05301780721560978,,,1.9825870646766168,0.009823576751860174,6.953187769314091,Fidelity National Financial Inc
8ba4bc28-1982-47b8-a03e-1ce3f7dab70d,2.3111033,0.92,11.794202,United States,Technology,0.22118999,0.46199,0.17038822,0.02132777642172362,0.21827286882266828,-0.08855492612815746,0.6198473368219914,1.9520553043053106,0.037066024241978,1.6440414746356566,Qorvo Inc
bdbae20a-7464-493c-9f65-346e485dc122,,,,,,,,,,,,,,,,NortonLifeLock Inc
a970f12f-864b-47ea-90a7-08273c15d6c4,0.2609215,0.44,3.3808825,South Korea,Utilities,0.27389,0.16978,0.25,0.043091334666943704,-0.19689931314050746,0.24233066135473424,1.7772437369598102,19.353691169352675,0.16358140351265987,2.5860580554555543,Korea Electric Power
f14af43e-3eb6-4fd3-a020-c84211252b3f,1.3717189,1.02,5.053589,Canada,Technology,0.30109,0.76489997,-0.19345659,-0.00581790932933679,-0.28949857738435003,-0.13628373352819567,-0.20319136248798442,13.209101720128498,0.028492417272702516,2.61978018592978,Open Text Corp
eb2b5312-9033-4538-b530-6a510a615adf,3.8104062,1.78,22.50943,United States,Industrials,0.26957,0.44435,0.093508124,0.057727606461086545,0.06024278836749142,0.051314870840120985,0.13034279980775088,5.37526271542665,0.018979632477082304,1.9610917715517795,Idex Corporation
d1591cf6-e523-480f-af22-24b475cfdd1d,1.5330634,1.74,8.571385,United States,Basic Materials,0.16593,0.20818001,0.082523346,-0.06536682192724641,-0.20004614469305226,-0.6302719465648855,-0.5809027777777777,29.428570232743812,0.036135694189921796,2.390802845769651,Celanese Corp - Series A
729f987f-747a-4fe1-99f7-41285259f643,0.9692843,4.01,25.11488,United States,Healthcare,0.17174,0.5201,-0.0045443773,0.006506916033508725,0.05819414864064176,-1.5648459383753501,-4.9131250880755175,6.768660071942446,0.059152862314030816,3.8878913763417415,Bio-Rad Laboratories Inc - Class A
bc84ce98-2d84-43be-bd70-d3a5c427552f,1.8737693,0.92,12.527485,United States,Communication Services,0.04196,0.73337996,-0.4305805,0.1551878354203935,0.19058591628205712,0.7211538461538463,0.6875,,0.06201262679866622,2.044652852156622,Zillow Group Inc - Class A
f83efcd9-7792-490c-86ae-736899dc9888,1.8540764,0.93,12.428059,United States,Communication Services,0.04196,0.73337996,-0.4444608,0.1551878354203935,0.19058591628205712,0.7211538461538463,0.6875,,0.06201262679866622,2.044652852156622,Zillow Group Inc - Class C
d75eaee2-712d-48f5-9cb4-3b21aa5b4793,3.9182935,0.32,8.703543,United States,Communication Services,0.07976,0.79864,-0.39194256,0.17839548625243862,0.08830080900216797,-0.1775287724864153,-1.0650586702902856,1.7257160409423589,0.009470559031085589,1.2033834975451045,Pinterest Inc - Class A
69bb74db-f301-47ae-9470-127bfa25a0fc,17.748123,0.37,10.823237,United States,Consumer Cyclical,0.02713,0.29789,-0.5086585,0.06240462681156367,-0.0392556162954627,0.681930693069307,0.2950868982253285,,0.010252747975159092,0.25473357058018625,Chewy Inc - Class A
119f27a4-c97f-4e05-a664-2a0eb493a133,1.5258144,4.04,16.372225,United States,Healthcare,0.19824,0.55057997,0.50226927,0.06217616580310881,0.14784345240685526,-0.511913357400722,1.47394771082927,14.663917525773195,0.05354587977093625,2.7525545619271456,Elanco Animal Health Inc
4e2b7e17-8860-4b77-a956-b7fb66ca3136,8.568564,1.09,11.61798,United States,Industrials,0.1107,0.22368,-0.43797368,0.12361658225473637,-0.20886285985797814,0.31057452123230633,0.03882803310794947,9.962786510199258,0.007588044228289612,0.6285826731873926,Booz Allen Hamilton Holding Corp - Class A
c877ebff-9cb1-4d02-8981-1c96e39f84b5,,,,,,,,,,,,,,,,Essential Utilities Inc
cc2d1881-97f5-41e0-833b-84ef85c4b1ca,0.85706395,,4.556089,Brazil,Technology,0.47042,0.5127,-0.019911528,0.08510958640764477,0.04510368875474624,0.13146018226477763,0.0320225868630617,17.00114918450817,0.11491141359685295,3.6214944363677315,PagSeguro Digital Ltd - Class A
53e004be-6730-4113-bad7-7d4c48d1692b,1.189513,7.37,122.32,United States,Real Estate,0.40564,0.49202,-0.22029579,-0.0053598625587385484,-0.01156432423779874,0.041399895459587555,-1.3968405308762373,33.29935465778827,,8.467195857459703,Vornado Realty Trust
a52b2374-930d-470b-87f1-3bdf49312a3f,3.6483374,3.15,15.925439,Luxembourg,Energy,0.23247999,0.38749,0.81090593,-0.043339177609846846,-0.3074265003498773,-0.034923961373552914,-0.4194042734481157,,0.0507576728556442,1.6769965175579777,Tenaris S.A.
39f798bc-7747-414f-aae8-05ccb57cb9d5,1.5011926,0.71,6.5516815,United States,Healthcare,0.15105,0.48926997,-0.39446783,-0.02979172159240706,-0.009826137554903136,-0.9111969111969112,0.8057103953023276,14.609712230215827,0.04455311134240672,1.519967426590034,DENTSPLY Sirona Inc
8a42ff97-ac55-41db-867a-ba8ffe7502a8,,,,,,,,,,,,,,,,SVB Financial Group
87363eb5-6d8b-4430-8550-dd696865986a,6.8790827,2.55,28.940031,United States,Industrials,0.13253,0.18861,0.79301155,-0.007289361543000306,0.18019465667370904,-0.009735715397545919,0.19958333397940076,3.709721495482349,0.04904701055081098,0.663547941770378,J.B. Hunt Transport Services Inc
01e8d28f-c077-4ee4-8c75-56679e9ca840,,,,,,,,,,,,,,,,Ceridian HCM Holding Inc
76e2790f-d859-4d94-a83e-0fff4677a3cc,,,,,,,,,,,,,,,,Alleghany Corp
7d112d16-0ba5-4285-b454-5852ecf60a84,3.6395319,0.64,10.873735,United States,Consumer Cyclical,0.16431999,0.21535999,-0.040639043,0.04779255995254639,0.2009387781940486,0.018711018711018657,0.05759990759990752,10.341137439958336,0.03666483344383722,1.1307214802101575,Crown Holdings Inc
e2c55d36-bf86-4c1b-a694-d0e67bb64e5e,1.399177,0.67,7.1090894,Israel,Technology,0.28218,0.65791,-0.46571428,0.08993348115299327,-0.013131783047463319,0.17336327109430405,-0.08140366878896699,,0.031105996899619886,1.725313671269457,NICE Ltd
43597e55-e600-41f1-b668-7093a890be7b,7.543927,0.27,14.626426,China,Consumer Cyclical,0.32634997,0.40497002,0.2409054,0.08334716918479157,-0.5192909114756814,0.3781564678543765,-26.22029913060122,,0.032345220594367396,2.457387606636032,H World Group Ltd
829f4d13-6610-4c59-9cc0-3824e51d9f1b,6.648314,4.96,21.316303,Taiwan,Technology,0.18742001,0.18505,2.4220648,0.08393906691979103,0.3047807960871106,0.16551704733973316,0.6574020286136694,5.587988536602192,0.25874532371946923,1.2873987055083858,ASE Technology Holding Co.Ltd
e5faf3a8-35ac-4604-8332-2caae5d89be0,-35.498512,1.41,17.300491,United States,Consumer Cyclical,0.24129,0.68108004,-0.011703789,0.014784666279094472,-0.7372770769221799,-0.11572494741807293,-1.7964626096426586,20.004478739429587,0.09060375993092555,1.759025476360842,Wynn Resorts Ltd
510eee92-ce3e-4a9c-9df7-1214e5889fbc,2.3440664,2.64,20.653599,United States,Utilities,0.43721,0.50698,0.1598196,0.08240197874679378,0.1414044742173438,0.1555345657356182,0.06143780808240562,21.41925078438461,0.4872400016991366,5.163054655489915,NiSource Inc
b624addb-0a80-4cc9-8064-c3fb97934e7c,5.1388493,1.93,13.164194,Ireland,Industrials,0.24299,0.4497,-0.13038963,0.07823021048724876,-0.018447865484804815,0.09001956947162437,-0.18801180509348536,6.4724915891549575,0.023563356213499687,1.242840807996679,Allegion plc
ee6971da-2e98-4ce0-97cc-1bc9b6a953e3,3.5847075,0.55,12.544634,United States,Technology,0.18377,0.48182,-0.12917197,0.08660558464223378,0.29037420558266724,-0.05745856353591161,0.37850634874479017,5.935672514619883,0.015403904534148328,1.4511015416674728,Zebra Technologies Corp - Class A
904b3898-a728-43e0-8528-64858499d2fe,7.181232,2.91,31.705242,United States,Healthcare,0.27007,0.36278,0.39439273,0.06252592285358771,0.1886703755458532,0.03884930770264816,0.46122416088984797,,0.07988202580330632,1.2758770821658283,West Pharmaceutical Services Inc
223e757e-945b-4d6b-a995-8c050efc37b8,18.864386,1.34,35.51689,United States,Technology,0.30671,0.58702,3.1472936,0.13126232321942788,1.0221374193700772,0.14392500593505186,2.6699299570853987,,0.05934264921037489,1.078935706448765,Teradyne Inc
8c63f1e4-33f3-48e4-88e5-f5b3022765c8,1.0727469,,9.505962,United States,Real Estate,0.98765,0.99141,-0.13219285,0.04076452150509002,-0.3539860628679794,0.05646464451686306,-0.5561325252998941,16.40416595925624,0.0004472293059956316,11.533646876337084,VICI Properties Inc
e38bac6b-4976-43b0-a64a-88084a387b98,3.8870783,1.05,16.003082,United States,Consumer Cyclical,0.12836,0.4416,0.09801006,0.04153205386289072,-0.18979664314190492,-0.12951152889649908,0.3766450452620663,7.2804818229768875,0.056197125896439076,2.3409995612077834,MGM Resorts International
7b10f159-4f99-4862-a2be-4133627aefee,1.3642207,0.43,10.800668,United States,Financial Services,0.19789,0.37355998,0.43313825,0.08008255408056675,0.13837557189300675,0.027925241800596412,1.7773896605536357,21.03380193244259,0.005005703631612646,3.642961728016665,Franklin Resources Inc
00d2b1a5-dcab-4466-8cbe-7633227b6c57,10.678696,1.71,17.225643,United States,Consumer Cyclical,0.15737,0.21507,-0.061514854,0.06028972783143116,-0.029766115099728596,0.05802316428651744,0.004028750902827838,4.250808913214574,0.0580391439854539,1.0023582670565587,Darden Restaurants Inc
569447f2-1ff3-4686-8cee-50d0b6486282,0.76168454,4.04,8.143959,United States,Consumer Defensive,0.21851,0.38622,-0.27857268,-0.0064176515326308525,-0.0731535842781057,0.17416865699063022,-1.2436900277049268,9.137972298132835,0.06355136809137743,2.1185219493032226,Molson Coors Beverage Company - Class B
c675a7b9-7265-4bec-8675-1022d8e68b46,24.830553,2.45,14.989165,United States,Consumer Cyclical,0.26383,0.63655,0.39703727,0.13681537903518315,0.2825288354184706,-0.7357183418512209,0.9714748418289364,8.401747332930382,0.041188933200398806,1.1573716350947159,Hasbro Inc
851ff2cb-40ba-44f3-abca-7aba37d6cae8,1.6870981,2.96,17.63719,United States,Utilities,0.39101002,0.43014,0.06401384,0.0913383351884618,0.0277157469638305,0.16228991124845038,0.1353654499274779,19.794293553813894,0.48200543108997407,5.490410996183119,Pinnacle West Capital Corp
3cc6e6d9-e392-4991-b322-00db06e24719,3.2925951,2.57,23.002197,United States,Energy,0.17284,0.23643999,0.6913743,0.024894974327057673,-0.18072045392024805,0.16195048004042456,-1.0539801836333345,2.0912672886282264,0.04692933678663347,1.521439060261847,Baker Hughes Co - Class A
959aafbe-d8f2-4932-bcda-6d3fda44fa2b,6.241323,1.35,13.210091,United States,Consumer Cyclical,0.12475,0.36425,-0.42222643,0.032777600714943844,0.018344383940048337,0.023610693420031192,-0.028450041947504445,3.293244594467183,0.0571769449609985,0.6830150696273622,Tractor Supply Company
ef89791a-73c1-4d1d-9429-79bf8ca7f630,1.621554,0.99,9.840978,United States,Consumer Cyclical,0.17492001,0.261,0.06830311,-0.03538188940182041,-0.12801868481115553,-0.26152649724577104,-0.33404820642917454,0.7184088648162132,0.007042243758653071,1.0649471725156816,PulteGroup Inc
5bc2a29a-3721-4ed8-8528-53d9abd035e7,-17.49803,0.62,11.625173,United States,Healthcare,0.20186001,0.32454,0.37789738,0.05956794556524847,0.013895435549222457,0.11099142076712964,-0.017997892423839312,13.847375690734344,0.038642616869965334,1.2654115146916791,DaVita Inc
07139ea1-f2d9-4f7d-a529-ea83b13b82ae,2.50128,9.17,81.98608,United States,Real Estate,0.53007,0.61622,-0.13833362,0.001177022192218491,-0.08841918381949654,0.03700616843756688,0.20860843514300587,18.56058552889496,0.2877377031888991,5.722435248202043,Camden Property Trust
de136ebf-2092-4319-a4b2-c0c026016345,2.3728714,2.41,19.94774,United States,Utilities,0.38929,0.4592,0.10276151,0.018835616438356073,0.08588850775902979,0.09470053308247106,0.14721919681537765,24.77538209606987,0.5344241539324887,4.8746017050465404,Centerpoint Energy Inc
0d129af9-8f62-496d-b4e9-599900f6eff4,2.0827513,2.61,30.01827,United States,Real Estate,0.63662,0.71702003,0.027143836,0.08280390221363465,0.002377243215675451,0.13792006455667716,0.21813660308514604,17.95081240902602,,7.851892439552115,Regency Centers Corporation
de5e9d27-4e5c-4e75-a1a2-f9a45d56ca3f,1.3675879,1.17,6.6358953,United States,Healthcare,0.15022,0.44233,-0.1431765,0.10267277558327836,0.031230879256445965,0.2658522340916346,0.12197858263250216,6.807371589979948,0.05854898496725156,0.8548920261103905,Universal Health Services Inc - Class B
ee46a795-2153-4032-81de-a10d72870389,-12.176925,0.93,20.220896,United States,Technology,0.51557,0.84165,-0.50200135,0.15914926469817625,0.28790830941470325,0.24912211585181687,0.44848438328004225,10.289187012371686,0.017978970666022675,0.8458814892713427,Fair Isaac Corp
3f73f42c-0cc5-4a62-bd6a-1de1edc675ea,48.731133,0.68,8.092206,United States,Technology,0.2611,0.6377,-0.5408679,0.07500999036223877,0.020996993313624923,0.21586402266288962,0.11279524344390257,8.216360648718107,0.004956506192369807,1.6147411373433358,Godaddy Inc - Class A
a45b417e-0879-4769-b2fb-6add1b7d8459,6.8503213,1.14,18.298124,United States,Healthcare,0.20753,0.71008,-0.5474466,0.30725043444680433,0.03850344081860668,0.3089280197713933,-1.0240863382781058,2.053654485049834,0.07980557087699945,1.0924658714837285,Insulet Corporation
20664f6a-bad6-4ab7-9df7-f6c709a9e4b7,18.01625,1.2,12.375451,United States,Utilities,0.34919,0.38637,-0.11212814,0.165437445023344,0.35746097438031077,0.521320795976383,-0.5537856919858624,10.67319567508556,0.14744150021554292,2.0445358502159485,Vistra Corp
5c4ad891-7f72-44d3-b750-8bff4d767598,,,,,,,,,,,,,,,,Everest Re Group Ltd
c84dff31-db29-408b-ad3a-f97164683707,3.6583602,1.01,10.94735,United States,Financial Services,0.37905997,0.51936,-0.5480771,0.05636420478847359,-0.06031250118184106,0.1066361162824001,-0.32060861688466347,4.722961659151438,0.04832863230070545,1.7787602174825103,Factset Research Systems Inc
4a4e944b-402e-49ec-9e3a-aa81f752e1b9,32.387596,0.76,9.53467,United States,Technology,0.20650999,0.68987,-0.67469746,0.0366682510529468,-0.09377961110877109,0.0836702588614684,-0.009733361327866064,2.8960727874893144,0.016990063464037666,1.209332053612517,Gartner Inc
b4bbf439-e6f8-49cd-bef1-660c668fd107,2.334624,0.81,6.0574603,United States,Utilities,0.30071,0.19299999,0.23569596,-0.003665092034533357,0.08276576358070398,0.4175097276264592,0.2924107479241074,30.872436224810674,0.5158164464633417,4.082485764292537,AES Corp
18386e5f-7e3f-43cb-95b8-3fc84ab4b5d9,2.3869338,0.98,11.514358,United States,Financial Services,0.0,0.93031,0.0019505024,0.09864590028157894,0.03832046203037254,,,,0.013108741140066755,5.857111195118143,Raymond James Financial Inc
4fbd1485-30a8-4fa9-9127-e2e2498ea069,,,,,,,,,,,,,,,,Mobile Telesystems PJSC
2f70b9e7-5573-4fcc-8b20-22d96c28c595,3.1979222,1.72,9.168041,United States,Financial Services,0.0,0.8778,0.0025051832,0.2913263321664721,0.5497329978465659,,,,0.030595912336862843,8.105700566362964,Carlyle Group Inc (The)
2be97786-8864-4b21-83f0-2ffb321347ca,2.8340971,,13.798151,United States,Real Estate,0.9626,0.99078006,-0.023784459,0.06262097233291586,-0.03550243382023832,0.06846333460803633,0.14362348413179138,17.6514898973208,0.24885057995904164,8.020004844057144,Gaming and Leisure Properties Inc
d32f166b-087a-4f92-9d24-baa0007da087,-48.94381,1.4,21.467934,United Kingdom,Consumer Cyclical,0.23993,0.61939,0.22864473,0.05934736200462909,-0.1340460146899456,0.0658750108347057,-0.3984231404144185,4.32690785294948,,0.4862690126491327,Intercontinental Hotels Group
7085274c-4085-49a1-9197-e06b43165cb1,-15.077905,,4.8376966,United States,Financial Services,0.053340003,0.13193,-0.20722395,-0.06116700201207248,0.0971182605752362,,,,0.004327092802213373,27.505055012248846,Equitable Holdings Inc
3040c38e-ec9c-4231-aa43-966bccf053ae,2.0710862,2.35,12.098351,United States,Energy,0.05219,0.05946,0.34232128,-0.09464296672053019,0.07985391165831957,0.2643478260869565,0.3077636854339245,15.103726474715067,0.01420837474512571,0.6213899007895491,Plains All American Pipeline LP
01db8f2d-5fe1-49c1-85f4-d962238423a3,,,,,,,,,,,,,,,,PPD Inc
74f8798a-ea1d-404d-9954-d3fee4a1f89b,2.7488465,1.79,4.34692,United States,Financial Services,0.21827999,0.36138,-0.15415823,-0.03380766582510897,0.025562482448724833,-0.1132695467285203,-0.020002571144645986,5.600565610859729,0.04276754475211686,1.986172188037686,Western Union Company
637547c3-8aec-438f-b021-e0aa7cc9e5cb,1.162059,3.48,6.831666,United States,Real Estate,0.0,1.0,0.1300546,0.8468653648509763,-1.2366280672732286,,,,,69.30903703163762,AGNC Investment Corp
1b0ae99a-6092-4c78-b0c0-bfdebfe54f21,0.63794607,2.43,11.575987,Chile,Financial Services,0.0,0.0,0.14486277,-0.0156412693430924,0.006465784771102934,,,,,,Banco de Chile
a55ce33b-7120-4f56-9387-ffdc20e19e15,11.846664,4.83,27.03407,United States,Healthcare,0.23593001,0.6163,0.1504544,0.09384555076440604,0.45841121347239255,-0.0034965034965035446,0.4362557487557487,3.835463693228175,0.016618543812507797,1.2129772465930522,Masimo Corp
ef1f44e8-348a-4641-ad54-5b2122b1e77d,,,,,,,,,,,,,,,,Coupa Software Inc
ddbb3bca-fee1-493b-aa44-ec4ae518b32d,8.336778,,55.215794,United States,Healthcare,0.02201,0.6969,1.3543537,0.17692878997066552,-0.02241448413035463,-1.0664400604058135,0.0030984157462150552,91.66796350201523,0.041471022911163315,1.7915881652462577,Exact Sciences Corp
bd7de69f-4f68-4651-a8c1-094b0c7718f5,,,,,,,,,,,,,,,,SEMICONDUCTOR MANUFACTURING INTERNATIONAL CORP.
7eb8d5f7-c0cd-41bb-96a4-82ca1d3abd1c,0.97163093,0.47,6.4736447,United States,Financial Services,0.0,0.0,0.16348016,-0.014274474541980497,0.3591390091390092,,,,0.5413034949078414,25.18716643528312,Ally Financial Inc
40f0f25d-ecfe-4042-bafa-38f99f9c1985,0.582069,1.06,11.390358,China,Communication Services,0.14784999,0.73399,-0.32206762,-0.08346469757387753,-0.11851916081659142,-0.20282491274880443,-0.0942178797133999,,,4.457012399808525,Autohome Inc
6299c671-0b03-4bbe-b18e-84f4ca25ddb7,6.628016,1.53,17.071007,United States,Consumer Cyclical,0.30433,0.26206,-0.005246341,0.02112333887347062,0.022910188676935395,0.0014587527148126611,-0.05776808962244251,14.71540269332071,0.094538846223086,4.246270628282653,Service Corp International
92d06820-09c8-4786-9ce1-5c514cbacf1b,11.3423,2.31,22.308437,United States,Industrials,0.054780003,0.08574,0.6345923,-0.008353884855463956,0.2791421596445436,0.1715748772349246,0.5390182974942256,4.908758109430699,0.004288979825047818,0.32168066326652284,C.H. Robinson Worldwide Inc
acccf740-dd9f-4df8-a0d0-602c4e48a3fe,0.18706538,,2.2269406,United States,Communication Services,0.48497,0.73800004,-0.67933464,-0.05872124170406556,-0.0562425206390309,-0.20084339277927732,0.0027257399790856507,17.377621566724397,0.19631980846104422,3.83129998768662,Cable One Inc
d2f6bf73-10c7-45af-8728-d94c564d080d,2.8000727,0.29,,Belgium,Basic Materials,0.13735,0.21895,-0.11301857,-0.08125502815768304,0.16354316687866688,-0.31304347826086953,0.06723153359308964,10.373040752351097,0.0465016127172638,1.3441334212973914,Solvay SA
bdf9c14c-361d-4ec7-a945-0d6742c61a29,2.1340194,0.8,9.386664,United States,Energy,0.62251,0.72273004,1.2505774,-0.0839067474581493,0.1685537491558462,-0.1043338683788122,0.6348715177644987,3.403377596132892,0.33042647992377067,2.1523414661628912,APA Corporation
5526a9cd-c0b2-4e61-9b00-a0de4420e5c9,2.0415998,0.83,12.513422,Netherlands,Healthcare,0.34669998,0.66144997,-0.22943926,0.03687246019777368,0.13878939579659233,-0.07584348140478891,1.0642467574249035,4.21449532931964,0.09868486050229894,2.8829723851396385,Qiagen NV
5a2b7380-3b31-4deb-b824-84909e73bdbe,2.699635,11.99,22.920986,United States,Real Estate,0.90925,0.99300003,0.26483166,0.13192916044474456,0.08540027209802248,0.19074116102258176,0.3813475942941591,15.27267162619076,,8.377239323217356,Omega Healthcare Investors Inc
82a2d782-ea7e-4a25-9be9-7c4a77e0d8db,,,,,,,,,,,,,,,,Fortune Brands Home & Security Inc
59dbcca0-63bd-4861-a17e-66702e6f14a0,1.8923949,4.79,20.80904,United States,Real Estate,0.90363,0.9596,0.039714575,0.04969744394169373,-0.02976673517130779,0.04155212214676385,-0.08348750872001975,22.48826992284357,,9.9997622205087,NNN REIT Inc
790c0c4c-05d7-40be-9f2b-12790c1f5be7,37.129158,1.1,36.16398,United States,Technology,0.36349,0.46021998,0.4504305,0.18674285198066753,0.0396593403248815,0.26381509714843054,0.08542563432331973,0.08870875511178536,0.006304281810841417,0.507138903089332,Ubiquiti Inc
abb20ddb-c789-4300-a005-acc64060e61b,7.2932076,0.8,30.73435,United States,Technology,0.07719,0.63761,-0.39584976,0.22637703124027908,0.12637340690079157,-1.0215428125609518,-3.1447109221461726,5.939471473675064,0.020882210524448087,1.9638083150559587,Guidewire Software Inc
19ceb1c9-5e38-4b68-8c99-7f98632048bd,0.92207164,,8.945552,United States,Healthcare,0.14497,0.3213,-0.4296407,-0.026352049603858063,0.07257334540226823,-0.10632688927943756,0.17270621634326344,15.282660817933312,0.02049693172744866,1.8280309894414166,Avantor Inc
3b104cf0-772d-416f-9ce9-5cd24d636b33,1.2309742,-0.09,6.439445,United States,Healthcare,0.021140002,-0.06485,-0.53742754,0.15576302367165984,-0.17684005902922428,-2.351020233242086,-2.717842054050892,42.7863112766326,0.050292464728833405,1.6010945724032166,Sarepta Therapeutics Inc
75b7175d-9649-4229-a096-d3fd7b65aa83,2.352387,0.47,10.324909,Brazil,Utilities,0.38342997,0.36576,0.3836478,0.05385384732922471,-0.10557581536145144,-0.04113914913071992,-0.16884144514738153,7.510757068280027,0.3055827764106381,2.3332647188873414,Companhia de Saneamento Basico do Estado de Sao Pa
cfc5492c-32ac-4e30-8285-e831619dc821,4.180015,0.79,16.998573,United States,Technology,0.14095001,0.81732005,-0.27975965,0.1874501059048046,-0.06465561456063007,0.24364070491514167,0.22105771611513192,,0.017673023552811883,2.0316973968694083,Dynatrace Inc
165c5922-5cc6-4a91-96fd-2f8d8321ac62,1.2876368,1.22,12.0065155,United States,Consumer Cyclical,0.05499,0.43867,0.37201858,-0.012487783689868581,-0.06078352435349965,-1.810126582278481,-1.2183645613161191,1.6469344608879493,0.029298918948393305,1.3091791749549433,Advance Auto Parts Inc
1f5c61e9-5231-4210-843e-c5c2c2ddfa45,1.8452957,2.05,10.811138,France,Communication Services,0.16564,0.4575,-0.16542053,0.08418206623963664,0.04271428940558941,0.08978666560868531,0.0015966991827986998,,,1.66600101151566,Publicis Groupe SA
5478cbff-4b26-4a43-82f0-2bfb70533419,4.252524,1.04,19.826834,United States,Industrials,0.07233,0.15359999,0.33366835,0.06353755518240334,-0.1136567246237774,0.03944406114964227,-0.696203119849965,15.653970211438132,0.02531883876355743,0.6904955242587556,Aramark
16a5e160-c11e-4d29-a6ff-a6acec898258,3.252858,,11.942804,United States,Consumer Cyclical,0.15464,0.25246,-0.44595248,0.09217900285665026,-0.12670593606636138,0.1843923874649167,-0.04557444161635349,7.10910704966673,0.006751329046483771,1.2989695829759647,Bright Horizons Family Solutions Inc
310f3d71-0177-440b-9507-448a73268c74,1.9037744,0.91,7.4845567,United States,Technology,0.22264999,0.37798,-0.33589125,0.024028194084970922,-0.026585928318966667,0.047257548758756984,0.08371642057114825,1.5834919401396863,0.023544462939040677,1.3591290876074367,Amdocs Ltd
f807fe6a-d5ae-4597-9e68-5ac47fc0ea20,0.8184275,,-9.822394,United States,Healthcare,0.01889,0.69286,-0.12995899,-0.01540994732979084,-0.105923973007502,-3.5253441189901493,-2.5140236944078653,21.895453588718166,0.06413363085850841,1.1372366113416688,Teladoc Health Inc
11c9edbe-bb0d-4364-9b28-43c17ce171be,4.6771574,0.45,12.468105,United States,Healthcare,0.26708,0.6437,0.28985512,0.2481055587939165,0.15484291829277352,0.5373708243210766,4.603156491563611,,0.011217122227952552,1.4257671480144405,Neurocrine Biosciences Inc
7458ccff-5c37-4c67-bf67-ac50c25e59bf,3.870286,1.61,16.243523,United States,Basic Materials,0.14945,0.41355,-0.17875314,0.010868040329562234,0.007182619001594226,0.16647172349260186,0.24561306762893742,7.9642453652397895,0.029901230670222417,1.0201314108508213,RPM International Inc
16fc9733-3b25-4df6-8c3d-18109a6f361f,0.9519992,19.27,10.285098,Ireland,Healthcare,0.18786,0.28155002,-0.10990441,0.01988873147577097,-0.4061523218575014,0.027898643123996036,-1.7334313693153662,7.715345324716813,0.02174276791353391,2.0583034013033323,Icon Plc
10ff992c-2b08-4bed-860b-edeb9eedd090,4.087265,1.6,17.458118,United States,Consumer Cyclical,0.21303,0.21753,0.090722084,0.07336901028177589,0.1519751755311668,0.053926811474642955,0.24085341167951058,5.185656886844099,0.08994042689868488,1.0773672834243027,Packaging Corp Of America
15b2f07c-260c-4be6-8eae-5d751fdb9b03,1.0338013,0.05,-16.474527,Germany,Healthcare,-0.42468,0.78650004,-0.08435583,-0.2796281749148992,0.4254449993466014,0.18144833197721733,1.0763041309433374,,0.0747896797280333,7.668027585023361,BioNTech SE
682312e5-cf49-4217-b4b6-eb2fa0ba5e4d,-1.7515923,0.36,6.4269605,Hong Kong,Consumer Cyclical,0.23419,0.37982,-0.1433022,0.11320868619013402,-1.6874583916989383,0.17214334296888278,4.451902229500678,18.828666006927467,,1.4586108151254993,Melco Resorts & Entertainment Ltd
6aeeed9b-40fe-4309-bcde-4947ad617aed,14.578784,2.2,22.885265,United States,Real Estate,0.45459998,0.67221,0.22087073,0.028236597321793733,-0.012017817766034167,0.0283134934682876,0.05433890387211959,9.60082278417941,0.07899978277157077,2.9468053940254686,Lamar Advertising Co - Class A
920de4b8-16bb-4d4a-b24d-6fb069c4f871,0.034579065,,,Egypt,Financial Services,0.0,0.0,0.5448718,0.4471157885971596,-0.4873891802471,,,,,,Commercial International Bank (Egypt)
0cb7afd9-a2e4-41d4-9514-3c62236cab64,1.2384079,2.2,9.686364,Chile,Financial Services,0.0,0.0,0.19430149,,,,,,,,Banco Santander Chile SA
273a5b37-1754-47f0-a310-50b96e9859b4,0.71786624,1.01,4.112095,United States,Financial Services,0.0,0.27021,0.0026254654,0.01962310300739345,0.4009427712413203,,,,,21.434439578140825,Lincoln National Corp
5b632d47-67e3-4193-a443-83b6da8ba082,4.5231204,1.74,13.690411,United States,Financial Services,0.29774,0.78296,0.05879605,0.10696882424303045,0.1642665717630879,0.20846225200505253,0.23497710232637137,,0.020519631609345685,1.2674576777815985,SEI Investments Company
a68ae27e-7a3c-47c9-aba4-e912ce5d38af,5.205612,1.92,13.989678,United States,Consumer Cyclical,0.16023001,0.28755,-0.14904398,0.04679411307581027,0.14458967120088828,0.08040500297796305,0.27107525987338554,9.455439636071977,0.02140866317385304,0.9775864070701561,Avery Dennison Corp
0c8c94c2-b928-4569-b15d-9ec33b3f8f35,6.7623286,1.59,17.851915,United States,Industrials,0.27785,0.38393003,0.3275919,0.07068099358079816,-0.15953535194612756,0.030191004313000702,-0.18265672628729201,11.870024692994225,0.2820653889557546,1.8182860117232829,United Rentals Inc
f6c816b2-ba5d-4016-908d-79d99a94d23e,2.2292762,3.08,13.550348,United States,Technology,0.23515,0.71480006,-0.23099458,-0.026063584285830665,-0.059357929143431964,0.5491153142159853,-0.6099975714281483,5.358634411669513,0.00686269203038363,2.463631844429132,Trimble Inc
383a5be1-c897-4cd9-b766-a90192af883e,2.7923899,1.19,15.973293,United States,Basic Materials,0.19428,0.18531,2.044902,-0.043661899542652094,-0.35746877988205705,-1.311277695014105,-0.5887304136695432,6.65751372489749,0.10734227204974986,3.0854790830284085,Albemarle Corp
734a8e64-c945-46c5-b743-77ea626e9119,,,,,,,,,,,,,,,,Revvity Inc
d107a145-d224-4e9d-98a3-07f6d6db1b68,-30.624388,2.7,46.777695,United States,Real Estate,0.33811,0.55018,0.23758161,0.12225026419090113,0.14195605248537757,0.17831594308015375,0.5794095407589541,26.33010938455527,0.30152316623110537,2.878445994974026,Iron Mountain Inc
6301c012-e9b8-437d-b274-0fa4f0f78d51,2.2337615,,-11.7841,United States,Healthcare,-1.03326,-0.69888,0.8582797,-0.3991872460143795,3.2776862041220527,-0.06191265892758435,1.7318649818649818,,0.06157303547895473,5.390000155038207,Moderna Inc
450c59e4-304e-4d05-8a34-3f0b7ef98108,1.9286923,1.14,12.158658,United States,Industrials,0.11088,0.17836,0.16160691,0.08006130491899,0.05441207379100588,0.09668508287292821,0.071027188136086,5.0831353919239906,0.030287069248978782,1.1641921449850665,Textron Inc
bccff46b-092b-4dd6-9b8b-1edf7dcd0bea,2.8227358,12.52,41.660267,United States,Communication Services,0.21489,0.32021,-0.07298893,0.22693676430331244,0.20234129851295202,1.0517241379310347,1.084532536881166,13.543757292882146,0.02657973921765296,3.769746740220662,Liberty Media Corp (New Liberty Formula One) Serie
172b3417-c3f7-44ad-8320-050b9e3c4677,14.337863,1.44,18.77841,United States,Industrials,0.21945,0.33193,-0.17284566,0.05826962520977075,0.0024244234464612102,0.015018443702792927,-0.2077040689562908,4.040908527143479,0.028300809191343267,0.7394632466094292,Lennox International Inc
e6f42f3e-cd8d-46e6-9642-e60e4b6340c2,5.638989,1.6,14.56693,United States,Industrials,0.11908,0.29686,-0.45619476,-0.004058970207418522,0.1653119910284595,-0.046592272346590025,0.33525465052132863,6.8321213485297285,0.009640051892744193,0.6907383968540713,Pool Corporation
ad03e91a-c49d-4703-bc8d-573f96cd15cf,3.102059,3.59,36.514416,United States,Real Estate,0.63687,0.67989,0.15717351,0.06363913070958338,0.049505628069607566,0.18566940010311184,0.6962750963679049,22.117768562224104,0.22642974648801908,6.800922694799402,Federal Realty Investment Trust.
f9fb841d-5c6f-47a5-9129-bc682c8c5d79,8.5105915,1.67,44.074272,United States,Technology,-0.04428,0.71749,0.6515528,0.2279426826478499,-0.08277271562634714,-0.2087636470935379,-0.25764191044773876,-0.0,0.0020131528758681105,1.4704922977680135,MongoDB Inc - Class A
6f0ff03e-610d-46c8-9bd8-1c71f9046536,1.9846134,1.3,9.327616,United States,Financial Services,0.26972,0.33731997,0.268636,0.04905104911377889,-0.004817140845864376,,,6.1123860247356205,0.023459890987726363,4.974710478232509,Globe Life Inc
a4274da8-4b28-41dd-a8b9-fd137af5d843,0.9713068,0.92,7.4033074,United States,Consumer Cyclical,0.10658,0.38301998,-0.41847825,0.04175145074986819,0.005554315901479034,-0.09405654933641083,-0.08556658395368077,10.106802721088435,0.014645109362647069,1.1204958673252992,LKQ Corp
418f6579-d275-4882-ac08-b1c5a559d982,23.598597,1.14,11.198446,United States,Utilities,0.06973,0.16445999,-0.2073307,0.03389018851825182,0.1780551693077571,0.46959011251922045,0.312250346740638,19.404341223983913,0.035449604743083,0.7888926630434783,NRG Energy Inc
4e6109e4-1e29-49cd-9baa-a28c3e176f3b,2.49541,1.19,15.952115,United States,Industrials,0.08826,0.12445,0.42214954,0.08227134807108794,0.06063028792747094,-0.027210884353741527,-0.12559934915442006,8.074955908289242,0.03183126980617878,0.9667872649139471,Huntington Ingalls Industries Inc
07877961-76ba-429b-8af8-f66b2e15f772,0.70440614,0.64,9.750226,United States,Consumer Cyclical,0.12977,0.25340998,-0.10226852,-0.004752281556533733,0.13162133705549173,0.18428513568246263,0.7707160270574176,3.8361851332398316,0.04124386739730133,1.2485484233610344,Mohawk Industries Inc
e169f78a-af31-42c4-b44a-9fde93aef552,20.507866,1.36,14.060415,United States,Technology,0.26099002,0.70458,0.1812272,0.04387568555758681,0.036911456371135465,0.13677130044843056,0.1228212270269915,1.2358651747028149,0.027276791587845583,1.494373187223185,Netapp Inc
31a5c3b1-578e-4cc7-9b46-168b493ef99e,2.5477352,1.6,12.308692,United States,Healthcare,0.0783,0.31194,0.01224947,0.040321944291012324,0.08748491477597198,0.06719367588932812,0.17140420220511754,11.501908396946565,0.01397190728882371,0.8316273480120444,Henry Schein Inc
c39db1ab-2f0d-41da-80a3-36304c482067,0.98933244,,14.280393,Canada,Utilities,0.36580002,0.36876,0.024955392,0.04919163612847588,0.17978378885976498,0.03628111775798759,-1.0423179630479613,27.40278377211912,0.3075860435743606,5.454817256078307,Algonquin Power & Utilities Corp
737d7bd2-ee28-4eaf-98e8-7c14af2594d2,4.580762,2.57,22.42652,United States,Industrials,0.32059,0.52306,-0.1297552,0.022450045808693808,-0.0018487597546759105,-0.013735010474870468,-0.11443598726364312,,0.020997891310570276,1.4329906698185098,Graco Inc
10d61d5e-8ff3-4a5f-9345-9fa3d87b0192,,,,,,,,,,,,,,,,Cypress Semiconductor Corp
880e50db-2af5-4a70-9a34-1118acc4c9a1,1.7468951,0.85,15.682988,Ireland,Basic Materials,0.25062,0.35859,-0.23683167,0.04214873845013378,0.2556073272270101,0.04619011895831093,0.13435629407835759,10.333544762595142,0.09138392661449928,2.2647328348937856,James Hardie Industries plc
e71e0b36-f294-42bf-8c81-f94aaf565004,3.6214664,2.23,24.26456,United States,Financial Services,0.0,0.93554,-0.23726368,0.21206960486739646,0.08636268323927498,0.3308547860485167,0.08839511035159475,,0.05345562638011933,3.76844295087466,Tradeweb Markets Inc Cls A
ac3f5377-0265-4038-a5ef-f066893054fe,1.6074148,,46.753525,United States,Real Estate,0.51697,0.56445,-0.2106756,0.0647275661259974,-0.061520669753808876,0.08323075219067388,-0.09595536303034025,20.439041430717896,0.059306530632660705,7.147538401143643,American Homes 4 Rent - Class A
e1b24ef1-1aff-4033-8b72-5905090b3d4a,2.385308,2.3,11.130717,United States,Financial Services,0.16597,0.1929,0.0563159,0.025920716038970837,-0.16032937369421596,,,0.37983318854486425,,4.009028661096452,American Financial Group Inc
d8f9460a-bd63-41d4-a5c8-fccea4178390,5.464131,0.78,8.47414,United States,Basic Materials,0.58731997,0.53529,1.1868184,0.7077507336440532,0.6897547327553617,1.235203094777563,1.537603094777563,0.10262274883566455,0.12976893994174957,1.2859125770556323,AngloGold Ashanti Plc.
b6ac9b40-95bb-40b3-8de9-a3afbbc660eb,2.4400554,,12.106452,Canada,Energy,0.21912001,0.24870001,1.2762187,-0.06096444913762755,0.1660403582197193,0.07705140235637575,0.7116679361952775,2.484227321629846,0.0994400335456457,1.2187198624497673,Cenovus Energy Inc
8f22b2a2-b293-44d3-b00d-ec819512039e,8.085741,1.05,14.108932,United States,Industrials,0.23983999,0.35571,-0.18513227,0.003257654488768136,0.11839476536606541,0.013047138047137974,0.18431142718397142,6.266275491813309,0.026224829179862706,1.2172289631228728,Carlisle Companies Inc
24b8f055-534b-4dfe-9eaa-9d209c41f521,1.7935873,,,Brazil,Industrials,0.19448,0.21656,0.14912748,0.12100460088091847,-0.5042195386168471,0.1474850147603588,-0.3902472947564555,19.10266414527194,0.002931066889873487,1.8833530951208928,Localiza Rent A Car
5d9f63f4-9dae-4955-a70a-3d72de7b44af,,,,,,,,,,,,,,,,Santander Consumer USA Holdings Inc
46e458cb-8f33-48ed-b2ce-3ae5abff9ab3,0.75883394,1.82,68.72,United States,Real Estate,0.56251,0.66275,0.042159557,-0.0029205003618318903,-0.03273580355138661,0.037644997361760524,-0.2792106689702195,27.86541852398657,0.6690449487257917,9.792001593112946,Kilroy Realty Corp
c02b760f-314f-4714-9815-ef8c4d83a713,6.0569634,1.46,17.449823,United States,Industrials,0.14127,0.33218,0.15378606,0.006720548185891184,0.03297983928101744,0.18639575971731448,0.35655357894256556,5.0,0.016719028172992267,0.7936155777831796,Toro Company
298cc5b9-d040-406f-9774-353a6ae4f699,,,,,,,,,,,,,,,,Natura &Co Holding S.A.
bfc9f32c-8e3e-44f9-bdd4-b366db98341d,,,,,,,,,,,,,,,,PetroChina Co. Ltd
03840dd3-12dd-4ce6-a6a3-49449afda7ac,,,,,,,,,,,,,,,,Zayo Group Holdings Inc
fb901cd0-4312-4246-b48f-3fcddcafe662,-3.0704064,12.84,7.8754263,United States,Technology,0.33213,0.79737,-0.06550521,0.003976938316498091,-0.08667747035486928,0.24773738522076272,0.29113925473434343,8.034330977588022,0.008472563362991549,1.1261184860525708,Dropbox Inc - Class A
8c7c0f67-0f1a-4753-b8cb-37f2587f24ae,2.2463453,13.35,200.89783,China,Technology,0.43423,0.22614999,0.5672083,0.10755654777705392,0.052060065811654566,0.30171682784669285,0.9574471401963334,20.288581610165103,0.41135508411610905,6.806703464641967,GDS Holdings Ltd
0c4b26c8-9fee-4719-b81f-45b81ac1f00d,0.8215042,1.04,8.173268,United States,Consumer Cyclical,0.05957,0.14457,-0.5135037,-0.0652134642018426,-0.05157525694165199,-0.6344476744186047,4.824144103351422,28.038716814159294,0.025632578619127586,1.0899776329776323,Whirlpool Corp
4ae65b02-55da-462b-bb8e-6460a2659095,7.2356725,2.71,36.872337,United States,Technology,0.21632999,0.6802,1.0735722,0.09189693235125906,0.25483026615289917,0.10088115971988931,0.8071321330945996,,0.00835243990981696,1.8999935515304367,Cognex Corp
26231378-b225-403c-9264-74b5ea04b607,-0.9831308,0.01,1.3353504,Canada,Healthcare,0.34318,0.71038,0.16810346,0.0991207034372501,0.039391261476333206,0.12650602409638556,-1.9242359090943082,21.781404873265128,0.04083182859498764,2.491548685092054,Bausch Health Companies Inc
5217b00f-f6ae-4345-84aa-5b9d9af552bd,14.35183,3.33,17.399519,United States,Consumer Cyclical,0.27575,0.44194,-0.20210046,-0.0014442624743715715,-0.19075173335417728,-0.014606812235862354,-0.009416847354442148,12.56214183284357,0.08068497667460593,1.9598052818169696,Vail Resorts Inc
4ed90dba-b9d1-4153-9130-398cac7c19c0,1.1746459,3.62,7.153023,Bermuda,Financial Services,0.0,0.45793,0.18593311,0.09689861685992196,-1.1707386955052606,,,,,4.676173849162831,RenaissanceRe Holdings Ltd
a8ec4ec7-78d9-4530-b2b1-5cda75046c2d,4.2035556,0.41,16.349207,United States,Healthcare,0.23469,0.43488997,-0.11998677,0.10459316608352554,-0.013932435238840357,0.16647597254004576,-0.011089824494777911,6.761607232121537,0.12127455640144295,1.156134561524059,Encompass Health Corp
8f888156-6544-48d1-87cc-17f8ead5ac20,1.0355635,1.14,7.2377563,United States,Financial Services,0.08179,0.13461,0.0020980835,0.1984670580560992,-0.08423317988282197,,,1.7418168034291006,,5.71837403593389,Reinsurance Group Of America Inc
de1fb5bd-338f-4caf-b812-f78a26037dd1,1.9333138,2.86,17.762474,United States,Utilities,0.39283,0.44291002,0.036514282,0.09205105014571391,0.21433255781237937,0.05781226228510583,0.07324505544473281,18.13363570914758,0.32823890383071663,4.378951081241308,Oge Energy Corp
449e6b6e-ae88-4a0d-9a64-85fb8345c340,1.1451086,0.7,8.948533,United States,Utilities,0.39922002,0.39353,-0.09075534,0.021131086449076575,0.02333915959918431,0.1477635782747604,-0.018342998777568065,23.182391300656747,0.4841868747408586,5.4019759537840395,PG&E Corp
cf22f4ed-0ae8-4b85-8a9e-cc28e25846d9,4.026311,0.81,10.651343,United States,Industrials,0.07988,0.077259995,-0.34535939,0.002118779562109818,-0.13923820145716526,0.17868519859864884,0.31546205676820616,3.329907698401338,0.007805535834094647,0.753390424425416,AECOM
c1cc0251-a30a-4743-82fe-f5fad5a4e421,3.9293156,0.81,6.961893,United States,Technology,0.32443002,0.72305,0.02731371,0.03147566718995298,-0.02554312040008555,0.03746275010642819,-0.4481116510126486,19.922313078389145,0.075648632202752,5.460674832826679,WEX Inc
0c9948b3-e0eb-4d36-8df2-2b1f56840426,-1.9970798,0.68,5.613341,United States,Industrials,0.07308,0.22872,0.037942648,0.026956884140334925,0.030493485336235082,-0.2275822928490352,-0.8698789514578988,27.632209188660802,0.06613208633647417,1.1220845218797388,American Airlines Group Inc
1f060951-1038-4860-aea3-954f4853ca5b,1.8265064,0.91,11.072568,United States,Real Estate,0.05965,0.51085997,0.24548435,0.11448433612570352,0.11624717513904781,0.2527304499781564,0.5045543763223027,5.372454306711863,0.008820550144757008,0.6560153356919353,Jones Lang Lasalle Inc
1ed05465-88c5-481e-88f0-e7e37a88fc41,1.4587984,48.82,10.176647,United States,Utilities,0.23522,0.50686,-0.05399388,0.010679611650485477,0.14267279156215062,-0.08371385083713856,1.3307892825558785,15.581166379436945,0.11509715893922841,2.119343642391902,UGI Corp
c047f937-ec28-433d-83d6-706c4f55d394,3.7711337,1.77,10.01664,United States,Financial Services,0.0,0.94403,0.08988714,0.07196738977650763,-0.008927306535954749,0.2460992907801418,0.73242983068947,,0.002038096782330561,6.798522550405833,Credit Acceptance Corp
cffb6cf7-dcf4-4fef-a3ed-c2a254e62ea7,-124.89474,,-152.03255,United States,Healthcare,-0.37785,0.64896005,1.3588469,0.328822380029661,0.22808883421543813,-0.04156146426365148,0.4989569996400264,-6.51943734082518,0.04575663008728336,1.5130633156153797,Guardant Health Inc
56c1ca59-ebab-44e9-b59e-9568cecf4147,0.6034239,,5.479657,United States,Communication Services,0.35134998,0.49517,-0.21261537,,,,,6.524725274725275,0.18629343629343628,2.417953667953668,GCI Liberty Inc - Class A
9caff6d6-549f-4cea-b4c8-d75c17d39609,5.1615763,0.32,12.710687,United States,Technology,0.026670001,0.83655,-0.6938722,0.21072098349022905,-0.020116108316168724,0.5990125826072152,2.0413815601904894,0.0,0.05778588013999832,1.127135521263501,HubSpot Inc
03668d49-e8d4-4a3c-847f-be723cb22d6f,1.9893173,1.16,6.4865904,Bermuda,Technology,0.16757,0.36305,-0.34126985,0.06483320556600924,0.04141847135243326,0.05400190715017117,-0.1293006638648322,2.8156703584280156,0.017153375460944094,1.0371029446882216,Genpact Ltd
2fb386c5-e26b-41de-a9cf-b06f335b77f5,1.4723927,,8.549208,United States,Technology,0.27078,0.75282997,-0.52786887,0.11875635055038103,0.033975808772513716,0.5786907100757788,1.0492116798861038,14.487920275728303,0.05586770997424947,3.271676848150077,CCC Intelligent Solutions Holdings Inc
6df3bb49-8d23-4d82-9fb8-a4987068b567,25.060772,27.33,-119.36002,United States,Healthcare,-0.32002997,0.10936,1.1813107,0.33833519112570865,0.5288425811649118,-0.22926543801470656,-0.47218446372292566,-14.425003810435083,0.0634148867267332,3.0693988800589858,Ionis Pharmaceuticals Inc
58009cec-3d9d-42be-a54e-31bf14dc52ac,1.1104289,0.79,5.01898,China,Consumer Cyclical,0.08984999,0.23121999,-0.09760827,-0.023070160538889772,-0.11713993136138534,-0.05786663997515007,-0.2905440966111871,,,0.7206657657195467,Vipshop Holdings Ltd
b83fc20a-5c37-4b1e-b0b2-927b3c3ea4c0,-6.8790636,,22.752687,United States,Consumer Cyclical,0.0921,0.51959,-0.15898252,-0.035674749134021355,0.22933137886902344,-0.6808797993440092,9.822089470080199,5.980461811722913,0.005030263636460717,0.866738962433579,Peloton Interactive Inc - Class A
193a8b6f-07e6-46c9-b28a-d2c105961bc7,1.622773,,-9.311111,United States,Real Estate,0.09536,0.5223,-0.49518073,0.005708061002178688,0.37566456081304744,3.0647744267198407,80.90182947762095,216.47599575950326,0.7193723553283364,13.530387548199817,Apartment Investment & Management Co. - Class A
d935143f-b089-4df3-8c3e-1ce4b4224337,2.541703,1.0,18.578384,United States,Technology,0.43143,0.74166,-0.39144713,0.004519179105860305,-0.07955637794441461,0.04319597940221165,-0.15006501784117032,,0.16282309505661322,3.0874185827066754,Universal Display Corp
a4887707-35ba-45e6-b0fb-871854ae9912,0.573686,2.48,8.3418255,China,Communication Services,0.24113001,0.21065001,-0.3862434,-0.06617355862080576,-0.16532342467154904,-0.09941451698810666,-0.2952045180473294,6.330318563919785,-0.0,1.703411948956111,iQIYI Inc
8ea93461-607a-4325-a39e-5a79e8a05109,5.1129646,1.63,28.838923,United States,Technology,0.27222002,0.44775,0.7618165,-0.013760335678143942,-0.023642529005145407,0.018772893772893706,-0.161489407785951,15.441920637968138,0.07192532163792202,2.6023011004169923,Entegris Inc
54ca367b-07a3-443d-a488-a728d1d94ecf,0.4973282,1.14,4.4919558,Ireland,Healthcare,0.15252,0.34168997,-0.60992646,-0.04406118787947255,-0.07333342242025054,-1.5089816342241282,-3.3195184221553093,19.985094366111753,0.022353053800497798,2.3019038387899675,Perrigo Company plc
acc33f79-c7f7-4f74-bf0f-bb2535c21a3b,1.5430088,,7.339913,United States,Financial Services,0.15053001,0.56404996,0.17467189,0.042196237925775204,-0.22888723534691469,,,6.306763285024155,,20.98815343954981,Voya Financial Inc
aa799980-b09a-4f1c-8580-2a12900b6bb6,3.6563263,,12.49278,United States,Consumer Cyclical,0.14542,0.61691004,0.19340158,0.041445623342175164,0.19420522298183085,0.2543303760033797,0.6819256768904571,1.5195259272143398,0.03296551168482415,1.0239469602831022,Levi Strauss & Co. Cls A
0ba30d1b-6b48-40a9-80e8-6de978fd0565,3.3996153,,106.0,United States,Healthcare,-0.048010003,0.69682,1.3740201,-0.012836032692932431,-0.22421785537534678,-0.8673348142790722,-1.4636660177283947,,0.008827724300529888,1.5907026144666698,10x Genomics Inc - Class A
a16d32fc-4fbc-4b7f-b06e-264fbf078368,,,,,,,,,,,,,,,,Kirkland Lake Gold Ltd
a5a4b8bc-4ece-424c-be8b-032d0fe37fbb,0.9566702,0.07,5.9934926,South Africa,Basic Materials,0.17374,0.4067,2.297561,-0.07245385561253848,-0.15670756406592323,-3.1792044004962,-4.668179648865289,2.871307237813885,,1.069574287018105,Sasol Ltd
30192d08-1422-466a-9647-109ea0796ca1,6.070413,0.37,26.518652,United States,Technology,0.33775002,0.42665002,1.5800638,-0.14185144795831817,0.05555088087546545,-0.6506725399197671,-1.7500210066947246,1.7173551567971823,0.03554345995797766,2.0893658034439366,ON Semiconductor Corp
134f72b9-c3b1-4901-b4e2-9156d1770b86,1.3615354,0.61,10.209409,United States,Basic Materials,0.15858,0.19829,-0.12877315,-0.04934497816593886,0.08014462485863583,-0.2569444444444444,-0.35316856137501684,13.186131386861314,0.05810858039502767,1.7443860147569088,Eastman Chemical Company
25b6165f-8e3c-419f-a922-50c8b30c7a08,4.390916,1.56,16.424313,United States,Technology,0.44009,0.84713,-0.17680842,0.19175956896581736,0.12889970512474225,0.551476530844276,0.6627849747374093,3.1753076549033854,0.0035298511808871283,2.121172952161674,PTC Inc
021c472d-3836-4a2f-8492-4764af7179e6,20.707798,2.04,51.39518,United States,Technology,0.28988,0.55175,1.2067797,0.26135982206997377,0.24635325627941462,0.35666078487220987,0.4964848975501456,,0.06947640980326346,1.4221470032149661,Monolithic Power System Inc
c9024a13-0c70-4317-bac2-43f1b7e87119,2.1546988,2.16,11.325241,United States,Financial Services,0.12453,0.12745,0.25152373,0.07293962737174864,-0.013210985463195657,,,1.1461956413925563,0.01789459304356311,2.708618305424086,Assurant Inc
aa5fe479-d584-4d85-af08-7ef04934bc1e,5.8294473,1.72,20.741625,United States,Technology,0.28006,0.81542,0.2690935,0.09656974844821953,0.06668960371136978,0.14155226371253238,-0.113120729065463,,0.016358491825028694,1.9554324776880962,F5 Inc
5a210b04-670d-414b-a7b4-26424ef4ef86,3.1447558,2.01,16.88894,United States,Industrials,0.26888,0.51616,0.083544254,0.009337561663143035,-0.00252413874897095,0.025014212620807275,-0.06928906910376487,,0.014230445457269788,1.6033718695379604,Snap-on Inc
dcaf8840-4cd7-47b7-b946-cb8ef96c8f5e,1.4919564,3.37,26.806528,United States,Real Estate,0.60686,0.68961,0.06137514,0.09641121162206501,0.018365328558897165,0.07051964396298072,-0.7350869126959165,24.38645973595933,,9.131389577733046,Kimco Realty Corporation
72b944f9-41d4-41a3-a450-48413a512fdd,6.7299037,2.32,22.064533,United States,Industrials,0.24461001,0.35685003,0.22826731,0.04757207467103419,0.02507772507251893,0.11574313827032623,-0.1836057186294,4.57373686073527,0.0283017290043585,1.305948845854624,Hubbell Inc
eddd8d69-3956-429c-97a7-bc0dd3b3cd6f,4.927136,1.85,22.284468,United States,Industrials,0.31941,0.55280995,0.34448516,0.03783233782702178,0.0730046709384673,0.05150262774803238,0.22297373452086977,8.605957916550311,0.01903695644840266,2.104062123997796,Nordson Corp
7a654c8b-9920-427b-bc46-f7b4b3065edc,1.6601969,4.51,33.016624,United States,Consumer Cyclical,0.30263,0.49939,-0.059857965,0.021431747443308113,-0.03813477558317535,-0.003529411764705892,-0.22224727258061272,12.558445040371398,0.06884621809055978,2.760789564076873,Caesars Entertainment Inc
b9fffa1b-e4c3-4b6d-ab21-9db2d08045b4,6.8566813,1.48,18.108255,United States,Consumer Cyclical,0.17455,0.69649005,0.17697263,0.06749705944446127,0.08626482088339649,0.1581155826816707,0.27629632066925724,,0.05573783208248004,0.9562146805469212,Ralph Lauren Corp - Class A
3451fae2-f1e3-4e80-aa99-7da8807603e4,2.357702,1.72,20.143736,United States,Healthcare,0.01476,0.088570006,-0.43141234,0.11749077490774917,-0.097104105662149,,,,0.0024828291213482814,0.37046362931669147,Molina Healthcare Inc
4ba6e906-ebfe-46e4-a42a-cc6bb6379064,4.922278,1.09,35.70854,United States,Consumer Cyclical,0.24688,0.42521,0.26218963,0.017462165308498312,-0.11426419693899792,0.004854368932038833,0.08698989254600187,20.803529411764707,0.06186465176899863,4.324063236497227,Hyatt Hotels Corporation - Class A
f521f6ef-c8f1-4fa5-bdc0-aeb908f27857,3.356329,0.58,20.976345,United States,Healthcare,0.30231002,0.66399,-0.12134743,0.03596568063789207,0.02412991663654651,-0.3111891602273427,-0.412174595204164,1.6809491003772563,0.021718500927272705,2.1165512066438037,Bio-Techne Corp
c20ee9b8-0ff4-4391-abf7-03b926f2978b,19.030926,1.25,22.763336,United States,Energy,0.31503,0.41766,0.65212905,0.019999626407974924,0.1303239388654407,0.1759362433990601,0.16198657443035835,13.221375117588074,0.20774688082362702,1.50972585565582,Targa Resources Corp
3de38759-8ce0-4f03-a91e-18b4f46ccda6,4.217478,0.73,14.880296,United States,Consumer Defensive,0.04314,0.17395,0.06668389,0.04084272777675113,-0.017520738027346106,0.0,-0.41693497038647753,12.041471962616823,0.010684676523022983,0.3524242272254886,US Foods Holding Corp
3d828b68-c7e5-4c29-8fb6-bf845d0da8ff,-4.846841,0.57,8.872612,United States,Consumer Cyclical,0.15125,0.71554,0.23474383,0.02676642220364256,-0.039873456598968016,0.1751188934002208,1.8976360769649667,15.679220956719817,0.018028135908937766,0.9231691168412832,Etsy Inc
90cc423d-4e85-4af6-bdae-6343a450f181,1.288863,1.7,22.124767,United States,Basic Materials,0.06432,0.063140005,0.10820615,-0.08005270960303079,0.1254683743529018,-1.1121664405246494,-0.581656749210938,14.80028328611898,0.09065233236151604,1.85158527696793,Westlake Corporation
9ba04306-d0c4-44fa-9505-e1b4c98c5df9,5.8077307,,-15.007298,Switzerland,Healthcare,-0.24646,0.75448996,-0.021158159,0.1229789540240267,0.17597240932671898,-0.045818732661702444,-0.7813514912876018,-6.800517074848019,0.0314183861801591,1.5566554447172105,NovoCure Ltd
8be9dca3-e017-465d-bd0d-c696c4e0e48c,1.181349,1.27,15.541432,United States,Energy,0.106979996,0.20649,0.620525,-0.014205186020293081,-0.21023973923826633,-0.35335968379446636,-0.9817456547253115,1.8344086021505377,0.040952489605098584,1.2980271196110427,NOV Inc
20b10f0f-3f8a-4a10-ba78-ba2efab2be28,5.254329,1.19,12.309517,United States,Technology,0.23705,0.69417,-0.46544236,0.1657193068862276,-0.24018324697027538,0.37912696281844516,-0.4019139162977059,,0.045807717522611376,3.0055521720915634,Paylocity Holding Corp
2ecf30e0-15ee-4722-a287-1698a9ca1464,8.058809,3.87,11.083201,United States,Technology,0.12227,0.74961996,-0.3151158,0.04506720572714529,-0.18308829345517708,0.349876618920379,1.4942183875599617,0.0,0.010793152205942916,0.8528715052631903,Pegasystems Inc
81ee005c-c43a-4f34-a3e5-bc648bae609a,2.5924704,2.29,17.344776,United States,Basic Materials,0.09571,0.28701,0.18810356,0.033198409830140996,0.2856797962243761,-0.09018294254058234,0.5148713765807627,3.489611865858455,0.020639542187334235,0.7115030552712952,Reliance Steel & Aluminum Company
82729fbe-97d8-43a8-af64-b0f1c39289dd,,,,,,,,,,,,,,,,Healthcare Realty Trust Inc - Class A
5c86b216-5f48-4225-a15c-e37f93b596d4,1.2481635,2.98,9.234999,United States,Financial Services,0.16521,0.63868,0.09980333,0.16160020223724958,0.3717737557386058,,,2.3154545718634423,0.023988375861503663,2.207128428220959,First American Financial Corp
fb4e4659-e1d5-4c36-9915-7829f407ffab,2.665175,1.52,17.738579,United States,Healthcare,0.14130001,0.47616002,0.13439155,0.02082343155893529,-0.15059159195234617,-0.31007751937984496,-0.6123717164108841,15.466748516472274,0.03475495060388167,1.8034696622428545,Bruker Corp
fbf3b0df-7d64-4998-a418-5e17dda0ff8e,1.0269938,11.67,-109.97082,United States,Real Estate,0.57885,0.63189,-0.21663314,-0.0077916295060506124,-0.009263509781390233,0.04981189809517217,0.09517343126896449,35.476762323870915,0.29385711795453295,9.389271491073062,Douglas Emmett Inc
6976a2d9-ab4a-4219-8e64-983bfb2c8a69,-8.213641,0.13,7.3442483,Israel,Technology,-0.035099998,0.67371005,-0.69664854,0.1319932979297418,0.00660361482155869,-0.8046625780050052,0.3510518473917337,-14.506995714088207,0.004804995211873956,1.0884413368524941,Wix.com Ltd
ebe58436-dca4-4f2a-9dd8-666e725118c1,6.773866,1.8,16.14753,United States,Healthcare,0.15551,0.32376,-0.24824399,0.04059208147783466,-0.04429686374369357,-0.05173183360114264,-0.10486640475012521,0.18817835736270858,0.026227017746646115,0.6313076703901929,Chemed Corp
9cf0595d-e529-4c63-b825-b824aca4b531,2.1826344,1.83,28.258293,Canada,Industrials,0.2017,0.2839,0.0023593903,0.06787014411808712,-0.1661709009807426,-0.15613987530496065,-0.5179489205310913,11.816374388254486,0.08779073296536832,2.272744550819951,Cae Inc
ee7ddcc2-0666-43c0-a03c-10f912540772,0.74394464,0.15,2.787592,United States,Industrials,0.04696,0.28593,-0.5222222,0.016092339089448293,0.1598535369302816,-2.4693748877837765,-8.19390441474281,40.56609195402299,0.012279044981456839,1.2473350748196377,Xerox Holdings Corp
9f31e54f-b537-49a7-9319-c3b29055858b,1.4340442,1.17,11.578022,United States,Consumer Defensive,0.17589001,0.2905,-0.08068037,0.04651401055273818,-0.1482836377929002,0.15139659721590393,0.5094958869077822,18.893681854920814,0.05780702760138707,1.5641127024444716,Post Holdings Inc
c2b4bdb3-5acd-4381-b6ae-f0d12ff37197,0.031124262,,,Turkey,Financial Services,0.0,0.0,0.06666672,0.44071137801500804,0.012629149244327342,,,,,,Turkiye Garanti Bankasi AS
a0fdb22d-6196-4b2f-8260-1a1dd5766dd4,1.7319918,2.06,11.650161,United States,Financial Services,0.0,0.0,-0.18386728,0.055728719764539636,0.011645459704193284,,,,0.02959935186420206,18.216635144602677,Commerce Bancshares Inc
1afdbd73-05b5-4d6c-b2c3-18633ee1ca61,0.0073865578,0.19,0.06484642,United States,Financial Services,0.0,0.0,0.11320758,,,,,,,,Signature Bank
b7666262-8db2-4d8f-998b-4d7a5372dd42,16.8736,3.78,20.110725,India,Healthcare,0.20989001,0.52768004,-0.058782876,0.13537146319937854,-0.10282139790202494,0.09329126235552243,-0.7620058576296925,1.855760960799165,0.11564210238101137,1.5757829028819046,Dr. Reddy`s Laboratories Ltd
5409d67b-e636-4418-850e-a3acc7cf965b,1.958666,1.29,11.7762575,United States,Industrials,0.26582,0.87438005,-0.29533345,0.059203703165763955,0.033890861567225095,0.04087976539589433,-0.07597396406797663,,0.05841427976331592,2.356458640890536,Dolby Laboratories Inc - Class A
c8624984-5cd5-4c5c-9ac5-0aed9bd3d467,1.4497367,14.09,9.060475,Netherlands,Financial Services,0.0,0.43976003,0.19686162,0.17476249272670263,2.302973766698014,,,,,19.586196278633977,Aegon Ltd
8f352fde-e655-4b20-b795-4801cc63cdfb,3.254428,0.95,8.967511,Ireland,Healthcare,0.45244998,0.91501,1.083895,0.061224181081653395,0.14280103484213535,0.1161865254884944,2.5384584701760637,7.810745751194455,0.042929820012183206,2.5806941430900086,Jazz Pharmaceuticals plc
73ba2953-5f4b-4cfd-bb14-7bfbf4589ae9,0.58639336,0.18,5.794329,United States,Consumer Defensive,0.14032,0.63197,-0.59045726,-0.013470864444615538,-0.06054499158434856,-0.37009909521757867,-0.21317142356486085,15.914327917282128,0.03359356146153372,1.9548257496129138,Coty Inc - Class A
ae7e4eb5-c795-4144-abb4-3eaf48a47c08,,,,,,,,,,,,,,,,Horizon Therapeutics Plc
a6131607-074c-4806-ae98-8883f2eb9021,2.0341668,1.83,44.81739,United States,Technology,0.08813,0.37557,0.56861544,0.027266475222436304,0.2649264090760991,0.0958680218601562,0.16040879777818506,,0.06749138811001515,2.3059308759906894,IPG Photonics Corp
6a10bf23-f958-4b5f-907b-79a59384b164,-6.561233,0.74,11.946855,United States,Basic Materials,0.16188999,0.32491,-0.09853548,-0.01944991810305291,0.05570861773242497,-0.604719116455718,1.4260341614597347,16.4764183533629,0.02538319789358342,0.8934035710371261,Scotts Miracle-Gro Company - Class A
a907b60e-cab0-4066-ba74-7fb3ec38c5ea,1.946383,0.76,10.318582,United States,Consumer Cyclical,0.23051001,0.34429002,-0.007378459,0.05082326633400691,-0.10264374476583882,0.0015048048344055154,-0.21578634112531958,,0.04902839663500477,1.0884902778955676,Gentex Corp
51a18502-ae67-49fd-b43f-f2744cbd2fd3,3.724898,1.12,8.046521,Canada,Basic Materials,0.62303,0.68721,1.0329514,0.36946472964574273,0.3807284221254019,0.6352541613794134,0.07600459387266745,0.02014072361898264,0.15948400450975195,1.535185842654585,Kinross Gold Corp
d527494d-11de-4f91-9f4b-ceee8d5b5ebc,2.933516,50.86,23.96497,United States,Healthcare,0.08464,0.61579,-0.026830375,0.11871826702317922,-0.28574392134381066,0.16382460414129119,0.8577046420525607,,0.09086783441072262,1.1990150125060757,Acadia Pharmaceuticals Inc
e021d11a-2186-4d11-9159-457998a9a3d5,6.6833224,1.43,16.559341,Switzerland,Technology,0.17818001,0.43348,0.1906358,0.0033511570078043618,0.23157176247150035,0.11982500927020301,0.4346618913167152,,0.01250030772022244,0.7790294503027412,Logitech International S.A.
64a27090-2f48-49a8-bb49-cf90321afce8,2.0665872,,8.354744,Canada,Industrials,0.10775,0.30212,0.049661398,0.019328539367013287,-0.24823307889478663,-0.37151702786377705,-13.940490583585213,9.981811349099374,0.12129262426117783,1.0392622069775066,Air Canada Inc
f0f3d547-d720-4052-a3bd-a5bf676e4cb8,12.834968,2.26,34.206284,United States,Industrials,0.15604,0.18556,0.62487066,0.0423553719008265,0.06930269481303997,0.14074074074074083,0.045199339466855504,9.44864818168843,0.06856247899313121,0.9850283394536018,XPO Inc
e5715ac3-8689-4cd7-9269-b21e762b8221,2.7866342,2.07,18.281387,United States,Healthcare,0.20828,0.36672002,-0.27460778,0.05422745325700751,0.05797463072959275,0.06949798507165128,-0.07090413660471939,5.073029439059387,0.07283982743546925,1.3115204190974943,Aptargroup Inc
f1346cab-372a-43fc-9910-fe79abd6164d,8.0688095,2.62,32.52568,United States,Industrials,0.18082,0.28545,0.63541424,0.14056398105241064,0.011018503380955114,0.21430477096358858,-0.03448490772039303,2.6151360116139077,0.043939412592393985,1.1909878865479635,Woodward Inc
7a5a5619-12d2-4975-823b-9011d104089b,,,,,,,,,,,,,,,,New Residential Investment Corp
555432bb-431c-40c6-b2f6-ab22eeb3b070,2.6956317,1.06,16.816912,United States,Basic Materials,0.82838994,0.87133,0.31900632,0.432413347326573,0.42825059032481905,0.34415708630682085,0.32502805329212703,1.1727301000771015,0.8987118581419914,4.05728972225967,Royal Gold Inc
5393cde2-9a5c-4689-9b1d-d1a357ee51aa,1.3349963,0.36,7.6690917,United States,Consumer Cyclical,0.0712,0.07631,0.41041446,-0.002012357332875636,-0.07606533322411835,-0.015444796654751514,0.01780907817599431,4.332756149988058,0.024751718109009578,0.6459647868654331,Lear Corp
96e09ae4-76b9-4af5-96c9-921fd5debfce,47.63926,2.38,129.54074,United States,Technology,-0.015579999,0.73327005,0.25418997,0.29300409179545184,-0.031209545230179936,-1.005117961782688,1.2715709704135059,-202.79384284651215,0.14710610455257098,2.265978091239357,Cloudflare Inc - Class A
5e02213b-8e56-467b-87e3-5ac550aabee2,5.934262,1.59,28.203983,United States,Industrials,0.10163,0.28012,-0.17419446,-0.0019105805256614539,-0.05104743920029098,-0.042432229713841085,-0.026539552208624362,,0.0047712994297672146,0.6267378343028415,Watsco Inc - Class A
ce1dad0d-6a4c-482e-95b5-04b8c0d56527,1.1979636,0.8,8.210096,Ireland,Industrials,0.55903,0.61947,0.22809947,0.06503028020254487,-0.0015312552588335748,0.11431502413198036,0.029795368536596145,34.9009876520995,0.584596650713019,8.312791143437643,Aercap Holdings N.V.
5e227ab9-1d66-4c50-bdbe-6569bcbae086,2.0927274,1.4,12.46749,United States,Technology,0.03111,0.07097,0.8518013,0.069383763578305,0.25775477450160356,0.14755323990521174,0.5358070294417209,5.9404276039261,0.002055710453847261,0.5048045654702862,TD Synnex Corp
667f5a12-f86e-4ace-b5f0-e9f5d6685a3d,2.2147734,,3.7795937,South Africa,Basic Materials,0.21115999,0.13233,1.320574,-0.10016744062017369,0.08832717675603696,,,,,0.9969048312762674,Impala Platinum Holdings Ltd
da1a05d9-a168-4199-8dc7-7d92fd1ad57a,5.702716,,30.190296,United States,Energy,0.65941,0.99047,-0.17395425,0.6598516877149355,0.4034084747891853,-9.542754197124026,-38.83751274880517,11.621450745050163,0.02054844278894409,5.47965265641886,Landbridge Company LLC. - Class A
958175b7-42a1-47e6-8a19-5768766f3852,8.7207,4.61,39.2658,Israel,Technology,-0.13352999,0.183,1.9749517,0.31392325304840174,0.45771494125136125,-0.787304525093211,-0.15867000141771004,-0.7480491678102731,0.013374730419877627,1.7964938840813,Solaredge Technologies Inc
fe7aa652-c928-4830-9e0e-4629adcd7ffe,1.4427358,5.84,190.13333,United States,Real Estate,0.20834999,0.31822002,-0.2112832,-0.002539156235540019,0.08423761301688015,0.016097973580966762,0.6192034818475568,29.032288653403388,0.2279365461531634,3.1111724719768517,Americold Realty Trust Inc
b44e663e-457c-47fd-9d8b-41f73912f48c,0.9292181,1.74,8.76841,United States,Real Estate,0.0,0.88101,-0.15601784,-0.05368667312036146,0.16110400647195067,,,,0.4631979873714051,107.6677296893735,Starwood Property Trust Inc
f35bb51e-7bc0-4afe-9a30-719079f5240d,1.9877272,0.47,5.426958,United States,Technology,0.15379,0.24301,-0.40398663,0.07279778320835262,-0.034248599857945594,0.06894764270276577,-0.1721743701578753,1.3301374639767796,0.02891371983071974,1.4613811880576426,Euronet Worldwide Inc
b141e2a4-7d05-4929-851f-2470956a78ee,,,,,,,,,,,,,,,,Continental Resources Inc (OKLA)
6cfb2c9a-1f4d-4dea-8807-f97873b023cf,0.9109442,1.3,-23.362173,United States,Real Estate,0.38224998,0.47755,-0.27348965,0.0650659995979721,0.07131318542782328,-0.4380674855505273,1.4353861826890986,43.71779416792173,,12.065053982267925,SL Green Realty Corp
71a7e5be-f0f2-46b8-a967-bb52312c2b0c,0.84821224,5.1,7.201338,South Korea,Financial Services,0.0,0.0,0.68452847,0.04409553746891359,-0.08801708691766819,,,,0.039864567726317114,47.992923528430424,Shinhan Financial Group Co. Ltd
849b173d-925a-47aa-8ae1-aeabf05605e9,1.208622,2.35,10.815556,United States,Industrials,0.12901,0.28601,-0.25261056,0.019480641067928017,-0.0022875657885763623,-0.11671186936761357,-0.11660385824434583,22.608345492912992,0.5319858682195304,3.515854427108424,U-Haul Holding Company
20996b0e-4afe-4a36-afa2-6f06876a2574,2.513355,514.23,15.556142,United States,Technology,0.120699994,0.32558998,0.018915296,0.1263724844095797,0.0043725222579225065,0.144515179246409,0.020818248928347494,11.769999453724948,0.009586411415493169,1.0337565339646126,Caci International Inc
6dc3c144-fa50-4e42-b0df-9f27bdaa9792,1.6138564,1.39,11.796012,United States,Financial Services,0.14799,0.63490003,0.01944518,0.13412601093950216,0.23701463206383766,,,3.924981644451511,,3.156779566606135,Old Republic International Corp
242e747f-9e11-4297-9baf-92b7690d210d,2.366352,0.54,10.795827,United States,Consumer Cyclical,0.13855,0.18787001,0.91197824,0.01632826920346453,-0.10737572763072611,-0.21263669501822602,-0.036120756172839386,3.693353474320242,0.030696246412088773,0.985314627729854,BorgWarner Inc
d8570475-8e0d-471b-a6d9-8498bdc78cc2,0.69666183,0.97,5.752895,United States,Consumer Defensive,0.111169994,0.33992,-0.32513183,-0.04985491954629384,0.12932826852246782,0.10869565217391308,1.0011375126390294,23.32916145181477,0.03130652650770183,1.5433421867707944,Newell Brands Inc
7ccc3061-ec13-4dbb-ba74-ab40849908be,2.5387354,0.29,11.995598,United States,Technology,0.20358999,0.29453,0.8198874,-0.02992032756962093,0.019622932471303978,0.04784437434279698,0.46724664497233903,12.327544137022398,0.03125,1.8714277762875537,Sensata Technologies Holding Plc
0bdffda7-d8a0-44c9-a2c6-dc689fa6eb27,3.8278294,1.0,20.193193,United States,Industrials,0.2768,0.39167,-0.38207626,0.019816770000234518,0.029948383328106898,-0.147793389329559,-0.20758990171632907,2.787098537362257,0.19833535756682008,1.291732094337414,TREX Co. Inc
3616c80f-c5df-4337-9e4e-9e1dd1028995,0.8125313,4.18,9.249022,United States,Financial Services,0.0,0.0,-0.085659266,0.06051680572606355,0.08940481752515472,,,,0.024817393301184588,29.36826362913959,Prosperity Bancshares Inc
4f84cfd4-ed5c-4eb4-9451-c6fbab2b6463,47.561604,0.27,16.868788,United States,Consumer Cyclical,0.25098,0.76177,0.5699891,0.05089039453171851,0.143368398525472,-0.02079002079002079,0.7414145020235234,3.153116118554608,0.018112803495384057,0.8528111645743327,Tapestry Inc
829395a5-37cc-4047-b719-d905b1c7e25d,1.4806529,1.37,11.248403,United States,Consumer Defensive,0.02774,0.04442,0.52490664,0.3242637644046096,0.992018668549755,-0.055118110236220486,-0.4517117842021573,20.69785257355646,0.02171403133564481,0.52626419341718,Bunge Global SA
e9cb240b-a33c-43c2-b803-9dc9931e5a96,1.661432,3.07,20.282326,United States,Communication Services,0.14227,0.5717,-0.08506882,0.029955067398901747,0.2839092610974361,0.1395775941230486,0.4089075023354031,0.0,0.048863636363636366,1.7879829545454546,News Corp - Class A
801f2ea7-c239-4223-8e32-f22945f84bb4,1.2337368,0.38,9.13759,United States,Financial Services,0.20138,0.28915,0.7690803,0.06133230704639292,0.19576124326904887,0.09855046844617288,0.15502108954082927,11.768906297077432,0.011391906052145497,4.204250430517574,Invesco Ltd
d6a3b2dc-be4a-459c-83d6-b357f94b66da,5.877449,1.1,23.886566,United States,Industrials,0.121929996,0.38138,1.0448236,0.06790693835706518,0.2431984987207252,0.2098898344360709,0.6098158184540007,7.596386432915271,0.038903096923756764,1.2801574167739351,Generac Holdings Inc
6f5d84c7-840e-4306-aa82-2b0346229d41,11.776105,1.73,35.104736,United States,Technology,-0.02266,0.76632005,-0.362355,0.25906930081802737,-0.22308655290892143,0.667602375260276,1.5944073414205415,-12.667867329236378,0.08004636738869468,2.0839224516814485,Zscaler Inc
b0e128af-c47e-4d14-abf5-32e2742ba50b,0.5715186,2.05,11.0031805,United States,Basic Materials,0.16035,0.13307999,-0.38444132,0.056038921836712996,0.3674476191786207,-0.36542112704504137,1.1633002478363015,8.858411377517854,0.10936883659862134,1.9433222729456483,Mosaic Company
acba9aa8-1718-48da-95e4-cc0364a07f59,3.0662787,1.08,12.495767,United Kingdom,Industrials,0.26188,0.41222998,-0.27911127,0.022827471343195738,0.03022649072865069,0.03540587219343694,-0.1495732654978008,5.561563087660171,0.016776527523153187,1.6169657461934444,Pentair plc
303c9391-f151-4a26-b74b-eba6eabc7e70,6.3227735,1.4,21.667706,United States,Technology,0.12798999,0.27179,0.084255815,-0.20552453915368285,-0.18833469492069177,-0.6472969032288339,-1.0366948229738258,13.612674562686284,0.03281109337144618,2.2740718794763506,Enphase Energy Inc
2fc9feb9-0437-400d-83be-fd29bc99c6c8,4.733498,2.67,15.206995,United States,Financial Services,0.2022,0.17913,-0.42837596,0.07409012625297606,-0.14823210095609363,,,,0.030180670424715995,0.8059561449409864,Erie Indemnity Co. - Class A
9d145a80-c04e-4e90-a17f-52fdf934d745,1.906288,3.53,23.271465,United States,Communication Services,0.14227,0.5717,-0.091353476,0.029955067398901747,0.2839092610974361,0.1395775941230486,0.4089075023354031,0.0,0.048863636363636366,1.7879829545454546,News Corp - Class B
6b596955-5aad-47af-8a2c-c32f73eb1a9f,28.086725,2.31,64.0852,United States,Technology,0.11133,0.42125,5.84603,0.18793535668519334,0.12334259637762734,0.10359103463169017,0.47450065985939993,3.381792144599938,0.03664937694193574,1.1301650771211456,CIENA Corp
e13c5b18-5425-4f6b-a9a1-a20743754fce,0.058674667,,,Turkey,Financial Services,0.0,0.0,0.17164183,0.43573028107193545,0.36904369132770753,,,,,,Akbank TAS ADR
7fdbc2ea-3c63-4588-9818-724cb44be928,0.78313434,0.76,,Germany,Industrials,0.08823,0.18857001,0.3006897,0.05364412868204682,-0.09353178975135656,-0.11994219653179194,-0.2089650168277395,2.795441856448103,0.11124074880524865,1.2008961399418656,Deutsche Lufthansa AG
3c35b954-cf4f-4757-94f8-6b702d9cfb4b,81.86725,0.63,53.92763,United States,Technology,0.20447001,0.40837002,11.465648,0.2102707474985286,0.8694583854116942,-1.4324324324324325,9.255447387124528,15.363011006289309,0.1359910052269927,2.0761333651121485,Lumentum Holdings Inc
4e063e55-0fa8-4cb2-a1f5-49527b9e77a0,3.2791932,5.33,25.696333,United States,Real Estate,0.62605,0.71172,-0.119779706,0.03257079652500039,-0.007751145108716662,-0.0007875723368070409,-0.015947590787017796,18.996834070970866,,5.884489327518596,CubeSmart
f4d41760-1ac1-4c8f-9693-7f551a604ec9,5.9929194,3.79,23.341743,United States,Communication Services,0.18937,0.50663,0.3478104,0.07913762554415649,0.041377041905810374,0.17176954698419722,-0.0619856072567575,,0.011824042219178998,0.9937147373270093,New York Times Co. - Class A
975a7896-b077-4e66-8920-28fb85ea867b,2.705353,0.67,18.29173,United States,Industrials,0.25983,0.43222,-0.1579892,0.05748445058742235,-0.08627450637543155,-0.008519456596822517,-0.2969719679409002,6.9861511757412575,0.017760527935131887,2.337806597397777,Ingersoll-Rand Inc
f0116023-f3c7-4dcb-9d18-482f81381389,1.2376248,3.26,8.902937,United States,Financial Services,0.0,0.0,0.21495521,0.043142528936045865,0.09320822724250333,,,,0.03567216981132076,26.120872641509433,Zions Bancorporation N.A
c99a2fc8-546e-4301-a0f3-8ce39c9c29fc,2.374589,1.51,9.553439,United States,Industrials,0.20684999,0.2718,-0.19859499,0.025581159273170284,0.037557910746687795,-0.48056537102473496,-0.41446066827406947,9.79262868465443,0.08680626030583438,1.374034338699289,Owens Corning
ab1605d0-7996-48a5-a70f-481a7ceac414,8.4907675,2.18,20.524456,United Kingdom,Energy,0.18801,0.22584999,1.2853479,0.11600107449856734,-0.05172025557127924,0.3411201801294681,0.13284384634013846,0.0,0.03051502702949271,0.9943728751650787,TechnipFMC plc
7def4e66-42e2-48ab-a3c4-127d9cfc38a0,26.343296,,21.788853,Denmark,Healthcare,-0.01181,0.89037,0.50003123,0.9803377506936786,-2.769276068204045,-0.6058657416825561,-1.3036941402640059,-112.73816510172144,0.008988436919921256,1.6021701117521205,Ascendis Pharma A/S
22367519-712d-4e84-96b7-47940072299c,2.2207718,72.62,41.37838,United States,Financial Services,0.0,0.0,0.13828993,0.027195296646952916,0.013033970746234802,,,,0.037248095648572274,51.823140698529016,TFS Financial Corporation
f4212d3e-3238-44e2-9eb7-26a224311dcf,8.434755,8.79,43.28802,Israel,Industrials,0.10816,0.24378,0.8500494,0.14278887932269568,0.07863889681061464,0.27199618206614073,0.28488916345192417,1.9727818024921102,0.0284139811524327,1.523969244338374,Elbit Systems Ltd
22c55eb2-0fc7-4015-9663-2c07bb1a63b7,-17.484783,40.75,-2.4502666,United States,Consumer Defensive,-0.52574,0.10836001,-0.711828,-0.15313322954707487,0.02722257913832349,-0.7166957975530055,-0.6251949073663078,-19.034485233945414,0.039060877180948035,2.345182043463412,Beyond Meat Inc
afb535f2-e5c5-482d-9cf7-9bb5cf008cc0,5.5302954,2.31,12.852617,United States,Financial Services,0.25498,0.61713004,-0.4526316,0.10809417425674517,0.018283418349549718,0.26958105646630237,-0.0145098526246068,3.952626641651032,0.06091532140122742,1.471515632134428,Morningstar Inc
febfb4af-cf85-408d-a49b-1809a92e917c,1.5192878,1.84,21.71792,United States,Consumer Cyclical,0.0436,0.45749,-0.21832061,-0.052302612561106465,-0.0909584257567867,-0.977018378314502,-1.4071257204095167,6.8830628400410125,0.020294904371067825,0.9411060685671954,Under Armour Inc - Class A
c83805c5-6e61-4122-84ae-98b88ff6690a,8.186138,2.05,42.35739,United States,Consumer Cyclical,0.08182,0.24535999,0.86969674,0.0032018891120144666,-0.16216120340829465,0.13276313529004202,0.08582172406440836,5.847311402328127,0.038014366877517705,0.49684792760286955,Casey`s General Stores Inc
d10f4591-4272-49a7-b587-838c25b700d7,3.4587119,0.45,13.888329,China,Communication Services,0.103819996,0.36623,0.06003332,0.13104886882128386,0.10233453461852626,1.9795540610823896,2.514368238529955,,0.025474791327768573,1.2618321165004274,Bilibili Inc
45aaaeb4-2528-4677-a3cf-b7c064ccf038,2.5301778,1.51,13.2023945,United States,Industrials,0.21149,0.38741,-0.04907608,-0.02833079895993018,0.21225779625198082,-0.004640697877532518,-0.07686063361193907,10.493689506070258,0.022966711266750647,2.0697173609838386,Middleby Corp
cc93f3d9-7cde-4f5d-ae53-ec27aa0eb784,8.857136,0.74,51.187096,United States,Healthcare,0.14025,0.67385,0.1447649,0.15616091812179933,-0.09337368860465323,-0.0531761357861571,-2.6793025625934463,,0.04396186962806073,1.228119795235894,Penumbra Inc
0c047b44-fb7f-4f5e-a381-d945425a8064,1.0883117,,0.01895413,Chile,Utilities,0.26415002,0.37558997,0.114361644,0.08711433756805809,0.0965556830808234,0.04615384615384621,0.4513577405699072,3.4169633540364703,,2.802942785242894,Enel Chile S.A.
f8b7bbb8-7f6e-4afb-9aa4-6265b6469740,0.6922965,,-14.235069,Canada,Healthcare,-0.031400003,0.26561,-0.36585367,-0.09473794027178561,0.2965029470918219,-0.513058201058201,-53.87772077774532,-41.107183710821324,0.02870443957784078,3.590661012918212,Canopy Growth Corporation
a5d207fe-b939-4736-ab3c-8fcc9d534249,3.3615413,1.28,21.43329,Taiwan,Technology,0.43205002,0.29609,1.1717172,0.04390173142859721,0.2564901999415198,0.018509093565318047,0.6727309209024005,,0.2054541045374247,2.3581663471394823,United Micro Electronics
1c3d1b26-4217-46ea-971f-e31fe216646b,1.5936083,2.85,21.099176,United States,Utilities,0.27886,0.34011,0.24662161,-0.025160922548675968,0.034523402137377035,-0.20194553386506853,-0.5818992515464352,18.23258787464858,0.4265251435474242,3.9745290188973637,MDU Resources Group Inc
ad21d27f-9e01-4717-86ca-c575b37c245c,1.1025548,1.2,5.886449,United States,Industrials,0.07895,0.20622,-0.3106923,0.16946514363692555,0.13251624773037096,0.19455894626074965,-0.5502062242219723,15.058927848523643,0.11026246452670431,1.3900152880101344,Alaska Air Group Inc
ded26729-6042-4e9a-ada4-a94e1e12473a,6.0258865,1.57,18.739853,United States,Industrials,0.17759001,0.34598,0.1560384,0.030229885057471373,-0.007331356096584196,-0.04490057729313668,-0.1054013998118718,2.9831932773109244,0.01708194551542232,0.8035243239740915,Donaldson Co. Inc
c0242f28-bf5a-462e-a111-aaf1651c404b,,,,,,,,,,,,,,,,RealPage Inc
94ce53a3-cf98-4ca0-b39b-7fde869813cf,,,,,,,,,,,,,,,,Gsx Techedu Inc
e0eb389e-74ba-4fbe-bf66-f1766c81d7d2,0.74736774,2.97,,United Kingdom,Consumer Defensive,0.04731,0.0677,0.2334218,0.020763068958700837,-0.03558177923246264,0.08540912404224932,0.33092426251260487,,,0.3661842114913819,Sainsbury (J) plc
ca43bf7d-1777-4725-94d5-ef6efc02b99e,6.570118,2.56,12.383343,United States,Healthcare,0.41501,0.96444,0.12172747,0.09967647678356362,-0.036349324830526886,0.3299880537990978,0.4458232572313853,,0.008213038655444798,1.1513034219477798,Exelixis Inc
26666f35-21a4-43f7-8008-296f6679f1c1,7.1261115,,2.266848,South Africa,Basic Materials,0.26377,0.24576999,1.5041323,0.07141002641484445,0.33441686570143137,-0.33706311771713415,2.35281317448114,1.5119719480728262,,0.8338487118993384,Sibanye Stillwater Ltd
693e5312-fcb0-4b04-ab84-96a2b65dc6da,1.9674418,,12.51272,United States,Consumer Cyclical,0.18016,0.24656,-0.08560312,0.007036535859269222,0.023017672877870266,-0.06198347107438018,-0.3490609848977394,9.051395007342144,0.04259259259259259,1.2917989417989417,Reynolds Consumer Products Inc
26c17a6f-1091-4f65-9c49-55eac7f27c16,2.36984,2.04,9.553096,United States,Basic Materials,0.19436,0.34155,-0.17150801,-0.006339144215530945,-0.06776420564059227,0.03669724770642202,-0.30447971781305117,10.74219536757301,0.03973380159935606,1.5021530067697442,Axalta Coating Systems Ltd
63a37753-6f75-4c0a-80a5-8417a351f1eb,,,,,,,,,,,,,,,,IAA Inc
088dbb39-fff8-4cd7-866a-67ef21b68a12,168.86519,1.32,21.89321,Netherlands,Healthcare,0.27798,0.58106,0.3826673,0.7860249723562278,-1.3425443560025732,1.103448275862069,1.7946983019547922,,,1.1629391484577554,Argen X SE
f6dcc8ff-a4eb-4157-b2a7-f23129d92712,2.1594093,2.58,6.0734477,South Korea,Financial Services,0.0,0.0,0.6203017,0.0697126812870894,0.020423764266966682,,,,0.05009893763178999,55.774536412841776,Woori Financial Group Inc
cd6e217c-2fb7-4c84-b72c-a08a04ea1d52,9.774816,1.96,30.849915,Netherlands,Technology,0.34122002,0.51794,0.8522929,0.0820063422784465,-0.026532086612420125,0.10435435435435436,-0.46519211764902346,,0.14356327376631464,1.6693805892132578,ASM International NV
bf441404-f31b-45aa-abe4-c46a45cb37ef,,,,,,,,,,,,,,,,Cabot Oil & Gas Corp
3bfbf0fc-e3ca-43ed-8e49-1668dd94fbc5,1.6930579,0.19,5.3032403,Spain,Healthcare,0.22535999,0.38361,-0.04250002,0.06865731466972524,-0.04381592464659656,0.18817154672672898,0.12719039732299586,13.628952366852722,0.048554583730171186,2.728146060876217,Grifols SA
31c11149-03c5-4222-b88a-b521a6251cb3,0.0014750308,1.28,8.841514,United States,Consumer Defensive,0.16574,0.24493,-0.26741862,-0.05892958461985065,-0.055330174505638596,0.025812021492482184,-0.15209755325590368,2.947192111165377,0.06015559770770818,1.0759585804775356,Ingredion Inc
0d86a841-cd01-4367-8d91-b8fb520a7970,1.653403,5.47,20.812447,Canada,Basic Materials,0.41134998,0.30913,0.70464015,0.39978381717109324,1.347844687145997,1.0708478513356563,1.8392581742745997,2.888823460261249,0.18929809107221193,3.618180371630554,Teck Resources Ltd - Class B - Class B (Sub Voting
e9ff486e-9991-40c9-aac4-4c3cf9ac6ea6,0.012076145,,,Colombia,Utilities,0.0,0.0,1.0564508,0.06584847769648339,-0.054686963545577116,-0.055710306406685284,-0.2533076734930366,,,,Interconexion Electrica SA
f9d95669-8b95-4577-ae94-9f1851538f3c,8.542639,11.59,7.473115,South Africa,Basic Materials,0.59086,0.5529,0.8923873,0.4190779846273204,0.6325027872652143,0.8327915885136086,1.3765812955872554,0.7057515103395618,,1.0348834379476775,Gold Fields Ltd
3b277a6b-1b17-45d6-8879-3f4bdc841fba,2.1082897,0.58,7.4564548,Norway,Basic Materials,0.23652,0.3525,1.0377698,0.021292999729908946,-0.04863385548692867,0.20146024878312607,0.3173494561057897,1.765166840169178,0.05778422471113947,1.0234987327156948,Norsk Hydro
0de0eb63-742b-4087-b1eb-ec0862099d2b,1.006242,1.64,11.798937,United States,Financial Services,0.0,0.02625,0.01793027,0.16110914308267654,0.1202467492946735,0.055748398588219894,-0.2727342518156586,,0.0412301723795618,13.280552724209333,Jefferies Financial Group Inc
805d46ed-bbdb-49dc-9f45-fcb4fa0b46ec,3.264268,0.85,9.6139765,Sweden,Consumer Cyclical,0.13922,0.19308001,0.12609076,0.040904716073147274,-0.11680464332987217,0.09197080291970794,-0.10654705697198619,4.520261437908497,0.03858052730315673,0.7745905278300649,Autoliv Inc
529dfb05-309d-456b-a36e-ef41226f61d4,0.0014226993,0.43,7.076402,Colombia,Financial Services,0.0,0.0,0.5171751,0.050235532954903794,0.01215620725377664,,,,,,Bancolombia S.A.
bdc8ffa2-3dbd-4ee5-a4cf-bff8d5151921,9.8966255,0.94,20.897062,United States,Technology,0.073709995,0.09268,2.302036,-0.04800650655861871,-0.1798558062338087,0.08959319001374172,0.3094993276912126,2.8629929221435795,0.02023476855767755,0.725535700047592,Flex Ltd
44c58a4d-f93f-4b65-bb36-a719aef12e18,4.67737,,12.560544,United States,Energy,0.58506,0.69825995,0.17273891,0.1109075576492482,0.11073237770239219,-0.12370174809139811,-0.050337654811435484,11.861085070299792,0.17975681241703034,3.1939438369326543,Western Midstream Partners LP
047b3145-56b1-4829-b2f9-2684d1f1ae9a,6.6622777,1.37,17.796785,Netherlands,Technology,-0.00983,0.76066,-0.45172822,0.17744312099727022,-0.06214550296402721,-0.5415050879085634,0.14345672509596397,,0.0025723250509857008,1.495430768398261,Elastic N.V
c3735989-4f3d-4d44-9e51-7f49d72a4730,1.8175316,5.58,10.566725,United States,Financial Services,0.0,0.0,0.25615406,0.0651503124527798,0.02375007179682087,,,,,28.222415079043166,East West Bancorp Inc
4d15bd99-58cd-4cab-9b25-4e091860d048,5.2789855,1.37,27.865004,United States,Industrials,0.17794001,0.24091,0.63199556,0.06372275013974282,-0.03535301467933305,0.15493482309124773,0.3315504623569061,9.493333333333334,0.03734076084114928,1.42214660142797,Hexcel Corp
8255859c-6b38-486d-8875-968d29367b69,4.2272058,0.45,10.552499,United States,Financial Services,0.0,0.30378,-0.22222799,0.34561977674701994,0.17679608832178162,0.06297260930695381,-0.11590851638638067,,0.0345666231872574,1.0206501617120052,LPL Financial Holdings Inc
a81659ea-e95f-4e83-acc0-3d9bde24fafa,1.9566911,5.46,12.184357,United States,Industrials,0.02358,0.3723,-0.4784053,-0.07200530311670261,0.0785660279349214,-0.4130336416724484,0.3835410065605839,,0.009246865803596222,0.5274554479187202,Robert Half Inc
08c02f66-5cd5-4139-b086-d3a5776bccdf,-2.7276988,23.5,15.605357,United States,Consumer Cyclical,0.01975,0.30084,0.50594926,0.05113492532275754,0.09122336167679101,-1.3333333333333333,-0.6536373507057545,27.432,0.017064307330086216,0.25090851889052695,Wayfair Inc - Class A
9999f751-d245-4867-9220-2952d1cdc370,0.6797069,0.81,14.857143,Ireland,Healthcare,-0.01043,0.52365,0.3357798,-0.0654728056899403,0.24283433200417281,-0.5399063962558502,-0.04338227366661951,,,3.052300803273681,Amarin Corp
f4b5eef7-a284-484b-a8a4-5f9d0a9d7fdf,0.94148976,1.31,86.033325,United States,Real Estate,0.64026,0.67933,-0.079200864,0.06711389333818252,-0.002182567538306479,0.059356256545333386,-0.1360569540625225,21.080331759490026,0.43462577685910864,9.003477036284666,Cousins Properties Inc
273990ca-4f40-4cdc-bbee-4375c08b6a20,0.32565087,1.39,8.081072,United States,Consumer Cyclical,0.07793,0.40568,0.39454973,-0.04278404537328151,-0.00841560687178966,0.12585034013605445,-0.26504150047115616,4.566115702479339,0.023958266147141815,0.8780833350809987,Kohl`s Corp
7beb3b69-bf4f-420c-92f5-fe126754c762,4.902184,3.34,20.61951,United States,Consumer Cyclical,0.046129998,0.20899999,0.65345263,-0.003261142235972958,0.039809213051864134,-0.4383152444488698,0.044055273931434935,18.019162735849058,0.02407115227640925,0.7081474608819459,Polaris Inc
d6828d53-a670-49db-a75f-697af28384ae,0.9619272,1.88,37.253895,United States,Real Estate,0.67689,0.76983,-0.023883104,0.071257476716855,-0.2925494793168095,0.0320030200557222,-0.28295719980617773,18.09609520684278,0.31861568773892585,12.787302705019345,Rexford Industrial Realty Inc
c858cda1-3724-4371-a16b-ff910b8c1a52,0.4833477,0.49,2.94321,United States,Technology,0.11492,0.23972,-0.41530412,-0.052875952875952925,0.10320653326565588,0.19999999999999996,0.6984763734646894,5.060564572523147,0.039228093170072115,1.0558763263448545,DXC Technology Company
9773389a-25ca-484f-8222-c652da31907e,1.9154111,4.04,13.628284,United Kingdom,Communication Services,0.16382,0.51999,-0.10886848,-0.01308401317757607,0.05051654915785342,0.0028230273350474677,-0.09690094569995122,2.9726962457337884,,1.3681157639249115,Pearson plc
f0f62ef1-0633-4416-b753-44e1d64355e4,1.590731,0.61,21.379944,United States,Industrials,0.13503,0.24023001,0.52081037,0.014175366511690157,0.052785157720833475,-0.06094845849887598,0.15644988975465712,6.431356989848513,0.10718106144908525,1.6357822412654905,Knight-Swift Transportation Holdings Inc - Class A
d2203bdb-da28-40cf-8eab-fd4dfe11e7ec,7.2584276,1.32,20.62861,United States,Technology,0.23103,0.46648997,2.4271986,0.09620747350808712,0.07506284424392029,-0.025531914893617058,2.3409786693191865,15.59086078639745,0.03633685301388623,2.145531582939853,MKS Instruments Inc
18a2ffb7-b831-4dcf-b52f-8345e71ff775,1.5788954,0.95,9.780333,United States,Technology,0.038259998,0.11259,0.7230629,0.10491626999708203,0.21312810963191864,0.16118362907432338,0.4194643155946718,8.505832070677574,0.0030213831084457497,0.740456138922243,Arrow Electronics Inc
e4cbf9dc-ac19-4bc7-8ebe-c2d403952f12,2.9544306,,26.601406,United States,Real Estate,0.65825,0.75251997,0.111364484,0.051278176775936934,0.029143232593563884,0.09523992543766946,0.31162329069751493,22.407759757751332,,6.460520427238533,Brixmor Property Group Inc
b0cefdde-d769-4478-9570-e4aecfbce364,1.4807122,1.74,13.131578,United States,Consumer Cyclical,0.0436,0.45749,-0.19516128,-0.052302612561106465,-0.0909584257567867,-0.977018378314502,-1.4071257204095167,6.8830628400410125,0.020294904371067825,0.9411060685671954,Under Armour Inc - Class C
0c8fe405-dcf5-4ff2-93d3-b8397d5f4cf4,1.9134988,,20.048035,United States,Consumer Cyclical,0.10702,0.45009997,-0.45060635,0.00948960144852018,-0.042326393623414726,-0.06324277075793527,-0.03945131576682448,0.039065842419758905,0.06725730438579067,1.1751187474793536,Floor & Decor Holdings Inc - Class A
3e47aab7-9148-4576-ae65-751a2d6ac558,1.8669382,2.19,13.678189,United States,Consumer Cyclical,0.08493,0.50491,-0.1203351,-0.012737849006727697,0.0018862350607162792,-0.13648551261333425,0.08288785783225838,,0.019472546303069955,0.8268924995935386,Columbia Sportswear Company
687ef640-b058-4022-8f3a-c066e1336127,2.8921545,0.9,9.761453,United States,Healthcare,0.27144,0.59712005,-0.18843716,0.039546848680918734,-0.20413761732408653,0.07639630226906213,-0.3204899199083413,10.050970417992223,0.023059503155126525,1.8451815332362447,Haemonetics Corp
19a4c4c2-88d8-4287-9cd5-3256efec9136,10.005755,2.0,42.139317,United States,Industrials,0.22843,0.37171,0.7049494,0.12084593403347244,0.008078948962931376,0.15025066121350283,0.0177066534509831,3.2635790025704754,0.024870133603737483,1.418971140440978,Curtiss-Wright Corp
3e84f91d-0842-4e4b-aa5c-d16a18071601,-8.771872,0.91,14.616822,United States,Consumer Cyclical,0.44474,0.58792996,-0.48623854,0.12058521360736729,0.07531005708058403,0.14335219714562708,-0.010687977311181873,13.788754139130678,0.12787806066615914,2.4050191465777218,Planet Fitness Inc - Class A
8371aa67-812c-425b-80c7-018cf054b183,3.7110631,11.95,13.614124,United States,Basic Materials,0.121800005,0.14038,0.6855799,0.03627006012979184,0.3469380030843564,-0.1603293707446185,0.9753880686541672,5.795341597659634,0.041052388257403975,0.8501583091657208,Steel Dynamics Inc
64d20ddf-a083-41d2-b3d1-502fce8929cc,,,,,,,,,,,,,,,,New York Community Bancorp Inc
4497082f-9cf8-4d44-9f2e-2ea8d976ce79,5.3795986,1.09,23.487865,United States,Consumer Cyclical,0.13633999,0.35991,0.9610795,0.22897299567370477,0.07194678113341824,0.23127296614866677,0.17645152523476249,,0.036678337730622596,0.9857838250673698,Five Below Inc
76aadc24-ddce-429a-b68d-c27be7a8062d,1176.0287,1.07,14.764706,Mexico,Industrials,0.65964997,0.77459997,0.041266322,0.028443219800160735,-0.18498584340919777,0.0665086827780963,-0.03418690661641244,1.963880714448252,0.37904341272088415,2.6625489635924895,Grupo Aeroportuario Del Pacifico SAB de CV
d8615c0e-c2a6-455a-b47a-b78e77fcfd7c,3.7719553,1.6,14.103219,United States,Industrials,0.15933,0.35528,0.26669264,0.03761766077801476,-0.2617821324304791,0.29116871883397955,-0.20447042465636822,4.372857332589548,0.016352510485688438,1.2333047912879793,Flowserve Corp
4384580c-17fd-4ac6-b663-bf9335d24761,1.7789828,0.61,7.299289,United States,Consumer Defensive,0.11023,0.11573,-0.4346667,0.02972396900695351,0.021677504928610758,0.056110262442789605,-0.08754652604170732,4.765776723392463,0.04564894474180686,0.5468963694315117,Pilgrim`s Pride Corp
ac28cf5f-f2c4-478a-b201-bbb5e6d09b4d,0.49557522,0.79,4.788893,China,Communication Services,0.29815,0.75994,-0.04132229,0.0014469899588356316,0.04310394523707506,0.27359099791209385,-1.3413488717082402,4.095244883715348,,3.8680493746926956,Weibo Corp
ce1961a8-8668-4f03-ab95-4995c4fd4667,0.75942224,0.06,5.7932906,United States,Consumer Cyclical,0.113859996,0.57525,-0.06209421,0.03435842318760174,0.012916079267919045,-0.13011542497376705,-1.109292378447664,7.732214456450925,0.01586556668264605,1.2681894923218882,PVH Corp
d47b3797-9dca-4ad2-a6bd-7adc255eefc4,2.1294143,2.15,20.131641,United States,Utilities,0.35861,0.37604,0.19307816,-0.007465101090366799,-0.1416009550439138,0.10470742493650453,0.1648243343598852,19.967730743963088,0.7564833582966358,5.721157716126891,Idacorp Inc
9931be80-4853-4056-9eb3-e3a7ca684fd2,4.0920753,2.01,21.15639,United States,Industrials,0.21851,0.35352,0.26912796,0.09534313480178058,-0.014061531236212454,0.1449997303478483,-0.09752894675174062,1.4905496838777514,0.028626043840074857,1.2519233303150297,ITT Inc
7abd5c61-cd4c-4924-a5d7-2c9b6f1f022a,2.4862301,,41.363102,United States,Industrials,0.24757999,0.20707001,-0.25507128,0.05365040702519064,-0.05789618904361271,-0.18868640850417617,-0.5785690420320742,17.476155688649555,0.18105558886726303,2.9123567635055325,GFL Environmental Inc (Sub Voting)
97d9acaf-80e9-4981-b199-a1aefcd1fa98,1.8325002,0.75,6.1500416,United States,Financial Services,0.0,0.93388003,0.034402728,0.063919259882254,0.04462895266625022,,,,,8.883141447368422,OneMain Holdings Inc
b7215e94-95b3-4ebe-a149-b6b9bb6f9335,1.2156967,2.96,9.056789,United States,Consumer Cyclical,0.08772001,0.18452999,-0.008648634,-0.07493840678894059,0.0069393012569917145,-2.688130873651236,-1.8300055933402777,14.123773802654357,0.014476614699331848,0.918328609030168,Leggett & Platt Inc
cde7391d-defb-4c60-b01a-d1c57b5238a0,2.9240975,,32.70061,United States,Real Estate,0.68388003,0.73533994,0.19414997,0.09057256439863393,-0.036979043129937716,0.11146273135769746,0.8201087836320686,19.093390800898835,,7.521498319894955,First Industrial Realty Trust Inc
e2f588fd-a81c-4c02-a795-711e1c393570,1.7366085,,5.4748416,China,Consumer Cyclical,0.11572,0.45839,-0.6705725,,,,,,-0.0,0.8073852059783445,Chagee Holdings Ltd
4584ad86-3735-4ce4-a175-ff1043e3d315,7.405268,2.02,16.516426,United States,Industrials,0.26657,0.40303,-0.028548181,0.11619827053736875,0.02071306917711424,0.12976943480922265,-0.17179009450901372,3.2221716366947417,0.06553398058252427,1.1629247572815533,Armstrong World Industries Inc
fef259be-8112-4589-b785-77661ae66a16,,,,,,,,,,,,,,,,Gap Inc
a2fc2ef0-0d6b-49e7-becb-d168dd61e19a,0.7312558,,-8.670732,United States,Real Estate,0.38108003,0.49505,-0.14078552,-0.08900590522407692,-0.08632195741085069,-0.009781279717429703,0.4488307140284723,50.28693572819448,0.24235697069643536,8.962716446784219,JBG SMITH Properties
4bd270c0-f9cd-4052-9ee6-a563588ec9d4,1.32809,1.7,13.202941,United States,Utilities,0.30791,0.47434,0.10674155,0.03953488372093017,-0.15707070789312572,0.10596026490066235,-0.2585017304901194,17.04696132596685,0.3087609810715331,3.6949956800454427,Portland General Electric Company
438d222f-bfdc-4e9f-a5b2-9de0f89529da,1.4224536,0.92,8.901407,United States,Consumer Cyclical,0.16797,0.25409,0.1901933,0.08522344863204245,0.1814116678330252,-0.004253140129329314,-0.14035777214992673,3.836408600242381,0.0077961690288669006,1.2784019248789318,Toll Brothers Inc
f921b9d9-24f3-49a9-9083-c169ff8b2223,,,,,,,,,,,,,,,,HollyFrontier Corp
584ad386-7a72-405f-af93-5745e15c7438,3.012605,8.42,36.354153,United States,Real Estate,0.65327,0.73346,0.16247833,0.12205415087164018,-0.08097361139127668,0.1108223312623553,0.21932755002904214,12.702146526673383,,7.297735502090805,Eastgroup Properties Inc
da6a299a-62fb-4d4a-aeb9-7dc9f2921d2d,0.24476665,6.93,-3.992908,United States,Real Estate,0.36655,0.48886,-0.22291237,-0.013035547607002651,0.059002331062761426,-0.6608662293663308,-1.1835143693269274,48.15022944646289,0.027072743508723726,9.564022542833591,Hudson Pacific Properties Inc
b76058f0-bcec-4b1e-bc9f-a7bb5c15f9eb,1.266129,0.39,13.916899,Mexico,Basic Materials,0.18330999,0.32637,0.82028985,0.004295586129614559,-0.003439949854206592,-0.08434163701067621,0.009984459836261728,1.4854453981649731,,1.7363424291527034,Cemex S.A.B. De C.V.
96f3d685-6f13-402c-8d56-e215ec8ee6dd,,,,,,,,,,,,,,,,GFL Environmental Inc
e124ec45-a261-4c5f-8260-cdd30ca63b74,1.2743251,0.21,7.2807736,United States,Consumer Cyclical,0.16716999,0.20912,0.00995028,-0.01918175925037502,0.052140595689023295,-0.00038201754029476565,-0.11051468269904563,14.718790639477294,0.04187101096817467,1.5334993439180136,Sonoco Products Company
83db0edc-08ed-4799-9803-75e646102bc5,0.6591187,0.75,6.226002,United States,Financial Services,0.038829997,0.26947,-0.5404025,-0.045715734324826784,0.12593605441098954,,,17.76409414340449,0.0065039962729601785,2.6560375956354414,Kemper Corporation
77932400-9939-4390-baa3-d721ff9c012b,9.459107,1.72,21.635517,United States,Industrials,0.19368,0.36138,0.29520977,0.05596195246802549,0.002096769449125624,0.1247237583665528,-0.043070857745134195,4.624964496100629,0.03199688266115549,0.8747284692510371,Lincoln Electric Holdings Inc
56642c93-c5e3-4c6e-94d3-79554c682cfc,14.647968,1.67,39.330353,United States,Industrials,0.1376,0.22658001,0.86126006,0.18300085735822713,0.14283801191411372,0.14014370812217614,0.08745536135358511,12.800814287296541,0.05736728997649557,1.190401773021078,BWX Technologies Inc
1f668b38-30ed-4d1c-b000-1e1349276a16,0.054179914,4.37,11.415095,Turkey,Communication Services,0.26661,0.28053,-0.0546875,,,,,1.7420179251123844,,,Turkcell Iletisim Hizmetleri A.S.
ba80d95b-0b76-4102-8fa3-213308a3134a,0.904991,-0.25,9.186585,United States,Real Estate,0.0,1.0,-0.07337093,0.12096922998935478,0.18667854066794343,,,,,42.7860269490059,Blackstone Mortgage Trust Inc - Class A
997dea68-cc34-47da-aea6-94b7e975b4a3,-2.573205,0.61,4.0919166,United States,Consumer Defensive,0.12307,0.77781,0.8513708,0.008892271334441482,0.036176876668389646,0.05578598092077969,0.4899284240942875,11.139465500178718,0.015663354177408145,0.5310490742331146,Herbalife Ltd
0d691892-1124-40bd-816f-c46ba1e3c59c,1.6848601,6.3,8.590419,United States,Industrials,0.104540005,0.16600999,0.1724776,0.03491012663099968,-0.19482608135541402,-0.031817438246360186,-1.3820235765880917,3.843408974396007,0.02031206575527035,0.9515982231503568,Oshkosh Corp
3f681a5e-e657-45a7-84c3-637e024bde44,35.20079,2.36,13.712788,United States,Consumer Cyclical,0.49548998,0.90456,-0.1946683,0.023177912635943043,-0.07826372325808739,0.13306938132635882,-0.11019473533447033,15.3800744841946,0.12823539415928342,2.894008699930352,Choice Hotels International Inc
b6f34dec-a4be-4286-a18f-05ac8f6e2cfa,5.5154214,1.57,11.885056,United States,Consumer Cyclical,0.32679,0.33796,-0.115361094,0.07007277913908494,-0.32910134850744344,0.06113537117903922,-0.08776189770451692,20.158096348749265,0.1490885621471082,2.528938497258552,Churchill Downs Inc
7638bbb9-54db-4afc-94b4-5afc9df56756,1.285348,1.46,11.947377,United States,Financial Services,0.0,0.0,0.2925532,0.03149151213227458,-0.0032301530796703393,,,,,22.900362075519404,BOK Financial Corp
3a043c66-1c19-4901-8608-b4544681fc7d,1.4327669,,7.0525794,United States,Industrials,0.52794,0.80821997,-0.20023417,0.046986534096731924,-0.053118461783759674,0.022844041882473576,-0.058876530159506446,11.303655557687247,0.10903535319084205,3.097705332378945,ADT Inc
52e434c7-7487-41cb-8f40-9754e3de0803,1.3948339,2.27,11.541179,United States,Utilities,0.17076,0.18431999,0.23760521,-0.02057884053641923,-0.0022925010103990173,-1.4194423555482898,-1.4414430718994415,14.669220499891448,0.11044734158510236,2.818426536592417,Hawaiian Electric Industries Inc
2f8f6f17-81d1-4e34-8e17-c3ec907ee2b9,0.74360055,0.69,14.202335,United Kingdom,Consumer Cyclical,0.07802,0.38084,-0.12694609,-0.0012531433745186504,0.018643335134152395,-0.027859365117664903,0.12279927327489137,,,0.6674777675527199,Kingfisher Plc
9a3ca5ce-e56b-46ff-8506-a409f130c655,1.1989832,7.77,33.513157,United States,Real Estate,0.57767,0.67533994,-0.15690172,-0.009754231729850349,0.06201062824868986,-0.06290396986301838,-0.3212801672259088,29.18655650068924,,7.607696839438542,Highwoods Properties Inc
6ca7fdaa-bd62-4f6d-9e06-a84d052743db,4.90645,0.99,17.652206,United States,Industrials,0.25912002,0.46805,0.073874354,0.036874357074120345,-0.0695870401059675,0.17827485524818143,0.18559215959875486,3.7035979668870618,0.03559583992298792,1.333018067866426,MSA Safety Inc
31ac2a69-6f04-47d2-af14-56eb962b3d0f,1.4053365,2.68,15.793581,United States,Utilities,0.35834998,0.39016,0.23604274,0.0643108357059119,0.17208896532023965,0.06351570964247011,0.021536285985067183,21.427228327228327,0.35869614282862816,4.523255495179404,Black Hills Corporation
347b50fa-373c-47c7-ade4-82c4ca25d698,3.2164762,0.66,16.609898,United States,Consumer Defensive,0.02569,0.12508,0.095547915,0.05157243160977609,-0.07340472684277533,0.1078155444901494,-0.39626980393839983,13.244808189546346,0.00780432339270177,0.28231950447773585,Performance Food Group Company
4367b8ac-bae9-4ba0-88b8-3102996f7e83,2.7259395,,8.605338,United States,Technology,0.0946,0.12104,-0.24243909,-0.029014574140927896,0.004734127832073165,-0.043227665706051854,-0.40015074262912875,13.427947598253276,0.00440649950922171,0.7294477976632721,Science Applications International Corp
37aea9cf-e8aa-43b7-b4b6-181c33403886,2.8709757,0.18,8.072546,United States,Communication Services,0.2839,0.55625,0.12119126,-0.08470501202145364,-0.0313563265484158,-0.40569877883310723,-0.2130092481471867,16.931081265617365,0.02895715087981654,2.193161780402592,Nexstar Media Group Inc
a7fecb25-ebbc-47d6-84a2-f8ecaa426e86,,,,,,,,,,,,,,,,Cree Inc
bee322d8-b15f-495a-8ca5-4453daf75872,1.2565305,1.18,6.8272715,Bermuda,Financial Services,0.22192,0.31998,-0.03655809,0.07661041846025385,0.09136224287413475,,,1.4633236742471794,,5.181893285841286,Axis Capital Holdings Ltd
0e6efa71-141d-4a5e-97d5-7c32f307df00,1.5451986,8.82,-202.90001,United States,Real Estate,0.59931,0.61995,0.3410443,-0.06685129625355801,-0.5101783795710214,0.07201546074785514,-0.056502763899553665,24.541739492899442,0.27753331278407756,8.281369772647533,Healthcare Realty Trust Inc
f1c72869-120d-4e30-8e58-7fdd711c781e,1.7558066,,-4.577778,United States,Industrials,0.0,0.0,-0.2152381,4.0158665165318865,-0.4627216988091629,1.4882770303308517,1.7867181042457556,,7.264485081809432,52.82770048123195,Serve Robotics Inc
fec49447-c9d3-419b-8362-4a5da0f3751b,1.1502723,6.1,8.548127,United States,Consumer Defensive,0.09793,0.48871,-0.5810969,0.02997793469445509,-0.029326800270760067,-0.3162516824328312,-0.05184174097338479,13.712936320339058,0.024182155848000125,0.8182780831350196,Flowers Foods Inc
772a107a-e546-465b-bfd5-2915400264e5,1.928915,2.22,12.236143,United States,Financial Services,0.0,0.0,0.023945212,0.06405778268925699,-0.10757409536517493,,,,0.0646531083671832,23.48915799218944,Cullen Frost Bankers Inc
0820f116-c9e9-48bb-94d0-762797c36c56,,,,,,,,,,,,,,,,Tata Motors Ltd
5c411db0-797d-4655-b8e2-50ab66258fbe,1.1113518,1.19,9.716769,United States,Financial Services,0.0,0.0,-0.0048508644,0.029556461407116152,-0.9602634602414123,,,,0.17087845609794733,25.20678756813224,First Citizens Bancshares Inc (NC) - Class A
89c201b1-1afe-4402-9b4a-99b90f28c6df,1.6019683,,-3.850872,United States,Healthcare,0.0,0.0,0.89439654,0.0440733299849323,-0.04784269517826267,-0.1297983114184792,1.7227343396247297,,0.05485914955340102,16.18594167493702,Vir Biotechnology Inc
17a07f04-aae4-4509-9534-41ebd8312ed1,0.7817918,4.71,4.918362,South Korea,Communication Services,0.22613001,1.0,0.010319948,0.050574213342129415,0.04573489310014622,0.37513051899747474,0.43774152811701383,4.527025937813229,0.14307247930438985,1.5086465120259522,KT Corporation
3285221e-329d-4392-915d-759b7a5f6d1a,3.0696082,0.49,10.500313,Canada,Consumer Cyclical,0.23187,0.32601002,0.12731993,0.10660033816528514,0.6520709631356386,-0.007122188875280933,-0.7587973871037725,12.57479600235562,0.02696324578508951,1.7753638459934462,Gildan Activewear Inc
3cdbbdbe-c4e9-418d-94bb-67de824cf99f,3.3149104,1.1,15.384672,United States,Healthcare,0.36708,0.69522005,-0.15809429,0.09473034088086596,-0.06522245274325611,0.3370853080568721,-0.21058689229916405,5.770855682444711,0.03713714277444547,2.5908031730123406,Healthequity Inc
c123ccb2-c611-420f-9b77-f6c6844534c2,12.846786,0.66,14.804445,United States,Consumer Cyclical,0.37986,0.6125,-0.096533,0.014914772727272707,0.10223335755691132,-0.02405498281786944,0.11139634191494086,18.557586837294334,0.03194444444444444,2.964236111111111,Wyndham Hotels & Resorts Inc
74f1d2ab-da06-41ff-96fc-f3f83e58922a,2.7556186,1.63,40.304035,United States,Healthcare,0.17586,0.53138,-0.18480068,0.08346020809686006,0.37469816556663316,0.40282612606849577,1.7293415009196074,,0.03370717299960125,3.808000075374112,Repligen Corp
5f486de2-c54c-48e4-829c-084cddafddc5,,,,,,,,,,,,,,,,Howard Hughes Corporation
35699503-112b-4bd7-af75-93c40468bb4e,0.9418283,0.13,-6.297851,United States,Consumer Defensive,0.16046,0.66983,0.13333333,-0.263758758634811,-0.3237130245609896,-2.635183661166196,-0.8773210506073343,1.7801106484468163,0.08821988404099632,1.1759621453851141,Chegg Inc
af5e07e9-a56f-45e7-9b98-b46cc4dcd2c6,5.015469,,11.48539,United States,Consumer Cyclical,0.19249001,0.29792,0.5965909,-0.00608240922745984,0.021036114674062745,0.04964916011056775,0.12947768765967627,15.093341555672124,0.03162431547294089,1.3243778227322927,Sealed Air Corp
b9d1bce0-175f-4bc8-ab41-96cddd5b328e,3.4099562,1.07,10.414664,United States,Financial Services,0.32242,0.71549004,-0.02225554,0.08338176142924203,0.03131040770672011,,,4.2605073069045165,0.007626106505550091,4.338126507540631,Primerica Inc
743eef06-9410-463d-b492-ed7bb8a69183,5.6426053,,243.49477,United States,Healthcare,-0.04205,0.54927,-0.4359877,0.07927330587117898,0.12137029075616468,-0.6449455359869694,-2.529324890719491,-25.56586348170266,0.056810718236806765,0.9208676805177676,Tandem Diabetes Care Inc
7885f3fd-749b-4765-8bd1-15816858ee17,3.6982625,2.1,15.258988,United States,Industrials,0.15002,0.21806,-0.25772613,0.04691788048463841,-0.367780347289584,0.1303546895858878,1.4920953156127958,3.6892500726673774,0.004486577109703157,0.9801302429238473,Tetra Tech Inc
29dea5bb-8efe-42ab-915e-12dc9fe8a9cf,5.1044984,0.69,10.192249,United States,Consumer Cyclical,0.30219,0.42575002,0.102119684,-0.002031850631521115,-0.16273022751895994,-0.030563775306870655,-0.2637759710930442,5.583861870020708,0.04794520716081822,1.532602793472098,Allison Transmission Holdings Inc
c3132586-a628-4f31-8ba4-44ff8217347f,,,,,,,,,,,,,,,,METSO CORPORATION
69a42984-835a-45d6-9852-4cbcfcd47fed,5.103087,1.27,12.745101,United States,Consumer Cyclical,0.25303,0.57545,-0.26567775,0.16275363167227286,-0.08003681817229213,0.2662739211935252,-0.10244637439461624,,0.015625595381270257,0.7114783852783646,Deckers Outdoor Corp
6f4c41f6-08f0-4a08-978c-67a9430ed1e2,9.617885,2.27,16.620968,United States,Consumer Cyclical,0.21120001,0.46153,-0.032361746,-0.0050461561169306,0.11884789456153178,-0.007719944626038977,0.12996278459749866,,0.03323224109451872,0.6759790197372874,Williams-Sonoma Inc
368a6aff-fc19-462e-9290-d0a57a42105d,17.074652,7.33,5.267642,United States,Energy,0.82268,0.93242997,-0.18635225,0.13086425350264874,0.1845439344241646,0.19360623781676423,0.32667748969712074,,0.6123476479290324,1.7598247462998196,Texas Pacific Land Corporation
1ef2d1fd-7fd1-4330-a03e-6c6e047dbd4b,2.6255863,0.61,9.867173,United States,Technology,0.41939,0.41743,0.41504967,0.24085054545705242,-0.030552208191222174,0.4493536353211336,-2.722945510772269,,0.14438661721408327,2.4446065354015722,First Solar Inc
76634875-5d85-4b95-9053-303ddb1abc95,1.4808265,1.37,8.740291,United States,Financial Services,0.0,0.0,0.36803114,0.07355084476454354,0.18851683822419596,,,,0.0657016907027448,24.998132512791685,Popular Inc
08b68a06-65e8-4c3f-adec-6a8bb54d6bfd,0.5733522,0.89,5.783115,China,Communication Services,0.13855,0.37817,-0.025764883,-0.02303322288370624,0.03670200059650475,-0.09713522846898393,-0.3518927859103884,0.0,0.0475077118145217,1.4652904276506904,Hello Group Inc
5d9b28fa-9320-4b06-b7d4-4322904bdf83,1.3826574,,14.92433,Israel,Basic Materials,0.17209,0.30395,-0.027314126,0.04560736734395565,0.29313607428354627,-0.17485029940119756,0.460363706907701,7.04470552873635,0.11121608950166416,1.6446551633497004,ICL Group Ltd
92650633-1f50-4337-bb98-320ada66e196,1.9089668,1.12,13.964859,United States,Industrials,0.10152,0.25327998,0.057703137,-0.1354753513578405,0.003405284720844337,0.48331539289558667,0.2952355503316282,7.38644132168629,0.023548349784083898,1.1746558837137568,AGCO Corp
a22cddc7-5f3f-4468-a818-f313f6ef5ad6,1.9292299,0.34,10.499798,United States,Financial Services,0.0,0.24751,0.1454128,0.05637948783940283,-0.03831723584038538,,,,0.001404536393878461,2.464658798256954,Hanover Insurance Group Inc
00213e36-33e7-42f0-81d9-bb1adb7c7215,2.0309677,0.78,9.646465,Brazil,Energy,0.050669998,0.07127,0.8132912,0.06644718522914106,0.1888828224429543,0.0369712127223949,-0.22914114422615972,7.795443782555684,0.013754150713386539,0.3057037497405704,Ultrapar Participacoes S.A.
ebc4449e-0d15-48df-b6e0-320c6b524aef,1.4662846,,16.423252,United States,Utilities,0.33505002,0.37599,0.08767986,-0.11065024219677289,-0.03073767414512052,0.05439228905256588,-0.1553937950726485,17.179188799046553,0.30010640646332654,3.7158839509432,ONE Gas Inc
8a9b764c-720b-4e48-9f49-b87c6bd49c28,1.2165827,1.03,8.373711,United States,Financial Services,0.0995,0.29533002,-0.006329119,0.03911054782389689,0.04597992560605402,,,9.904091250607188,0.01020308704241711,4.737118639343061,Unum Group
e467b580-2a02-4479-8e30-5c0de6600b70,3.625167,5.64,26.446167,United States,Basic Materials,0.26228002,0.31265,0.049215555,-0.022030404534913672,-0.02054366883098757,-0.04714080402937648,-0.3555246205722601,4.421996746622508,0.03302894684251553,1.245897473540138,NewMarket Corp
b6ffca7e-9988-4efa-bc41-848c64fead9c,2.6091564,0.77,15.761319,United States,Consumer Defensive,0.11766,0.48702,-0.29152983,-0.023812102382303135,-0.004837996831360991,-0.014280773847061501,-0.24955626284861465,,0.02928654496866823,0.6271602759961037,Boston Beer Co. Inc - Class A
5f6bd065-65e6-4531-ab85-71d2e02b8cfe,0.98701084,,7.797676,Bermuda,Financial Services,0.67593,0.79097,0.015977144,0.01660574264176673,-0.09410875349901149,,,1.69348319165077,0.005755602786999803,5.709151930531093,Essent Group Ltd
249e5888-8a55-44c5-97a8-658d15ac4368,3.611964,0.92,11.80864,Mexico,Industrials,0.536,0.4666,-0.14858258,0.20094025710524654,0.168390732760475,0.08010038404010017,-0.2081512088972618,,0.09582656231130056,1.0860068229215272,Grupo Aeroportuario Del Sureste S.A.
305b114d-7ccd-4e5c-9e06-265bd7037f2d,1.8749795,,18.865131,United States,Real Estate,0.77099,0.91759,0.061054587,0.049560294353951706,-0.03080010908566755,0.30736893090756223,0.30887027438445036,20.071345246481794,,7.75383325067424,EPR Properties
25bb51d7-b2f5-4fea-b675-82d4a46c0d0d,0.7521413,,-8.1845455,United States,Industrials,0.0,0.0,-0.3510393,-0.2727272727272727,-2.7217336053238808,-0.21580283531067768,-0.2143689433963165,-4.101186041961473,151.1793893129771,660.2045801526717,Virgin Galactic Holdings Inc - Class A
bc9325fd-e4e0-406b-b415-cc0261565737,1.0465314,0.76,6.7316804,United States,Financial Services,0.67432,0.82482004,0.07385874,-0.007639067925945375,0.0036347263810572183,,,8.340479501205808,0.003069008902349863,6.325041098451027,Radian Group Inc
62e75704-ad85-4e64-97e0-f6d384975e93,,,,,,,,,,,,,,,,Hanesbrands Inc
f99c4222-2c6b-4fd9-9de7-b08e523770e1,2.1971216,1.49,14.944552,United States,Healthcare,0.30479,0.68489,0.25536442,0.2704018083297526,-0.26304565134881,0.41608536838633237,0.2767139993029408,,0.05738673920400556,1.6769831051262185,Globus Medical Inc - Class A
eab2690f-92a0-47b6-af22-315871914466,3.638909,0.63,15.887458,Luxembourg,Communication Services,0.43287998,0.77067,1.1511533,0.02526055467231947,-0.003994522833617342,0.49872773536895676,0.5232647724059938,7.105527964647372,0.12647607712521375,2.3891004679319017,Millicom International Cellular S.A.
5b906471-986e-4666-86a4-91616188c9c2,3.4002533,7.02,10.344049,Canada,Basic Materials,0.48650002,0.55724996,1.4331319,0.2837885775097553,-0.05665684989074382,1.2039660056657224,-21.283718723398316,0.0,0.087725,2.2738625,Pan American Silver Corp
da64372d-4661-4503-9963-106ec2606779,1.9172251,0.51,6.2797003,United States,Financial Services,0.0,1.0,-0.3736686,0.021953442408760404,-0.028461214666947843,,,,,17.767795450586448,SLM Corp
8da7f29e-8f9b-4d63-929b-633c8211051c,,,,,,,,,,,,,,,,TerraForm Power Inc
8338af6d-81b6-44ed-8a03-a080187fa542,2.0947177,,-10.329342,United States,Healthcare,-1.1261001,0.39439,0.8852459,0.6060340098738344,-inf,-0.18769067360422242,-0.12093719056037378,,0.11847007086636228,3.23196041427411,Iovance Biotherapeutics Inc
78ba9513-c95c-4d4e-8982-c4c4539395d8,0.2748156,56.92,8.185794,Mexico,Communication Services,0.37398,0.38338003,0.40394092,-0.05433130513575912,0.004080176860005835,0.13660526385808835,-0.0325204554531735,9.844862329195827,0.282582861823333,3.9698896516333466,Grupo Televisa SAB
9c4f1644-81a9-4f7c-bc9b-900dde6c94d8,0.8653979,3.02,13.109005,United States,Consumer Cyclical,0.11208,0.28904,-0.006311655,-0.13758516326630554,-0.1517200307671266,-0.06211621050611171,-0.009500925287924455,28.987250002794642,0.03560271296439732,2.49299524806145,Harley-Davidson Inc
8adfbaa6-87c3-4b2d-b087-eca5c68f0a67,3.7008886,2.79,60.08749,United States,Industrials,0.09907,0.28683,0.973199,0.09187991978689647,0.12993464802736432,-1.895653585048549,3.0365648213259826,11.81461067092585,0.025659137542888847,2.5533347165750264,Mercury Systems Inc
0a52fd88-27fc-4236-94f2-7f3c70e3fff2,3.4064064,0.87,20.781807,United States,Industrials,0.27195,0.4642,-0.06011784,0.11365686451380119,-1.0086179076629205,0.11358381502890169,-0.5372344450916839,6.084431125982852,0.07903830800217752,2.593836704684658,RB Global Inc
299049e4-7b03-4242-bbed-da09a25e2071,1.0934309,1.47,6.4529443,United States,Financial Services,0.0,0.0,-0.037630916,0.1654849496571753,0.09241654780401065,,,,0.0338385938082983,26.16436783543121,Western Alliance Bancorp
df07f979-1379-4612-8f56-4484879ebe27,1.4428896,,7.5854683,Peru,Financial Services,0.0,0.0,0.25947762,0.04453099740112609,-0.01869931655240986,,,,0.08804378741743543,16.745303667009974,Intercorp Financial Services Inc
6e091067-9401-47aa-af49-8c7038405e53,10.494794,1.08,28.157326,United States,Industrials,0.10429,0.19294001,0.94282854,0.1661600113578665,0.060702333611400094,0.2675020018602612,-0.21726093644230682,,0.006498515502876524,0.5048695910966335,Emcor Group Inc
e1b9ed02-532f-4b45-b583-c95005b7ebd1,4.061808,2.33,17.391565,United States,Healthcare,0.48852003,0.86583,0.86230385,0.10610273163272388,-0.0959320770229597,0.10799339778354167,-0.24131794674763918,,0.16594107218759185,2.4357215458029464,United Therapeutics Corp
d1489472-51f3-4222-b029-bd22538940e0,3.2109087,,21.775026,United States,Industrials,0.08003,0.34942,-0.047194302,0.03616262167995421,-0.07067096009454565,0.1436764261998189,0.694135492355618,3.5034519383961764,0.014514928844461032,0.705419166323012,SiteOne Landscape Supply Inc
67839eb1-66ea-473f-828c-ac2744934ffb,0.8431504,90.95,8.170934,Brazil,Basic Materials,0.13281,0.12016,0.6546763,-0.027421480390595332,0.1257930934889281,-0.19407003061182637,0.5483278277273754,3.87974226860805,0.0893928504083445,1.2169475607565834,Gerdau S.A.
1eda649d-d894-4be0-bbeb-fa91dd270b37,1.1037716,0.4,7.836611,United States,Financial Services,0.78231,0.93296,-0.02996254,0.004889333800324636,-0.014824185457915307,,,1.504824633554059,0.0008999741976401255,5.443059929341597,MGIC Investment Corp
14f178a2-e580-4b97-a7bd-f294042de0e9,2.1257367,0.19,5.7320857,United States,Technology,0.11418,0.55465,-0.20528829,0.10283721296276749,-0.07744680826029682,0.916561004540063,1.305977771824435,15.179450093937316,0.05543278436639561,1.5171178075985694,Five9 Inc
d404ddbd-0dfa-47e7-bad0-3c98ee23082c,12.998381,1.38,12.517169,United States,Consumer Cyclical,0.2184,0.34101,-0.35008103,-0.030982082286516,-0.07205714533814322,-0.05349232898314593,-0.15399229708725404,20.32607885927139,0.04645597148531404,2.2499843413290264,Wendy`s Co - Class A
e18a10a3-bfb1-4978-bfbe-64af00b8b4da,0.5847782,0.94,5.4222326,United States,Industrials,0.02032,0.16445999,-0.40937,-0.025146566580539764,0.05182740642011274,-0.10386976603772097,0.09063486423568157,9.160417782538833,0.0031179941012401094,0.46456343612695944,ManpowerGroup
ca441534-1fd2-4e08-9d7e-1cbad05ac156,1.0524744,0.67,5.401078,United States,Healthcare,0.18747,0.56716,0.040590405,0.02421253720733918,0.0345440203365851,-0.24484485735941053,1.5818993111085882,20.989419838387526,0.049598970137457704,2.2034047258839573,Integra Lifesciences Holdings Corp
af469fc0-fb5b-42c5-810c-b4e7828819e0,,,,,,,,,,,,,,,,Ardagh Group S.A. - Class A
5c0a0ff7-e6d0-43d1-bb6b-de06c0ae1098,2.0899434,1.2,9.6102,United States,Consumer Cyclical,0.132,0.48134997,-0.2425,-0.0059341438850044614,0.04179440480096419,0.20633306898704862,9.20851338525662,7.975969151599867,0.03917899652358561,1.1987530730174947,Mattel Inc
6ed01621-21d1-4d81-a1c8-778539c0fd7f,2.0063744,19.49,42.920456,United States,Real Estate,0.73134005,0.79687,0.05443883,0.0906388940235634,0.013829912438551029,0.051364115442555036,-0.17536103222868749,19.844043916046736,0.07717606639806164,8.136521456192092,STAG Industrial Inc
7fd2cdaf-a133-4c83-b706-e3481077ea54,,,,,,,,,,,,,,,,Tempur Sealy International Inc
cc561470-1be3-4052-bed4-f1ec3be416a5,0.8146985,1.24,5.850758,Luxembourg,Technology,0.16024,0.34908,-0.631045,0.01622228689206273,-0.16111080752257623,0.12254715716073661,-0.23007866945620192,1.9743199150812576,0.03651142127035438,1.3569310486405624,Globant S.A.
c95552f2-3874-4010-b5ab-5f1dfe94d4bc,0.6536949,1.19,5.5650864,United States,Consumer Defensive,0.092939995,0.45664,-0.2630378,-0.0485698611007207,-0.031001717205180634,-3.24494964722909,-4.885618877155729,20.15669987591707,0.021959479673482454,1.3317929541529865,Helen of Troy Ltd
4412f384-da29-4a2a-bfee-ac0dec2023d6,-14.805111,1.04,21.601313,United States,Technology,0.1097,0.87133,-0.4421572,0.15348208031048438,-0.07443388610659052,0.3946167239188745,1.2470975637340238,7.982760417577478,0.020513462526871102,1.2083428999773993,Nutanix Inc - Class A
bf220f54-f257-4ddd-a006-fcd09e2ebfe6,0.7993019,0.88,-6.2268867,United States,Industrials,0.02674,0.22102,-0.07287449,-0.023386140747925444,-0.0031727533049088485,-0.7740585774058577,-1.9481981981981982,104.12653061224489,0.11744160171386432,1.8196080878924354,Jetblue Airways Corp
1acf2757-e6b7-48f9-a073-623c199a6941,37.866207,1.61,22.086996,United States,Technology,0.26179,0.55995,-0.31979698,0.0739305977845175,-0.1367907834462212,0.07897438194529993,-0.36598465134660507,,0.01695917638005636,0.7025292713440314,Manhattan Associates Inc
c15920b5-d4b3-4548-badc-70aa3f0161d8,3.148216,0.72,14.575999,United States,Consumer Cyclical,0.11018,0.25785,0.46486592,-0.07894012760881436,0.08430540607693704,-0.4779940347310633,-0.42340993170239616,12.985858272566132,0.030041130416906474,1.0136163681229133,Brunswick Corp
f2bea931-427a-4da1-a970-e62c98ec6114,10.845418,1.01,16.707554,United States,Financial Services,0.2335,0.37561,-0.26820445,0.1953332692611658,0.2532438219647779,-0.04756136539162292,-0.8647135247127222,32.450074891156596,0.012214693144651059,4.6585776549950975,Ares Management Corp - Class A
7b15344e-367d-42e7-b228-16079e551164,,,,,,,,,,,,,,,,J2 Global Inc
86bf420f-b213-4c94-b410-311f3f716191,1.0796553,6.56,45.51464,South Korea,Technology,0.16131,0.13447,0.55483866,-0.030255664147455952,0.15408979209508444,0.44610362259436576,0.4076779807154727,11.863960437583577,0.0833538083570642,1.1432651927432957,LG Display Co Ltd
3ea6993d-ec5a-4283-b8ea-02ab088b8515,2.0327215,4.31,12.560593,United States,Consumer Defensive,0.15564,0.24849,0.8274245,-0.04222290891364888,0.03443992928171058,-0.26682244908257124,-0.259797566552761,15.881068218280186,0.06033662172153066,1.6277139280482964,Darling Ingredients Inc
7cd942fb-ef28-4724-a586-06df5d7a5449,1.9988238,2.36,7.0421762,Philippines,Communication Services,0.40491,0.72156,-0.17586648,0.0071714176347696945,-0.02508017512709415,0.02791618015384212,0.16813687113827813,12.604821560661534,0.2872227112487257,2.869302796349284,PLDT Inc
c31f45ed-02c1-4ff0-a3b6-77a68b8080d1,2.2913136,2.55,14.549707,United States,Financial Services,0.0,0.0,-0.13298023,0.12498538041870488,0.2053544262743453,,,,0.024859387012557334,24.133011477169884,First Financial Bankshares Inc
b72397dd-8931-4576-8ce4-b0cbcf21687c,1.5234411,0.58,12.584319,United Kingdom,Consumer Defensive,0.20806,0.58438,-0.1023401,-0.002678493718742403,-0.21941690125296676,-0.029648297491039477,-0.8669642857142859,2.1937046004842613,,0.7483627445315948,Tate & Lyle plc
b4553bf6-1ac0-410f-a603-7868994b3aba,0.9012385,0.6,13.157639,United States,Consumer Cyclical,0.06191,0.13955,-0.099987864,-0.046191292836057274,0.37160795378275524,-0.13827091393749436,0.7718667439039419,3.0710031958948694,0.013234707254895492,0.7108165687533761,Thor Industries Inc
0842b271-a4ad-4c5d-9646-25d2415679cc,,,,,,,,,,,,,,,,Legg Mason Inc
6c14e77a-98c2-4563-a4f3-51557ef995d3,1.3310368,1.76,10.03346,United States,Financial Services,0.0,0.0,0.16051209,0.02730996900043814,0.06210246471874381,,,,0.00962379720499359,24.106372570081028,First Horizon Corporation
92426d1a-10c8-4b2b-9bcd-6f1b3451395f,,,,,,,,,,,,,,,,RBC Bearings Inc
51c08f06-632d-4152-a47e-cd908180bdc7,,,,,,,,,,,,,,,,CMC Materials Inc
47ffb223-110d-42bb-85e3-374c694b5cf8,0.8594928,,7.624463,United States,Industrials,0.0,0.59429,0.55576825,0.1031921707807526,-0.05547294925970814,0.22277109589132738,-0.603396709880176,,1.2042125705735098,10.936546422667943,Air Lease Corp - Class A
62be6909-69ae-449a-afe7-caea19d1ba30,0.7012513,0.65,21.30693,United States,Real Estate,0.22419001,0.30457002,-0.0037037134,-0.022316275490573245,-0.09146690530137147,0.019033674963396807,0.5889551864394631,27.796133567662565,0.11899133775842838,3.2563043407434815,Park Hotels & Resorts Inc
b88a7540-3b2f-4030-a19b-9843f82140f3,1.3373249,1.23,12.438293,United States,Basic Materials,0.18971,0.33296,0.041467667,-0.03560018256503883,0.08991005763610749,-0.33698030634573306,-0.19608451383862413,12.997084548104956,0.04701327433628318,2.5235066371681416,Ashland Inc
c063dca4-9596-41bc-a342-d22ad9eae45d,2.5582802,0.96,12.955237,United States,Industrials,0.11494,0.31879,-0.14173132,0.06001590030155546,-0.05728497852518477,0.05588333638942511,-0.13259112283788488,3.0028859498934075,0.013254274739798446,0.9022516598174459,FTI Consulting Inc
dd33570b-d274-43c9-bdf5-ddfc797f17c7,1.0230018,1.41,7.9364276,United States,Financial Services,0.0,0.0,-0.15044725,0.09966321837169434,-0.032343164443739525,,,,0.035837791042460695,20.578827904286324,Pinnacle Financial Partners Inc
6481db4c-d7a6-4f7a-a012-ec895d741d10,0.38619062,,,Brazil,Consumer Defensive,0.23497999,0.6692,-0.10344827,0.09902235640859747,0.1567158806729836,0.16968540799472587,0.045614288665557945,8.259339635841634,0.07147914498697605,3.1814793696934656,CognaEducacao S.A.
21f70da3-86f8-41c4-9cbd-1bb6ae387230,1.8827709,2.06,6.544653,United States,Industrials,0.131,0.25462,-0.21032327,0.023572249579124183,-0.10018870512810718,0.38474400953696586,0.5547495716413999,7.929604192508951,0.00874116258759185,0.7963779429398088,Maximus Inc
f6b99ca5-79cf-43a5-ac4f-03a9d8e2f923,4.1630554,,19.235218,Canada,Real Estate,0.09633,0.33565,-0.26348668,0.05378794355415306,-0.10419089600039211,0.14594109195402294,-0.0038378410942716545,7.124117609866016,0.02275025770193235,0.7787308138564752,FirstService Corp
836ff1da-95fa-4528-823c-6dcb288cfc18,-194.01042,0.52,6.3975954,United States,Consumer Cyclical,0.26133,0.44298,-0.35775864,0.04172673706987173,0.10796920613668504,0.01718754782821641,-0.011099332082388003,4.572804263043785,0.020875185625380006,0.7708127267550229,H&R Block Inc
fa1b58b9-2006-427c-8348-8da51141354b,0.87843996,3.33,8.227573,United States,Consumer Cyclical,0.14342,0.16988,-0.59013605,-0.021573748154876782,0.018252318516149724,-0.20023909145248053,-0.7721459134317251,18.016922766384415,0.08655957791506587,1.3618976581309663,Graphic Packaging Holding Company
6c59f259-1cb2-4236-b48e-98193c55173b,1.0533649,0.4,12.340851,United States,Technology,0.0209,0.83681,-0.13586372,0.13496288562519365,-0.5138464620122722,0.48880696752349984,2.7682653720904495,90.32398660767667,0.038777173215358215,6.31442346551772,BILL Holdings Inc
72b23793-7b5b-4109-9dfa-5e9565ccee5e,7.1992674,1.75,30.346992,United Kingdom,Industrials,0.21365,0.3701,1.5392127,0.2950666977146468,0.3717908620379242,0.22254844392248962,0.22514528852152038,6.270828824929669,0.025035831892896862,1.5789507376792378,nVent Electric plc
71d7c0a3-2cc6-43ee-826f-d69a8c53ba96,3.1838565,,-12.097746,China,Healthcare,-0.46598,0.10468,-0.37587148,0.15330786890833803,-0.3048939928745634,-0.253686373394842,0.25584870184293695,,0.06920913777066907,2.494350828849347,Zai Lab Ltd
02657ac4-5202-4208-8a20-523e9e68a82e,0.8858141,2.22,61.324978,United States,Basic Materials,0.04462,0.12875,0.10305953,-0.12529389761920973,-0.058296418474646616,-0.4153280542986425,0.09066695865601482,25.523622047244096,0.027050763183954586,1.2555769820708271,Huntsman Corp
80d288d3-ab4f-44d0-8159-5d7f8c9bf33c,3.8142433,9.35,17.015171,United States,Technology,0.2565,0.52778,0.51455665,0.044780094217059085,-0.020423166030153928,0.2023996533887782,0.29683464672673976,,0.010824686054165193,1.1900587302876864,Cirrus Logic Inc
903db6d5-23fc-4167-bd7f-5a11cf76a995,1.8437248,5.28,27.197369,United States,Real Estate,0.56299,0.63743997,0.141989,0.10152651674049218,0.1718443115439503,0.1071709014764477,-0.3337115511213862,21.299645915176434,,6.736032238764982,Sabra Healthcare REIT Inc
574d8005-6fa6-43ab-a679-f2f9c42ed268,,,,,,,,,,,,,,,,PNM Resources Inc
4b2b7dea-b01c-44b5-b163-9f79be61655a,1.2217319,,8.408196,United States,Consumer Cyclical,0.17006999,0.52699,0.0049624443,0.0475000000000001,0.03225085910652936,-0.31666666666666665,-0.1315705128205128,35.499118165784836,0.015296940024592585,2.9565835697532403,Marriott Vacations Worldwide Corp
50473cf5-c529-4d10-9357-ead74c651045,,,,,,,,,,,,,,,,Mirati Therapeutics Inc
1a6c681c-3651-43a7-9d47-1712149375a7,12.909859,,31.940844,United States,Consumer Cyclical,0.10399,0.20131001,0.10038984,0.4862868426826592,0.7280963455094105,0.03747870528109032,1.577553262597027,5.31298006829144,0.007592576363522284,0.5127320099524237,Carvana Co. - Class A
0c7e4946-2a3e-4759-b2f0-64f692e8b706,4.733161,2.34,22.649288,United States,Industrials,0.19444999,0.41595,-0.034056425,0.1445142580956984,0.20085731942709062,0.1862251019918406,0.08373830900398471,3.1239478114478114,0.0204599389027596,1.3268986476301197,Crane Company
d763cb32-54ec-4d6a-a73c-4cedfba89706,7.4754763,1.24,25.119612,United States,Industrials,0.05046,0.19306,0.22071981,-0.01566324185634882,0.30316115444113945,-0.25576357728609,0.6419578202950575,,0.0028880081111885537,0.34550419731774673,Landstar System Inc
65e50bf5-9574-4725-85d7-0113de9c437e,,,,,,,,,,,,,,,,Colfax Corporation 575 Tangible Equity Units
7db1a531-bef6-4c66-89f6-a306e7f94077,,,,,,,,,,,,,,,,Colfax Corp
cd73b986-2a6a-452e-be54-5bf88577c662,7.818333,2.58,6.937953,Chile,Industrials,0.25802,0.29931,0.3066852,0.11158795306771752,-0.02466437853142822,0.41849131492700753,0.9633076268470677,1.4178693031966225,0.11327705134811601,1.1658886071122216,LATAM Airlines Group SA
9d30a58e-f952-430a-aab8-7faa94944ff2,4.2878118,1.13,12.882731,United States,Consumer Defensive,0.28634,0.36967,0.41810155,0.08635540219143878,-0.04047499480554917,-0.028704192667851736,-0.2724614969885719,0.11750075649851024,0.06141407404293056,1.2425292284995597,Laureate Education Inc
e0305cb9-04b6-458b-8034-a4ea1b46f430,1.4772353,2.5,15.206479,United States,Utilities,0.35187,0.42815,0.14748156,-0.03622924974397629,-0.25774866132914476,0.09449138637064325,-0.037701019353515886,22.010380609406425,0.332448968322029,4.441131397834665,Spire Inc
ac03a288-4581-4df8-bf64-964d7999212e,3.0038612,1.17,13.235887,United States,Industrials,0.16726999,0.48506,0.039110065,0.0490907284110107,0.06254521032609017,0.1711870376893272,0.257036383040543,2.53447162922337,0.017789016405519255,1.0143717899545495,Acuity Brands Inc
2055160b-9b6d-4605-b4c3-1e4a0d4d66f8,1.4049538,0.07,12.722594,United States,Healthcare,0.14441,0.37934,-0.13971013,-0.06330020494986244,-0.05414624553675795,0.02701005521283406,-0.17422558623043338,13.726940266879005,0.04498130535869628,1.9062371530999445,ICU Medical Inc
f1312b49-441a-48af-8815-d9e22336534b,1.4752933,0.24,7.3535056,United States,Real Estate,0.05391,0.18183,0.2017374,0.08910178372942368,0.14966166577618933,-0.15185546875,0.21433268813285056,15.75730376627948,0.004497409637787478,0.7194645674196637,Cushman & Wakefield plc
2995ad4b-75b1-4d0c-8fae-376ba67d06ff,5.7822704,0.27,31.835033,United States,Industrials,0.1866,0.31718,0.30671942,0.047920643749353564,-0.02302559118930736,0.06692793241354944,0.05796731941279476,7.470882529169341,0.07073886106054336,1.231783709179561,Clean Harbors Inc
64b1661e-0847-43f0-828f-146efc92ce30,11.406873,7.45,18.443632,United States,Technology,0.18396,0.63749003,-0.29310346,0.2044629815068304,-0.11036505849461054,0.3894768001184046,2.2258034690441924,,0.007298052596647114,0.6222521686629466,Appfolio Inc - Class A
bb37ca2e-09b4-4ff3-9cb9-842b6734c146,0.47709978,,5.172018,United Kingdom,Consumer Defensive,0.15373999,0.26941,-0.45343,-0.021711078134073136,-0.0947210710933315,-0.10876132930513593,-0.08499050443719602,16.64467668190725,0.027045120987339497,2.1223892996605405,Nomad Foods Ltd
7cb8cb5a-dc68-4ce8-bb80-7785f28900ac,16.318602,1.16,9.798866,United States,Industrials,0.16187,0.26097,0.20508647,0.049741614956403835,-0.02502412200754711,0.1197484276729559,-0.05150239092560338,12.082530949105914,0.03768368889101684,1.2970258149099392,Brink`s Company
20cf44aa-d618-4180-bc85-8c95fedee6ac,-7.559633,2.22,-5.5864406,United States,Communication Services,0.18916,0.49601,-0.6696733,-0.03181972734043592,-0.6010587584342912,0.14915436767261414,-5.589021344837471,36.871530295645556,0.19757028752993552,3.534709191288191,Cogent Communications Holdings Inc
fc6df1e7-3ae9-4003-8f0b-97d6c4e9bebd,1.3280413,2.01,9.265643,United States,Consumer Cyclical,0.06847,0.44662997,-0.08051664,0.019100580780857968,0.1022506589230503,-0.20054251986991511,-0.3072119709875144,3.627220338483522,0.018206524003168807,0.832476308384333,Carters Inc
9c02d523-c518-4c19-96fc-afe82a3d951c,,,,,,,,,,,,,,,,Perspecta Inc
a440ceea-c3ec-40eb-a3dd-dac673fd0a15,1.6249095,7.15,42.598198,United States,Real Estate,0.60082,0.75905997,0.111775756,0.24505189208119793,0.07352422492698296,0.8622308190850354,0.9948852639041935,10.570148011096814,0.1292956995891836,10.504698005441272,Terreno Realty Corp
c06edb04-7b12-4889-b5d7-d308e7a22dfd,4.4649844,2.67,25.974382,United States,Technology,0.21359,0.38568002,1.0599835,0.08924997991571915,0.14941155375903892,-0.36541396187328523,-0.31993336405781414,1.0369487686878796,0.027174848654932218,1.6156645216322805,Littelfuse Inc
3708f8bc-cce4-4b93-a113-9a17bd92d6fb,15.493603,1.53,23.884089,United States,Technology,0.0717,0.70381,0.531291,0.15614059120676838,0.128107596771456,0.330048423491238,0.2006198767195908,,0.07216907977226694,1.1418434088005436,Pure Storage Inc - Class A
1aeb86cf-c739-4fe4-9a43-632308f6c125,2.28263,0.48,9.775898,United Kingdom,Consumer Cyclical,0.05072,0.38834998,-0.13149846,0.07624723128703326,-0.03655060858151349,0.09390987283655738,0.004344659016717545,,,0.2863952233936349,Marks & Spencer Group
91a98034-fb82-4cba-b221-8e04bf7736e6,,,,,,,,,,,,,,,,CyberArk Software Ltd
4f0f870b-9fdb-4954-a3b9-73ed21dd9fca,7.7227163,2.25,23.309668,United States,Consumer Cyclical,0.11567,0.16424999,-0.080400944,0.0939348247977232,-0.059680478524710034,-0.020366373426143336,-0.12587489784917072,,0.06497731668320955,0.5468083893282969,Texas Roadhouse Inc
fd80106e-cf2d-47ed-a3cb-04b3b8389368,6.522027,3.12,52.206467,United States,Technology,-0.02535,0.59253,0.69542074,0.20136849094612685,0.43752373268868083,-0.8203168188490059,0.06515168594357945,,0.04254097778239517,1.526387758915113,Silicon Laboratories Inc
b2e7a85b-e405-4147-af71-036e858de6c0,6.8374224,2.03,20.26042,United States,Industrials,0.23014,0.35134,-0.32728863,0.041296330726386055,-0.003654279245939085,0.039873040778517166,0.19197519584833445,,0.017037414350613744,1.3887747113996276,Exponent Inc
48cf5778-c8ed-4f51-a673-7cdcffbe785a,5.988619,1.03,13.902246,United States,Consumer Defensive,0.31235,0.53256,-0.20264673,0.07073364814395333,0.012809223034917272,0.09358929424884499,0.048771472692743956,,0.030278449072428743,0.8915874440258725,Grand Canyon Education Inc
fb04ade6-cba9-445c-bd27-ccafd2950ce0,0.44448218,3.33,5.833957,United States,Real Estate,0.0,0.87981004,-0.058950424,0.2596157602750431,1.8766643217927703,,,,,68.62764039730445,Chimera Investment Corp
58b83531-b531-4d50-8b9a-2dd063c0278a,8.382548,0.39,22.664335,United States,Real Estate,0.24510999,0.50567,0.9272171,0.005657475557508507,-0.026931715073914564,-0.21445908460471563,1.01764253202346,21.880697928026173,0.05794932305610856,2.7803112252431936,Outfront Media Inc
8da8d8cb-dc4a-46b0-a49a-edfb91004d46,,,,,,,,,,,,,,,,Allete Inc
c144f88d-1d41-41da-be27-a9b7176a6432,1.5386447,1.06,10.947144,United Kingdom,Financial Services,0.31059,0.65643,0.3472258,0.25234513989972496,0.298542271865599,0.8548288508557458,0.5143475546918193,,0.002716447112376794,2.4061719962735704,Janus Henderson Group plc
951491a4-f3d5-4b94-94b8-15d5303ab59f,0.075315095,,,France,Financial Services,0.01789,0.66915,-0.9023904,-0.14848496799267014,-3.327615281473883,0.2750949558824415,-0.8766935800487163,113.4911881750995,,2.9861022120518688,Generation Essentials Group - Class A
015c16b5-1e69-4d02-a7da-3c0ca6b28636,,,,,,,,,,,,,,,,Equity Commonwealth
831062e6-2b78-40e7-9f34-879600db7f32,0.6021906,0.33,9.772165,Bermuda,Financial Services,0.0,0.93242997,-0.1304146,0.2592137592137591,-0.22470436944121164,,,,,14.837223587223587,Assured Guaranty Ltd
9b481c50-20ec-46c7-be3a-d538b1893b0c,,,,,,,,,,,,,,,,NextEra Energy Partners LP
9d731328-749c-4134-b6f0-fe77c952cb87,2.033912,,13.665078,United States,Technology,0.082329996,0.22773,-0.26355797,-0.040649527779922257,-0.33800259570972513,0.06136351362819292,-0.3920078942099924,7.178064182833174,0.011016874567310974,0.9220480311735176,Parsons Corp
1bf33c72-6fee-4047-96fe-97ff5e8f8c29,2.8043857,0.67,7.6134396,United States,Consumer Cyclical,0.056750003,0.17966999,-0.022558391,-0.006809183306183186,-0.01933362953289286,-0.009274345156034536,0.2707001082486269,24.217473112369106,0.010569925002039203,0.5163750267470751,Autonation Inc
e7bbaa76-04d6-4b0e-9836-c3cbbee70cd9,1.4949452,2.81,17.65565,United States,Utilities,0.35202998,0.56145,0.24274588,0.06451882827535638,0.10399136858807823,0.023453778877312814,-0.14001993711358496,23.074133360202453,0.3340921909347873,5.098525164628062,NorthWestern Energy Group Inc
df266c09-7f75-460b-97c7-13dfbe909152,1.2283114,,14.796123,United States,Healthcare,0.13643,0.55254,0.31186438,0.08320720146578497,0.1446333600270845,-1.4124236252545825,0.9591119607352621,3.233881493082746,0.01848224715134941,2.0088226228243395,Envista Holdings Corp
cec3f118-71d1-43f6-8a36-4370f49af35e,0.996266,3.17,8.399987,United States,Consumer Cyclical,0.06277,0.40333998,0.53161395,-0.016734764843953753,0.04546807220268856,0.327459618208517,0.6153597888514744,4.8,0.032712966290975164,0.7177180597528747,Macy`s Inc
9e41643f-05a6-4e5e-a63e-ab5ff8e3fe15,18.03519,2.38,12.236371,United States,Consumer Cyclical,0.23513001,0.55241,0.11251807,0.06352941176470583,-0.006867700148651457,0.26797385620915026,-0.9367088607594938,4.843373493975903,0.011803588290840416,1.027502360717658,Frontdoor Inc
686fc974-7992-4788-9279-a74ad95ed99f,2.3692062,4.76,20.598269,United States,Real Estate,0.70456004,0.77983004,-0.0058612227,0.12067211446949555,0.13962415725772992,0.04341375159915528,-0.283647362355016,15.83957829328924,-0.0,6.839926997982719,National Health Investors Inc
6ac680d1-a522-4612-9d13-8c7f021583bc,9.911137,1.87,35.422333,United States,Industrials,0.07869,0.12824,1.6366293,0.16220691993734437,0.11769126718117051,0.25962856836273596,0.49784457654877645,6.973868623358882,0.020254179084470754,0.6411978348512725,Mastec Inc
ab70b5ae-93f0-401b-83b4-6b86a7e0c11c,1.112976,2.76,10.873223,United States,Real Estate,0.0,0.97696,0.05971408,-0.7747225637692169,-2.799247471570685,,,,0.20952043420146624,22.894050994369962,Two Harbors Investment Corp
c87b1d2e-cae0-4a46-adc5-d96cb4216639,4.671407,,19.10243,United States,Industrials,0.18145001,0.28963,0.35620975,0.02600903922348463,0.13524644154093757,0.020712989181732366,-0.054655563475264346,7.827939242841414,0.010679215085037825,1.1049475754867795,TopBuild Corp
deda1588-5471-4108-91b8-5ab40b661bc7,1.5990809,2.14,17.936247,United States,Utilities,0.46735,0.51233,0.22915208,-0.21607649595025247,0.2728781937697976,0.13213461314367492,-0.45759153049218826,15.651402036666964,0.4797145474170028,6.095646859216139,Southwest Gas Holdings Inc
558c10a7-bcba-4965-a3a6-0615ad34b7c9,4.861872,1.0,10.289765,United States,Financial Services,0.0,0.89862,-0.01738,0.17351278018926175,0.27065763536522924,0.4278010713734248,1.364481857880809,,0.006348530239749914,1.4309506502455602,Lazard Ltd - Class A
99916641-2c5b-421b-8053-ba057d761921,6.9394593,2.35,30.46624,United States,Financial Services,0.0,0.93017995,0.67307687,0.14680246767699656,-0.7603338383606633,0.17357116769929815,-0.9884835394541243,,0.010395655237243475,28.80554607747636,Interactive Brokers Group Inc - Class A
8c9d3cd1-682e-496c-abcf-fac5e5887bbb,1.133304,1.76,7.9528627,China,Communication Services,0.33414,0.44374,-0.4940263,0.1584803351994648,0.17919383955741675,0.3681862540080858,0.23539336618613294,,,3.0901065093717697,Tencent Music Entertainment Group
b48aad34-4ce6-4a53-960d-cd1aec7a502e,35.54386,6.06,8.381234,United States,Industrials,0.05327,0.17292,-0.53128976,-0.008509796160696581,-0.06881336512381064,-0.07486631016042777,0.02762516614975641,8.903846153846153,0.016185208161412275,0.7339684587121453,TriNet Group Inc
11147b06-b8c0-4202-8f85-c5992df4afa7,-6.1728735,,176.34666,United States,Healthcare,-0.8602,0.95127,0.96289694,22.852735676663443,2.1427924986779017,-0.22749121082006407,-0.166374080684639,-9.819049709359719,0.016539128239241373,1.6794763122991303,BridgeBio Pharma Inc
d11b695b-e207-42c3-acd5-fa90af843d2d,,,,,,,,,,,,,,,,Bread Financial Holdings Inc
9d0c76c6-4171-4527-b253-1d486d662a1e,,,,,,,,,,,,,,,,Pacwest Bancorp
cd12875d-4b8f-4f3b-bd99-94b691f08dbb,2.6258137,1.73,18.299402,United States,Financial Services,0.27083,0.33703998,-0.33272058,0.06329926162911548,0.14929075003500558,,,0.9189394175119796,0.002913644482080669,3.2656197931508766,RLI Corp
5ba18350-1aa6-4a65-a9fa-8a85fdbcc8ca,2.2834842,2.63,17.61617,United States,Industrials,0.22805001,0.33887002,0.32310212,0.04320884248267187,-0.08014165261834716,0.18455975331130114,-0.15712853090855217,5.046827434580733,0.0772750223799624,1.7652476127884282,Kirby Corp
4dbf509a-32f4-4574-a0f6-dbd5ce7c42c6,0.965646,1.16,8.446839,United States,Financial Services,0.0,0.0,0.4287293,0.03974624254424136,0.08958568131235856,,,,,32.42378892854509,Valley National Bancorp
7c97d35d-d40c-4781-b54d-5f8471aae587,,,,,,,,,,,,,,,,MGM Growth Properties LLC - Class A
d2d22d56-3af9-4063-82e5-378ac40464ce,,,,,,,,,,,,,,,,Morphosys AG
bc34b0e9-cd45-4565-82c7-c76d1acd9afc,1.5607096,6.81,34.796856,United States,Energy,0.20943001,0.31465,1.3483949,0.35892167436272193,0.1064899454890531,-0.2740372271082817,-1.5627826195393526,9.239793170030621,0.0968133903294732,1.7034414640184987,Helmerich & Payne Inc
e9c3690d-6d99-4aec-9ac9-e8d689c33d55,2.5290258,0.45,7.203744,United States,Industrials,0.085030004,0.14497,-0.45788997,0.009857328145265853,-0.10679599630141656,0.16460396039603964,0.7192401254721208,13.646788990825687,0.006761149564184205,0.866304793437852,KBR Inc
ce078755-9c19-4e8d-ac67-ec3746ebd297,3.6304877,3.8,18.127882,United States,Basic Materials,0.23175,0.45549,0.09127569,0.02669118486419042,-0.0010778955786028277,-0.01883035338123179,-0.011275452942716813,0.8795181814229192,0.06761222369622688,1.249687540539457,Simpson Manufacturing Co. Inc
46152711-89ae-4353-b2ad-2331fa2a48ae,1.3954058,1.75,12.49359,United States,Financial Services,0.0,0.0,0.07149577,0.24005125755067414,0.4964473069319113,,,,0.03346946672961273,29.341281818929836,Glacier Bancorp Inc
940afe3e-2663-4dba-959e-d1dc2ec4726b,19.591373,0.92,9.248642,United Kingdom,Consumer Cyclical,0.04369,0.62806,-0.052689373,-0.07990745684285461,-0.03407186453791622,-0.45374015748031493,-0.19664028642552756,24.33862433862434,0.016643550131674893,1.1345353339758384,Capri Holdings Ltd
c0cd02b5-bdca-4f5a-b31e-43b3c4b6f0ea,17.552654,,-17.664717,United States,Healthcare,-0.31596002,1.0,3.8710294,104.6132,104.62346184984645,-1.2935319395989051,-1.4681176869805188,-2.527232760726207,0.027809885922169514,2.388866467635042,Arrowhead Pharmaceuticals Inc
57e4e184-bdf5-4cc7-aad5-1577eeea08a5,,,,,,,,,,,,,,,,Alumina Ltd
df082a46-76fd-4030-a965-dec23a25f654,,,,,,,,,,,,,,,,Everbridge Inc
6a4a4433-80a3-4b93-9246-134e47eff2f5,3.1436288,6.85,53.282127,United States,Utilities,0.44029,0.2751,0.7477741,0.12492298108119781,-0.004837738326995744,0.05358882310339652,-0.1573761534499447,20.24155498751385,0.5325945206781307,5.197664917929076,Ormat Technologies Inc
0a405aa5-8228-4633-bf71-f18ca14180f0,2.141828,0.97,10.615781,United States,Financial Services,0.0,0.95375,0.13204384,0.1437787255861651,0.19115143639698784,,,,0.01646677716150111,7.306841213422809,Stifel Financial Corp
913721c7-719c-42de-b653-8458034f4eb4,1.8827271,2.06,11.30041,United States,Consumer Cyclical,0.0448,0.16379,-0.028978586,-0.001766839898571515,-0.12285306737612967,-0.045215100965759425,0.07928117742043506,17.038354039728823,0.009537081223049552,0.5551062066818646,Penske Automotive Group Inc
8948d648-5f12-4b0b-bed1-7ad3f1ca78e0,,,,,,,,,,,,,,,,JOYY Inc
840b231d-6cea-4aa5-a871-9acc8b3c5adc,1.7153968,3.55,5.2685823,United States,Financial Services,0.09503,0.96322,-0.05874604,0.3386116323817625,0.6824109885966017,1.0738251226637172,0.5203888930640517,11.195437435041967,0.009776215415884769,0.6878921225976821,LendingTree Inc
da7338e6-75ec-450d-9cf1-8720a56d53b1,2.1832514,2.32,16.52352,United States,Utilities,0.32676,0.38257,0.21771455,0.028886330853304498,0.3533845464288472,0.11656890175076251,0.015129753234998766,20.024088155956292,0.36488258825612085,3.522082364719448,New Jersey Resources Corporation
59c1b1e6-e2b0-4c16-9154-d3e4619099fd,3.172589,0.8,15.090109,United Kingdom,Healthcare,0.18311001,0.67855,0.5919945,0.10739749983445512,-0.02153120965512456,-0.3728987386537781,-1.7975877476978301,0.0,0.05654167271266087,1.7839898817961626,LivaNova PLC
482a3a9a-1bc2-40bd-ab28-47413d9d6345,9.395034,2.45,31.0597,United States,Communication Services,0.50076,0.7157,0.6496235,0.049329346248022654,-0.07720323046919852,-0.0039320579824474455,-0.12541514422067923,15.423965303916324,0.12067185720333017,2.9073466822431238,Iridium Communications Inc
b5b8ebde-7fc9-4031-9b78-0bf56a2431c8,4.6265755,8.35,13.983762,United States,Technology,0.11851,0.55577,-0.4981107,0.14109679289535415,0.036882874253311826,1.6477802648759559,2.4972887579829015,1.0342621216633971,0.041998343017177905,1.6233165949193857,Q2 Holdings Inc
9f8a9034-7934-4f9f-bf78-bc104155b23a,,,,,,,,,,,,,,,,FibroGen Inc
31fe5b34-57a5-4dbf-8adf-f0f1aa055dbd,0.26789263,,,Canada,Financial Services,-2.49287,0.22033001,-0.9598061,40.008843895830196,-inf,2.9565388064401192,1.9163098369654739,-2.0767808531986596,49.12357042067899,26.010356453383036,AgriFORCE Growing Systems Ltd
3bc0ac65-7b93-4562-a5d5-03577aca9c0e,11.697363,1.1,15.692754,United States,Consumer Cyclical,0.24408,0.38452,-0.073512614,0.1146512189234854,-0.05313455892620311,0.08107535986452152,-0.8744034806129576,10.234788359788359,0.14151958674128282,1.4914308006887644,Valvoline Inc
70c3d000-a6de-4e56-bcb7-2abcfc996a06,0.64572084,,3.2223823,United States,Financial Services,0.0,0.25583,0.022814631,0.10607594936708864,0.03353357258022571,,,,,39.65217653127727,Brighthouse Financial Inc
a365e330-681b-4934-84ed-d42cdfe75998,,,,,,,,,,,,,,,,Rexnord Corp
57225064-3498-45a3-90c6-c128ae60d9db,0.703098,0.13,8.529524,Luxembourg,Basic Materials,0.09967,0.15987,0.5170213,0.00029368329193801834,-0.07254609108756349,-0.00990610252618207,0.6328390292262934,1.7593619743635895,0.153036634261509,1.5254052591033278,Ternium S.A.
e163e471-f35b-4cdf-a167-566b8978cfa4,0.64847845,0.32,-8.689655,Brazil,Basic Materials,0.16712,0.25857002,-0.22699386,-0.03852484542106327,0.0011677777549365942,-0.20214525719648313,0.14910351056198268,18.65535922935102,0.13340866097007315,2.2600191049551843,Companhia Siderurgica Nacional
db38d18b-451c-41d5-865b-74b7ae13131c,5.269774,4.53,9.751507,United States,Technology,0.08328,0.75376,-0.5033716,0.09718985688697734,-0.031043317982701213,0.02061339453369504,-91.81285274092447,30.848021311530342,0.04336978480884241,2.341290225325407,BlackLine Inc
17ba204d-9382-4ab5-822c-4e29878467dc,9.468635,,-49.346157,United States,Healthcare,-0.10083,0.43713,0.39456522,0.5103773783686971,0.6288427567464424,-0.7556712391230004,-0.8484662946593182,,0.010016688568200793,1.7017495739302162,Adaptive Biotechnologies Corp
ed767834-aecb-412d-94b2-23845b1a2883,3.0315518,0.31,-5.621493,United States,Healthcare,-2.22541,1.0,5.725714,-0.2525449871465295,-0.4178548439861084,-0.6433792527570165,0.7270459750159498,,0.00307371524095411,4.698326532813258,Nektar Therapeutics
ef041059-0f4a-4cb8-ba13-66c28a621b41,19.821957,2.55,22.372253,United States,Healthcare,0.22067,0.71900004,0.35718024,0.19970090855900313,-0.026652957375952857,0.2320905249350369,0.025754447762055488,,0.01052023210893842,0.69352378723051,Medpace Holdings Inc
4ab9333f-8fda-4b4b-9bd5-ca8e9cbb649d,8.918298,1.08,21.763239,United States,Real Estate,0.29877,0.34603,0.056670308,0.10167251902979868,-0.06339155121644202,0.12576804657854912,-0.09655575371339253,17.839989324125355,0.13582612220918616,2.3334925791260424,Ryman Hospitality Properties Inc
3d46ac4b-0235-4e2b-9c7f-8a10128a8574,38.251553,0.64,12.908573,United States,Consumer Cyclical,0.15709,0.44069,-0.39595902,0.050056352888588895,0.23770344440169378,0.19928124531198987,0.4509359847057214,18.216329686102075,0.05900359596397296,1.3793086693811287,RH - Class A
44a81bfe-384d-4506-b186-06eddd4f5078,2.5207555,0.9,7.490029,United States,Financial Services,0.25694,0.49282002,0.6120558,0.004100836360801052,0.13308671712248255,0.10997796215187522,0.6970699707449007,14.787678767876788,0.002873698548095184,4.199521772089934,Affiliated Managers Group Inc
9fb73598-8438-46bd-82bb-20c2049b5204,1.5516027,1.22,26.344868,United States,Healthcare,0.08488,0.27631,0.27609277,-0.08490971689946414,0.19239733854447683,-0.8576045947179968,0.7854532337181318,11.516756080500897,0.01042009977109975,0.646368624271168,AMN Healthcare Services Inc
47b28119-e5ec-4849-a7f3-bde906a1120a,4.460101,,15.900261,United States,Financial Services,0.0,0.94323,-0.1595394,0.13026537290283535,0.3331374084206731,0.17755788490543423,0.5198192361885439,,0.011668696438379637,1.4391154453108619,Houlihan Lokey Inc - Class A
8eabe908-f325-42f3-88af-234b3ea78c6f,4.2216935,2.14,21.16841,United States,Industrials,0.10963,0.40779,0.27774382,-0.013459999879611106,-0.05674802200131568,-0.15803302222232063,0.04253853884730652,4.36329010115805,0.02249230202215647,0.6441503422077682,MSC Industrial Direct Co. Inc - Class A
7818deb8-9154-4ecc-a7c8-b48431b740eb,1.9576137,0.94,6.6751466,Panama,Industrials,0.31224,0.41417998,0.26204848,0.04980096906794107,-0.11612332249980883,0.0423634409242053,-0.3409227191435311,5.2018810760153,0.16786482256908167,1.6315184906919682,Copa Holdings S.A. - Class A
b9606faa-2b8f-4021-bc85-3c884cdd01d1,-0.60600305,1.68,9.569809,United States,Technology,0.146,0.56542,-0.4423077,0.009522577777615782,-0.031889081199568015,0.06487469274159152,0.003011532421909102,39.19842573488803,0.029297150697968854,1.5881440112270773,Sabre Corp
f5b66744-dff1-4e5f-b9fe-b3ddddd0975d,1.5761962,15.4,19.644648,United States,Healthcare,0.060089998,0.43873,0.5482944,0.01743926397807366,0.1801266105728332,0.2516769097980046,0.39222678493465357,0.0,0.04729004353678152,1.6775306861144124,Omnicell Inc
db59bba4-d05b-43d7-b601-c8d93fe08aee,2.7861028,2.23,6.292304,United Arab Emirates,Communication Services,0.39462003,0.88018996,-0.037411332,0.09865134865134872,0.11383110897092263,0.08083966214777494,0.26040952524679073,,0.045693046382004825,1.8986663220312003,VEON Ltd
b2e3cba0-3fc6-4819-8fd2-58772eea7737,2.0656245,0.26,232.6983,United States,Technology,0.30118,0.33326998,5.4892626,0.055048160983883765,-0.027883462312243923,0.9258554499650158,0.9824473740439141,15.191108566244344,0.20410330315658007,3.250156349305162,Viasat Inc
4be7f895-faca-44e0-bacb-49c8f09f9641,4.1124773,2.09,15.223274,United States,Basic Materials,0.31813,0.283,-0.19545358,0.0005360074394822334,-0.1576392870128165,-0.022732961067430724,-0.2838194784156779,6.921269313621503,0.1491420435944038,1.512637627286059,Eagle Materials Inc
a4887907-3946-4727-bcf8-2c4f58dc7b58,-28.361113,,25.677876,United States,Healthcare,-0.02527,0.37047002,0.52193356,-0.13973014068767842,0.8030942548227062,-0.6353363201549918,-8.266968844459823,-77.04650495191618,0.36272320996775353,3.2740532669356526,PTC Therapeutics Inc
cbb6a3e0-4c99-4a2a-9bec-7dff1ee68a37,1.4725018,0.13,37.244526,United States,Real Estate,0.86425,0.87644994,-0.01638043,0.16416110971568387,-0.06344606391262841,0.1709584458636617,0.029784681354709575,20.83992927366581,,12.84810558404475,Agree Realty Corp
bc026d23-4540-4be5-861c-6d2911d0f00a,1.7559261,,-2.488336,United States,Healthcare,0.0,0.0,0.83486235,,-0.6089743589743589,-0.27072622438118255,-0.24527804061883585,,,,Allogene Therapeutics Inc
6c12a042-7cac-4cb7-91fe-b98b62830220,1.4478778,23.24,33.06364,United States,Real Estate,0.38411,0.28423,-0.17554075,-0.5095953251701286,-0.3768236635195663,-0.5745207693948893,-0.6555720607044424,5.023341967896961,0.0737804950534563,5.071918874989752,Rayonier Inc
9fdeaef9-667d-4804-ac3d-8a9024499521,1.5587995,0.28,9.959068,United States,Financial Services,0.12214,0.21721001,-0.01628375,0.09783938814924853,-0.13207560548360275,,,5.434383798585235,0.006776613668109143,2.768904827787177,Selective Insurance Group Inc
46cdeb4e-a158-4090-902b-e797865b5996,1.6119043,1.56,57.592407,United States,Consumer Cyclical,0.03894,0.31824,-0.44706517,0.0037231017280932033,-0.1321556974557403,-0.28690657887544835,-0.3368341764355204,15.19684882939055,0.0429458754632209,0.636396107016547,Cracker Barrel Old Country Store Inc
eddd1c0b-90a1-4e55-b8ef-978f70f19822,4.2288585,0.54,15.097491,Chile,Basic Materials,0.32279,0.29557,1.4373734,0.010480349923522203,0.31327334578238253,-0.018616508824408462,0.45509976544859776,8.206953802347511,0.1915719053432682,2.690108550484463,Sociedad Quimica Y Minera de Chile S.A.
4ae8e4bb-c4a8-41d0-9bf3-92d12b88ed05,1.7375001,,24.081776,Hong Kong,Healthcare,-0.04713,0.11644,-0.07195848,-0.18879649643893942,-1.0948707044095434,17.354662678886456,36.66736679164628,-4.458997369642581,,2.189210536870661,HUTCHMED (China) Ltd
5e2a0ac5-0b35-4f25-aac2-c2ce77897813,6.8742175,1.33,-1203.7719,United States,Communication Services,0.10724,0.27082002,5.237727,-0.051848356792915995,0.03501579644408648,-7.757019062641119,-6.703983097700933,60.402217382596326,0.1109283313065202,3.5253934515076097,EchoStar Corp - Class A
a3fc077c-dc1f-4aa5-9f0e-a43bca717ea2,,,,,,,,,,,,,,,,Foot Locker Inc
56710427-21ce-4663-b94c-b6a0f06a4794,3.7447624,1.38,15.453427,Canada,Industrials,0.14762999,0.54243,-0.2385692,0.08589333333333338,-0.05544394560698929,0.1356423173803527,0.04562298802743148,5.563846257061427,0.01083467683727958,1.1297222602954542,Stantec Inc
6ae8949c-b7af-436c-ba06-837d72f14a55,1.202965,2.56,14.483145,United States,Utilities,0.33958998,0.66561997,0.032711506,0.013415892672858698,-0.10073644402741055,0.08637873754152814,-0.015869863149740926,19.136712749615974,0.3218570790813005,4.3028170450601415,Avista Corp
66f8ac63-8182-4b00-8659-b74003bcd61b,2.8141043,1.78,10.905759,United States,Technology,0.21082,0.49036998,-0.15187299,0.0975568282344712,0.08222898972012249,0.06225932706268544,0.15790665297581274,6.922724556409654,0.01862235224009968,1.759854023941457,ACI Worldwide Inc
ca96c8fe-4908-43a3-be39-2ae6eaaf1b33,1.245842,1.73,9.722786,United States,Financial Services,0.0,0.0,0.3559451,0.04408071532552582,-0.02806710465254514,,,,0.018946867213357314,30.653749736548114,Webster Financial Corp
e5cb6b5a-f99b-42cc-a75d-87d293e389e6,4.321303,1.17,18.242388,United States,Financial Services,0.18861,0.58564997,0.7677722,0.08042729054682973,0.10236793605047656,0.08772504488765964,0.09039603144608166,10.76832223911891,0.016022615119956275,1.3130305810519491,FirstCash Holdings Inc
b910cdf5-4909-4d65-bf16-02c4e979fca9,0.37960714,2.06,4.2277756,United States,Healthcare,0.18504,0.45179,-0.683144,-0.07168590299553002,-0.023250715256495247,-0.6760639011947913,0.02410276147406909,20.426072808623143,0.062471771791213764,2.206476636147445,QuidelOrtho Corporation
6efcff38-48fd-4337-b8ee-2db0ef813f45,0.22006187,117.6,5.1720915,United States,Communication Services,0.11294,0.9571,-0.70268655,-0.12779117246170735,0.1983216015090502,0.009441573957702953,-5.252755183860239,6.166366563939195,0.06135385204456444,1.6723703362194613,Angi Inc - Class A
e2881ed9-520e-453b-a457-ed5ab253fe77,,,,,,,,,,,,,,,,Farfetch Ltd - Class A
fbb4717d-3f09-468a-8957-191b600ed43b,2.1620748,2.42,33.093018,United States,Industrials,0.12833999,0.36659,0.38194036,0.033685420088040985,-0.08237937728024058,-0.0004830620596288915,-0.1200118104000194,,0.06704729746403187,1.1230318034019446,Unifirst Corp
68cdd1b2-eace-4349-bf0c-4f10dffea46a,9.084754,1.92,55.764027,Canada,Energy,0.25267,0.36782002,1.1006253,0.11039099781489226,-0.314454989380885,0.20800355586143615,-1.205946548151438,0.556184772703581,0.10014681211847735,2.8073186053166226,Cameco Corp
dc94ac69-8b17-4d67-9284-6ec0bdb934b5,2.8267379,3.68,18.173115,United States,Industrials,0.12432,0.19781,-0.2635463,0.030128033950925115,0.25108142191697047,0.1606490716587387,0.22282510887953066,0.6132075471698113,0.11376074489391112,1.026387751611559,Louisiana-Pacific Corp
e4e4513f-13ab-472a-8a39-0cd6b0095957,0.5316355,2.48,6.234556,United States,Real Estate,0.0,0.87467,-0.05096841,0.18089561919376074,2.875454736728227,,,,,43.42259720683804,MFA Financial Inc
bb4a4291-8a22-4901-bfea-b8914affb519,-24.351622,,15.550849,United States,Technology,0.0332,0.72470003,-0.39423078,0.17813789459695117,0.012809928888208866,-1.6424057226196265,-1.2150954109912586,18.640966901019038,0.004350385628251697,0.8151325287422295,Appian Corp - Class A
ea8af812-1b57-4d7a-9f3f-eba4ca04ed39,,,,,,,,,,,,,,,,Umpqua Holdings Corp
8ff5fc55-4874-4bdd-a946-95202bd53549,0.092209354,0.75,1.3134328,United States,Financial Services,0.13064,1.0,-0.62231755,0.1080996384069991,-0.07665147090795887,79.22648679397089,1.7821962195806784,0.7052608727114842,0.028942705935936473,2.139674806502091,eHealth Inc
19dd6b0b-23c4-44d4-b5b4-9cb71b3fcf42,,,,,,,,,,,,,,,,WPX Energy Inc
a989b130-8cb4-4789-b741-14ef0b4f083b,1.6020765,2.62,11.465023,United States,Financial Services,0.0,0.0,0.0676353,0.1206566503560057,0.13690800975070883,,,,0.08410934002112887,20.77032762993587,Community Bank System Inc
e49fc61b-5518-4156-878f-ad51113c5d3b,1.6681088,0.79,8.96961,United States,Consumer Cyclical,0.14874,0.17403999,-0.34717518,0.04252465767196295,0.17336604444699943,0.0404247512779502,0.16623920280239735,17.206666894311994,0.046686389976394065,1.4090523266444273,Silgan Holdings Inc
a9be679d-d145-44f6-8ca9-f6a422f02591,1.0874636,0.71,9.735177,United States,Consumer Defensive,0.19112,0.49345002,-0.13016117,0.039584238439910546,-0.055597994398927764,0.1831794125585271,-0.2201192869591504,,0.03463045501445966,1.6371551543364784,Strategic Education Inc
4fe19535-f18e-43cd-97c1-cb2fd6a7cf4a,40.75297,0.34,5.2591205,United States,Technology,0.23115,0.59236,-0.51683635,0.0415061347875052,-0.004779441785708327,-1.80119857025151,-0.33060607305519674,16.576394585813205,0.05511820581040995,2.025725034098505,Blackbaud Inc
c5b50faa-57e6-4cb1-98ce-5cdf39b399a1,2.4998908,1.58,16.743788,United States,Industrials,0.17416,0.30598,0.5657823,0.001924338508637602,-0.0586311799827004,-0.08742857142857141,-0.16783255800085062,8.296018677807815,0.031715461419097354,1.4372004725054188,Timken Company
b56dc5a1-7aad-4b33-ae9f-f34c74fd994b,1.1997383,2.26,12.028255,United States,Healthcare,0.08422,0.16681999,0.08552635,0.051227997119780655,0.0034408109648844665,0.009225455652357217,-0.40251620893790674,15.503204273511626,0.04270571889462246,1.056016964181388,Select Medical Holdings Corporation
fd5cb307-607d-41da-a234-d9f0140a6994,4.8806195,3.23,22.806013,United States,Industrials,0.21835,0.49245,0.20429277,0.09526820016534554,0.04392144290270905,0.1349127182044887,-0.00018977693953425856,,0.01786691732875233,1.050922694213407,Watts Water Technologies Inc - Class A
a134d617-93c0-4582-a998-9996589b422a,0.96364397,0.81,23.741777,Bermuda,Financial Services,0.23186001,0.52237,0.17661703,0.22536945812807874,-0.6458629453609963,,,2.756950809654751,,4.204290934859232,White Mountains Insurance Group Ltd
640742ec-5636-4c94-8730-e9cf4c572437,0.8479138,0.66,27.60643,United States,Healthcare,0.093339995,0.45209,0.27968752,-0.03198473959719639,-0.6044936754337188,-0.3856102152737988,-0.8592688616587487,33.22266249907706,0.07286795325217776,3.88856858585941,Neogen Corp
dac0dda1-a2af-4295-9d20-02d2e933f335,3.5972369,1.46,20.915396,Canada,Technology,0.42187,0.77083,-0.39682823,0.1362624818695446,-0.05903303270353266,0.20214456485948662,0.04952672532107183,,0.007860168561520565,2.463125452679865,Descartes Systems Group Inc
465a41cd-7252-4a91-93b6-1b06eee58f3b,2.0183375,1.55,10.187368,United States,Energy,0.61460996,0.64103997,-0.0020884275,0.17108663571248606,0.18154912896866005,0.08947383839499179,0.089422265724449,6.744349439485156,0.3894863989761592,3.5385647244937037,National Fuel Gas Company
137e785d-7cf0-42be-aefc-0cff9eaf39da,214.42561,,38.680725,United States,Healthcare,-0.23613001,0.92599,1.1026778,0.5741666186410677,-3.8338314627786816,0.11196193184925884,-0.17079090884927073,,0.0003713451280603583,0.9574657590987972,Axsome Therapeutics Inc
0277c3d5-61e9-4636-bd28-89edd1408b8d,3.1049612,1.22,10.898743,Canada,Real Estate,0.11727,0.40088,-0.2602718,0.11231076451723254,0.18060731175151845,0.09115787687216259,0.051747050673190964,9.791242408104928,0.013733247971168861,1.1415236704392822,Colliers International Group Inc
36ada288-e755-4424-9fbe-05ebdd670512,1.8519163,4.51,21.181776,United States,Industrials,0.1016,0.16279,0.3004886,-0.002354116136396023,0.16503429159178518,-0.07106274007682456,0.1995889826296927,1.8474488024991322,0.06677834521710208,0.8683873998277564,Schneider National Inc - Class B
b264b91e-8d8c-4224-8dc3-28db2cbcb700,0.89268905,1.05,8.702834,United States,Financial Services,0.0,0.0,0.18954706,0.06090157762324344,0.0171856356066884,,,,0.06174277726001864,28.958381873252563,F.N.B. Corp
a4286290-f7fd-4ccb-a51e-f57e91661f74,1.5072231,,-6.120587,United States,Healthcare,0.0,0.0,-0.055965126,0.4803002904268727,0.49385491054758246,0.0915128460962833,0.019913961034331518,,0.216796875,20.209381813226745,Agios Pharmaceuticals Inc
82347163-6e9d-4f36-bed8-1ab420dc39cf,0.8785486,2.76,7.283434,United States,Financial Services,0.0,0.0,0.003435731,0.06152426899798602,-0.20087321240903488,,,,0.06791988383461733,26.112416892732664,Bank OZK
d95031c8-d29d-45ea-be4d-a0ec7c6e8bdd,4.1556435,,36.924408,United States,Technology,0.17793,0.44232,0.1835835,0.07665409193092132,0.00891846113246686,0.006595861255110247,-0.0649121048789274,5.567625609592412,0.015550166750487177,1.544728011254217,Novanta Inc
3756784b-db4d-40f6-9eaf-89cfe7793e98,6.646896,1.38,4.604319,United States,Industrials,0.20921,0.42986,-0.29458666,0.02275718739175625,0.09414568425216074,-0.29351316634553626,18.98397668470826,20.07938950675146,0.025031036875149085,1.4871153751005965,Energizer Holdings Inc
0cb947d2-06b6-479c-a8a4-97eb3c324255,6.5191603,1.77,19.070267,United States,Financial Services,0.3407,0.46825,-0.12503064,0.07706223067622275,0.20051912867418908,0.09661048689138574,0.2900498515788297,,0.008644639054589556,1.4472622371705377,Cohen & Steers Inc
cef6ca29-ad19-4904-a5ec-1e6b9c6323f0,2.883593,,12.999999,Bermuda,Industrials,0.26150998,0.19325,0.80516064,-0.2623665286554805,-0.2836757860550162,0.03681963713980796,-0.22061315314613006,22.30829826034308,0.07502640649798631,2.7532688052548653,Brookfield Business Partners L.P.
8dfd9214-1239-4bd8-bbd7-cbcd4f2ea2d6,1.2704285,2.09,22.603209,United States,Healthcare,0.0057200002,0.431,0.02233255,0.11091141726426046,-0.04979193825083783,-0.9101568689589605,-0.12401313209192377,173.90860089055542,0.03687552581271793,1.8348922086073107,Neogenomics Inc
512f7674-ce4e-45ec-ac8f-157d5d562aa7,,,,,,,,,,,,,,,,PJSC Rostelecom
e79c2a32-0245-43e7-846a-9d5a0039f818,-1.449759,,Infinity,United States,Financial Services,0.0,1.0,0.1351744,,,,,,,119.49736404187622,Federal National Mortgage Association
65d0f433-5dd2-4efc-b979-7ed03b704baf,0.84045345,1.41,8.536569,United States,Consumer Cyclical,0.1387,0.22610001,-0.07652116,-0.005711951906775314,-0.17029177598799972,-0.06335544392240366,-0.23843608061893362,6.553246171330106,0.005493820379751024,1.2705329901236646,Taylor Morrison Home Corp
5f4c1505-4180-4899-9b3b-f710be265934,5.588527,3.53,10.897474,United States,Technology,0.35783002,0.83178,-0.3424397,0.09843088449583792,-0.033756086506136596,0.142959307730816,-0.007740884193818687,,0.006744404728530044,1.540893885501355,Qualys Inc
2bc17a0a-56de-4cef-927d-27cac17c9923,-30.120483,,72.08142,United States,Healthcare,-0.74179,-0.28059998,-0.30920142,0.20178571428571423,-0.21609239310246398,0.012820512820512775,0.41327794922760297,,0.016417910447761194,1.986832089552239,Ultragenyx Pharmaceutical Inc
d2c7f132-1ab5-4ebd-9207-1e12c9c7e1d9,,,,,,,,,,,,,,,,NCR Corp
ad00f9b6-b03e-4653-be29-eea35937b7f0,1.6787932,0.22,5.972712,United States,Consumer Cyclical,0.07135,0.62985003,-0.36680055,0.026286353467561474,-0.2380699744022362,-0.14804687500000002,-0.5457298606904907,1.4020926756352765,0.04239547781569966,1.474842683447099,TripAdvisor Inc
73778ab2-6ef0-493b-859c-ed57e0e30f18,7.0044503,0.92,47.48248,United States,Technology,0.19899,0.36990002,3.817964,0.1749286418780691,-0.3809041708442962,0.14288394309307817,0.15051637560078712,8.039991609612715,0.07584166032038757,2.2395324125420375,Coherent Corp
1113e4c3-b83c-409c-96dd-e358cc11e8be,0.7324406,5.97,10.078332,United States,Consumer Cyclical,0.08597,0.18634,-0.16475165,-0.10012458719848494,-0.1547297422026559,-0.3163700306479328,-0.38264957941062094,12.468769129600581,0.00851210726578615,1.1562314359593822,KB Home
d727eca6-d188-4b7b-be11-2c031750d7c3,2.5714438,,-12.104074,Switzerland,Healthcare,0.0,0.0,0.25155115,-0.9054054054054054,inf,0.44216835417286116,0.5640723327147055,-0.3053438276719138,6.388496222276383,564.5918839873264,CRISPR Therapeutics AG
69f422ce-0a45-4806-b32b-6acdb5aa0897,1.514234,0.1,7.6446276,Argentina,Energy,0.27587998,0.29961002,0.1828773,-0.04392386530014636,0.034288425202646966,0.8714843750000001,0.6718945572406458,0.005318344239155461,0.0002004676983646082,0.0011622250050400767,YPF
e3d89d5b-cbcd-48be-8937-1d985afb7070,2.789567,2.73,19.84797,United States,Utilities,0.38717,0.57054,-0.05609572,0.10515249580575659,-0.10678049682131663,0.08767911362062542,-0.39100741439136644,13.851363025871441,0.3486516725198588,3.874249679435146,American States Water Company
bb7bd8fd-6ef8-43fb-b300-8d7c763ffda4,5.1390467,1.17,20.274158,United States,Industrials,0.30110002,0.38669,0.13696563,0.004077979778086105,-0.10490420534711631,0.043656174528415415,-0.46396460437788734,2.374778436713299,0.08137852180521955,1.3233451563135583,Advanced Drainage Systems Inc
2aa1e5ea-a01f-4f5c-ae68-3ee094370566,3.5620604,1.96,15.916019,Ireland,Healthcare,0.17832,0.87447,0.19173288,-0.052472599432985434,-0.2142572251134911,-0.3313435489965869,-9.347189032705863,4.159571713720601,0.02203161959610073,1.81261437751798,Alkermes plc
8fe3623b-5c1f-4056-9e1a-474f3ecfd672,2.836277,0.71,9.931037,United States,Financial Services,0.0,0.0,-0.06829864,0.11482363177165777,0.13355661071792357,,,,,,AllianceBernstein Holding Lp
c5847e80-a412-4593-8049-f89da8e507a2,15.750098,1.39,19.21924,United States,Consumer Cyclical,0.0659,0.08303001,0.22479773,-0.042495912429671545,0.14669373878196346,0.0002006621852110868,0.8908039125845252,7.382664938814564,0.02601944675668809,0.27301342406165,Murphy USA Inc
61649549-1249-4a83-97aa-e697189a3804,,,,,,,,,,,,,,,,Corporate Office Properties Trust
caead401-e1ba-485f-9410-8525cc121594,3.9755995,3.69,26.026869,United States,Basic Materials,0.24705,0.36275002,-0.061219692,0.08059268957643928,0.10173009171023562,0.0864281327774008,-0.010291546593594436,1.5275780753535306,0.041785557494959935,1.5887042601074783,Balchem Corp
e4a0a425-f2ce-49c3-bc2e-b04b66f49059,0.78629434,0.38,2.6555183,United States,Healthcare,0.24631001,0.47487998,0.17979193,-0.28407460545193686,-0.23472974902595412,-0.6393072289156627,-13.134098895582328,9.586682663467306,0.018617021276595744,2.0379358747044916,Emergent Biosolutions Inc
336cf4b9-d058-4a09-bf1a-6d1bfbeafa16,2.5396361,,15.425765,United States,Consumer Defensive,0.13321,0.40500998,-0.34997928,0.1661716640144737,0.015295012613194325,0.20009514747859192,-0.4067718745417126,,0.03845654304566007,1.0681370983025928,Ollies Bargain Outlet Holdings Inc
ab58580a-45d4-4ce6-907e-15c3516fc86e,1.5214149,5.12,16.288986,United States,Consumer Defensive,0.11145,0.30434,-0.38304675,0.005383694606462486,-0.1809527338991641,-0.15738815095049485,-0.7126852827413485,,0.053318677160393915,0.8798829209903829,J&J Snack Foods Corp
12405229-d9a1-428e-ad42-27244c82b8f5,3.4715672,1.51,13.406077,United States,Consumer Cyclical,0.11502,0.34186,0.1840508,0.280615440967908,0.23079403610359384,-0.14072141506741176,-0.10041873290266068,1.180762526126129,0.06605681762754853,0.8127149575569368,Dicks Sporting Goods Inc
90184f58-2a7c-4db5-af5c-ebb083b38c9f,1.097777,0.33,14.599999,Brazil,Utilities,0.17870001,0.11873,0.1774193,0.0771016214757454,-0.08501663001507098,0.28288465747428315,-0.7241310075034618,6.955339560296687,0.14254225839796456,1.4722699203594682,Cia Energetica DE Minas Gerais - Cemig
c8529e7b-3d64-4891-8626-1370534be8b2,15.203133,,-484.9715,United States,Healthcare,-0.10699,0.65066004,0.2158935,0.3882071617878564,0.06835595077425283,0.12683781249447112,0.3630225283162837,,0.05578331608191666,0.8588105612884557,Natera Inc
a7cd0b9c-2b62-417b-ac95-605fafb5a234,1.0221474,,11.6453495,United States,Communication Services,0.20482999,0.36178002,0.0722698,-0.1257178097409679,-0.013400797745828807,-0.48456277941956505,-0.2754833963951655,16.59622377378255,0.016014023892596214,2.6078515268731293,TEGNA Inc
6024470e-689b-412f-a67a-5ac53c21594c,14.211108,1.34,40.3284,United States,Technology,0.15999,0.60357,4.542026,0.08386645341863264,0.5725212043441521,0.3073022312373226,1.1995580059087634,7.1308924485125855,0.018671743865780042,1.7173427948707398,Viavi Solutions Inc
a24fd8a1-e90d-47c9-8fd2-b57705f47354,,,,,,,,,,,,,,,,John Bean Technologies Corp
ee719ebf-8233-428d-a17c-e10a8830b8df,,,,,,,,,,,,,,,,Micro Focus International Plc
4df77119-60dd-41dd-ad8a-083a7223f36c,,,,,,,,,,,,,,,,Deciphera Pharmaceuticals Inc
f9b4e08a-9b13-44db-839d-ad1efad0f007,,,,,,,,,,,,,,,,Intercept Pharmaceuticals Inc
675e5854-f741-4bd5-86d8-228690bd19e6,1.3922751,2.65,10.650618,United States,Technology,0.030669998,0.10461,0.65050066,-0.065511914339481,0.24788500350938492,-0.2332420555656437,0.144495420532603,13.940433190245479,0.00466493800773042,0.512674529174131,Avnet Inc
0321f99f-6d77-4c05-8c95-969f97c33b77,-4.354056,2.38,16.731792,Ireland,Industrials,0.094189994,0.46775,1.0924034,0.06891386521809295,0.056022307719632236,0.3628303703816933,0.50149835893472,15.852903871562729,0.04423557448619367,0.5520063200851186,Cimpress plc
d41024fa-b0dd-4066-b1d3-bf3689acadc5,1.160777,,10.74713,United States,Financial Services,0.0,0.0,0.08952141,0.04363219160544407,-0.013095150787258092,,,,0.03221315668825784,27.680766981592466,First Hawaiian Inc
c8f6deea-a20c-4bbe-8410-d67c92df5baa,2.1852076,0.71,11.98264,United States,Technology,0.15394,0.38824,-0.3048513,-0.030171207663600597,-0.24377632383880232,0.16297057444544572,-2.4003776677200555,3.0722977961593054,0.01055762128566701,1.6013294134226346,Itron Inc
65837573-8488-488e-b387-bdb614ef3d66,1.4785727,2.67,14.48407,United States,Basic Materials,0.08051,0.16615,-0.21451008,-0.06416183216132676,0.20027112887617793,-0.1680189405612681,0.03670534928779279,,0.04354559279060642,0.6630244357374964,UFP Industries Inc
a758e7f2-6f46-4f32-b595-d0779279edab,,,,,,,,,,,,,,,,FireEye Inc
30701984-84be-4b15-a42d-f3ba17949d29,0.6255054,,-7.889984,United States,Consumer Cyclical,-0.20523001,-0.01224,-0.28259683,-0.06386740331491714,0.07523545123877562,-0.2855796418473139,0.19701813353840558,-1.7087719298245614,0.024963994239078253,4.030964954392703,Cannae Holdings Inc
1de188f7-5aee-4818-b22e-659e49315e2e,,,,,,,,,,,,,,,,Britvic
abf726a1-9ce8-4cb5-b2be-c3ea11e5dc67,1.4169787,1.17,10.4278755,United States,Financial Services,0.0,0.0,0.18459642,0.09549860281351708,-0.049033095886496625,,,,0.014945200431609039,25.591261929598364,Wintrust Financial Corp
80991c75-d0bc-4e41-84c4-0cd97602bb7e,20.475664,,-11.8753195,United States,Healthcare,0.0,0.0,8.978436,,,0.020861591364982335,0.2943185497669848,,,,Kodiak Sciences Inc
a981a89e-013e-4737-92c3-2007d422e93b,1.9874017,2.1,10.857284,United States,Financial Services,0.0,0.0,0.084347725,0.12492547486545935,0.17861182586063606,,,,0.06417349801425899,32.853002216956526,Bank of Hawaii Corp
0a67abf5-ff88-4d52-b357-29bf3ccd5f00,0.4221911,,8.0446005,United States,Real Estate,0.81408995,0.95893997,-0.09224856,0.05432817862367889,-0.16942856941267026,0.04602961053068588,0.5312889355803463,52.399864443792666,,17.305633688886335,Safehold Inc
7fb651c4-b363-4a40-8e51-0b8489a97196,,,,,,,,,,,,,,,,Grayscale Investments LLC
1d8e3b61-c54e-4461-bb35-68fc9e3290f0,1.8555133,,13.077921,United States,Industrials,0.21014,0.40297002,0.115683556,0.004129306276545508,-0.00037241000278598335,-0.007969303423848828,-0.15348466219126944,8.33080178574395,0.03168247859870621,2.0769068771691703,Gates Industrial Corporation plc
0163780f-ccc7-414a-8d31-3ecf6345f9db,1.0606369,1.95,11.009489,United States,Financial Services,0.0,0.0,0.11923897,0.0912794423355257,0.1923415820915526,,,,0.014165783548337203,26.51772444045459,United Bankshares Inc
80250109-5af7-4f45-b9c6-82fc7fdfd7cc,1.1259384,1.01,10.4323635,United States,Consumer Cyclical,0.111140005,0.34529,0.04854369,0.05820829722868304,0.06979781085335313,-0.40767195767195763,0.3257057904959304,11.099426664313619,0.09264814248952434,2.048209471697721,PENN Entertainment Inc
1ebbed7d-67c8-4b55-a148-1d19fe3e90ac,,,,,,,,,,,,,,,,DCP Midstream LP
8ece10f6-493a-4914-b258-668c7b0d10c3,1.0353161,,6.008994,United States,Financial Services,0.0,0.87149,-0.14753282,0.5528853551652253,0.4136290302567749,0.13413893218128847,0.7508825833753293,,0.015426227165725283,7.748857737361003,PennyMac Financial Services Inc
728133cc-215e-4249-9f0f-16c61f2501a1,2.3091726,4.8,720.0,United States,Real Estate,0.52707,0.55103,0.3610586,,,0.714006323372885,0.952457818937668,36.570089654793065,,8.347568326247757,Macerich Company
f92a0cdc-dc4c-4af9-928c-e45d72e9daf6,0.0028374493,1.73,12.784474,Chile,Consumer Defensive,0.11455,0.44546002,-0.19760054,0.0017417380804054527,0.05554309558949955,-0.205460560171441,-0.12720933733355078,8.134427406645543,,,Compania Cervecerias Unidas S.A.
9b6bd117-4747-4f76-bbd9-b507a3a54cdf,1.2796165,2.54,9.100001,United States,Financial Services,0.0,0.0,0.16647947,0.34313944554207043,0.36780776387408454,,,,0.016206717121231885,26.482560618524516,UMB Financial Corp
3569e088-88bc-492e-a034-469a16dd750d,4.0520883,4.85,11.036695,United States,Healthcare,0.21603,0.41263,0.17563367,0.03071342200725513,0.034341149916598646,0.3327659574468085,0.2313355283180698,8.908738233112782,0.04740153909279373,1.386588236830181,Tenet Healthcare Corp
6c958355-b8e1-4a3c-bfe8-09b5b7fc1ee6,,,,,,,,,,,,,,,,Atlantica Sustainable Infrastructure Plc
772404a6-aefd-4e39-aa3e-0e4bee2d3f40,24.622013,,-307.2147,China,Consumer Cyclical,-0.07881,0.1362,0.50990105,0.3309818195548959,0.20210912932146297,-0.6725289900240423,-1.1790783454020584,-3.5981864053801145,,1.2420478397486083,NIO Inc
43b02f58-3a81-461c-8ed1-deaf00256c2b,2.0407028,1.1,-10.308411,United States,Real Estate,0.40942,0.74737,0.65119755,-0.05720737674068499,-0.12836783002800145,0.7114754098360656,1.5604787945671674,78.77807848443842,0.12613110981312,12.449214407433313,Kennedy-Wilson Holdings Inc
b37c0ed3-7e73-470a-af8c-a53d874726b1,1.7635881,2.36,12.950917,United States,Healthcare,0.19552,0.26812,-0.2741046,0.07983299506698138,-0.1635418095430048,0.21688232393208562,0.8422115396414414,13.023582135595053,0.04837309489798107,1.8307950405134745,Integer Holdings Corp
ce088254-d69d-438c-98ab-555822c294fc,1.1779072,1.76,9.35928,United States,Financial Services,0.0,0.0,0.12761474,0.050810261885326335,0.057765442223363994,,,,0.013514450065839628,25.48443040780142,Hancock Whitney Corp
1d289f51-a5b5-4bd1-8e8d-673a2dec5cd8,5.684285,2.46,19.600903,United States,Consumer Defensive,0.0517,0.1864,-0.18559837,0.04660419151407358,0.012769430071445376,0.030378907832234736,-0.02974671501334991,1.7965253565722903,0.032718413867847136,0.34307384284205994,BJ`s Wholesale Club Holdings Inc
1fa08336-9e51-40a7-bb4b-553bbf9bc047,0.29998156,,2.7627344,China,Financial Services,0.012940001,0.27073,-0.16355139,0.1557632261098748,0.2343823214758296,0.05403381349048847,-33.607809901286394,,,0.5771540663868945,Huize Holding Ltd
39a9ed72-f997-45e2-b2c7-acafe97122be,1.7418802,1.86,15.502039,United States,Basic Materials,0.1496,0.36386,0.30363727,0.026606714406697707,0.07980812089466438,-0.019701899863545758,-1.1324245430754956,9.827344595907716,0.028129491747644106,1.4621373188930673,Quaker Houghton
a97d67aa-b712-4a3d-aa02-e0224e3fdf08,2.7449498,22.22,12.146404,Mexico,Consumer Defensive,0.17606,0.46014,0.12131953,0.042720868642174725,-0.06995974850237885,0.06104299122010293,-0.1371923876520883,5.140327911283023,,1.0912182012688432,Coca-Cola Femsa S.A.B. DE C.V.
4e26ac5a-a09d-411e-8661-5ed9495c184a,,,,,,,,,,,,,,,,Advanced Disposal Services Inc
adf349f2-c595-41d4-8f16-247c40beae7f,-40.313725,,,United States,Financial Services,0.0,0.0,0.0019493103,,,,,,,,ChemoCentryx Inc
2944ee33-9e56-42e9-8662-d50aecd52975,1.9215794,3.33,25.919525,United States,Consumer Defensive,0.16337,0.41050997,-0.4361289,0.13006664431175063,-0.15808776725534335,0.603125287673755,3.9237870179301497,2.9412360361524956,0.13039660165463665,1.4805033163101813,Freshpet Inc
e410c762-a759-4eeb-935b-19e4b4f177e1,1.8906075,2.02,11.974857,United States,Industrials,0.081499994,0.29888,-0.40127552,-0.07376937228468516,0.1464125213104881,-0.36133782191362973,-0.14039351613933249,14.517343920012394,0.020875062811487977,0.7664539634653493,Builders Firstsource Inc
37dd125b-ab5d-49e4-8de6-d32568ee8dc8,1.5567849,,14.747642,United States,Consumer Cyclical,0.08736,0.58763003,-0.09209156,0.09003795274554105,0.0221242311896106,0.7718068361947712,0.9823540409524161,5.0134689670015975,0.0360407794948081,0.9797973380854226,National Vision Holdings Inc
18e6e036-97cd-4f76-900f-6b8e18bfb475,2.249039,,11.197959,Canada,Consumer Cyclical,0.12544,0.69723,0.06451619,0.09597370583401799,0.034482404351446005,0.03579037068598212,0.024947227087893875,3.825247782994262,0.019827248572794078,1.0716202516579612,Canada Goose Holdings Inc (Subord Vot Shs)
a4255c90-757e-4108-8aa1-8edcfd3deab4,3.6489277,1.0,14.32715,United States,Financial Services,0.35434,0.29272,-0.3407666,0.18044566227303505,-0.35745936887046437,,,0.20248819491056394,0.025606857059845122,3.083616938559165,Kinsale Capital Group Inc
3b16b372-5804-466b-ae43-084f9be4cd61,1.038961,,19.84625,United States,Real Estate,0.31338,0.42587003,0.14190876,0.03063453991736398,-0.05446038368268358,-0.012651821862348145,-0.1222621780161448,13.602884590258649,0.06741796769370527,3.4516785686887834,Apple Hospitality REIT Inc
9a3d3123-a358-4757-ac29-c49a09049c2f,0.65822786,16.74,-78.0,United States,Real Estate,0.46688,0.59819,0.13372087,-0.009345564977100707,-0.020554155428527565,0.0038194328900129637,0.3480788142068172,33.471394936319555,0.2756160770468585,7.093891311385499,Piedmont Office Realty Trust Inc - Class A
a7d83612-2bd0-4d7f-ba52-09f7267fb6f1,1.6186367,6.37,12.076813,Germany,Consumer Cyclical,0.12177,0.61745,-0.093916774,-0.00870860475898283,-0.2436483171846643,0.02190325672979765,-0.5603321894886166,0.38347404484048925,-0.0,0.8698954058454804,Hugo Boss AG
19f5c268-0a44-4e24-b19d-00842586e590,0.90697384,,11.746964,United States,Consumer Defensive,0.043720003,0.30067,-0.4762916,0.10128549198088499,-0.03680006131241442,-1.453994364322627,-1.6959408436515389,8.293613872877094,0.046584193117948564,0.6900004244637366,Grocery Outlet Holding Corp
1e62a2a3-798d-47a1-bb46-145260a33d55,1.1337072,0.33,11.135711,United States,Energy,0.5481,0.78358,0.87974095,-0.10890916909108139,0.07385396198987804,-0.18356820993108325,0.01947051812302647,2.7784829551453294,0.3817628158335019,3.5666184113356163,Murphy Oil Corp
782847b4-022b-4a00-99f3-ecfa5df81276,0.98034394,7.2,3.6440852,United States,Real Estate,0.0,1.0,0.037711263,9.241767639237747,1.5175497157359614,,,,,74.49666881915383,Invesco Mortgage Capital Inc
1c386af4-84e8-4333-8ea4-db4084491066,1.159525,3.01,9.918275,United States,Financial Services,0.0,0.0,-0.12084901,0.023922867630172595,-0.04302264323275384,,,,0.025087028913240033,21.33197292777568,Home Bancshares Inc
8e6b2ec5-6008-48f3-84c9-1bebcc0a2ea3,0.0051713847,,7.4414988,Colombia,Financial Services,0.0,0.0,0.4070176,0.01659578271174178,0.20177526647747934,,,,,,Grupo Aval Acciones y Valores S.A.
c72e28a2-a03b-4d64-b2aa-2e1b0551c659,3.2340274,2.15,9.56804,United States,Financial Services,0.28584,0.68292,0.25925922,0.10328455547569892,0.017577508256464425,-0.04445642855167453,-0.3493553804307642,,0.003803715357096677,1.1727672029222878,Federated Hermes Inc - Class B
c8eb59df-43ff-4455-9376-6dd79bb7ffaa,0.43184182,2.27,-6.3846154,United States,Real Estate,0.28688,0.30976,-0.24886876,-0.043275232375714845,-0.04910021140160348,0.023347152991833653,-0.10708311982262386,43.12285950690714,,3.924708841980164,Service Properties Trust
77c7cbca-943c-4861-8483-e86b0585c437,2.4888155,2.04,8.860486,Canada,Basic Materials,0.61626,0.55109,1.2313187,0.3121807769695093,0.27731289355899436,0.5935790382954218,0.29798311891249063,0.05308452392814619,0.20064062441524888,2.564626688539405,Barrick Gold Corp
7ae0a281-ebaa-40d4-94fa-000b58fd6c79,12.647965,,-103.09045,United States,Healthcare,0.15075,0.64279,1.3220148,0.28464857103000263,-3.9736447651318603,-0.6879048171090075,-1.2550188644468756,1.0744366607381441,0.00028318616097278517,0.8510637575998842,Apellis Pharmaceuticals Inc
a60a52ee-d02a-455f-8594-9ab7bdf83bb9,12.856769,0.35,240.48923,United Kingdom,Communication Services,0.33161,0.875,0.3485273,0.007191483252865449,-0.15403634759318408,0.7719039333871869,-2.401849435117962,11.92681052728444,0.5149564734277864,2.5283974075695066,Manchester United Plc. - Class A
0fbdbadd-9e34-433a-9dd9-6243d4896068,10.186047,,-4.4161463,United States,Healthcare,0.0,0.0,-0.4438095,,,-0.1616403877545437,-0.1735473045667878,-0.30243969170825613,,,Biohaven Ltd
5c825927-ab20-4d39-8821-c08d5ca8b3c4,2.1007168,1.11,10.177189,Peru,Basic Materials,0.49425,0.58915,1.3470225,0.4997674529384508,0.5009277314052829,2.3907338826313715,0.5935394986203588,,0.23090738141922207,,Compania de Minas Buenaventura S.A.
c7c65ffc-b975-4a6c-a67c-8ff83ff8463a,1.5824046,3.15,-2541.5002,United States,Real Estate,0.68543,0.81517,0.208799,-0.022959454106199373,-0.09275131871737252,0.14994583677591122,-0.3800529564813828,19.66244856401317,0.07308969311461865,10.386730652448499,LXP Industrial Trust
2376f4c5-d5ee-4b35-aff3-b42370b473dc,1.0865915,1.59,8.029263,United States,Financial Services,0.0,0.0,0.062015533,0.33886596516536893,0.38046488489983,,,,0.02040315612088652,28.656306470791773,Old National Bancorp
6a7b225b-72fa-4f2b-b554-dfc4bcb455c8,2.0756547,,20.803967,Canada,Basic Materials,0.0309,0.20306998,-0.1396985,inf,,0.1392829345187212,0.7179047269102672,121.28172883218363,0.6079143747500585,13.466592250115067,Ivanhoe Mines Ltd - Class A
ec1c47a2-292f-40f9-b07f-10739793c33c,7.8738246,1.86,10.53144,United States,Communication Services,0.18534,0.49046,-0.18003792,0.021478930972290478,-0.05993350387512586,0.02053320086106969,-1.7762723713380915,9.238637773542832,0.07288493669900045,1.4172390468380371,Cinemark Holdings Inc
202a0edd-c21a-49de-8e08-56d75effdd08,1.1000024,0.27,9.904591,United States,Financial Services,0.0,0.0,0.25297868,0.06684129855742393,0.108979575716731,,,,,33.94482501689151,BankUnited Inc
b1160288-c712-42fd-891a-621295831bf4,36.222343,,6.8246064,United States,Healthcare,0.63178,0.76674,0.259287,0.3755323423852879,0.11930919372656734,-0.1271622858657292,-0.5596136497066705,6.168099074185565,0.19539225031540552,1.491089923522855,Halozyme Therapeutics Inc
8fd4c25a-75ed-4c9f-a2f8-2b6c43839a2a,0.5257613,3.27,6.9898014,United States,Financial Services,0.0,1.0,-0.48595506,-0.8298192771084337,-6.785176419965577,,,,,10.03970439737099,FS KKR Capital Corp
20e44b21-e883-41c2-9749-ac6cefe19e52,1.0512129,1.84,7.323052,United States,Healthcare,0.15371001,0.54065,-0.4111498,0.05002715417788717,-0.20370963133485454,0.29350208997106186,-5.689917110377244,15.58318993299224,0.013804309432368548,1.6949182340668718,Conmed Corp
35954161-af37-422a-8ce8-38c270f1cc86,,,,,,,,,,,,,,,,TC Pipelines LP
9f7fe1f2-c396-40cf-b194-11bb4aea80f7,7.26927,0.87,9.7773075,United States,Consumer Cyclical,0.28694,0.92587,-0.10490167,0.13650375167284,0.7145060295702863,0.4067969361281556,0.3093337993117824,,0.031243737610785884,0.7294055490344479,CarGurus Inc - Class A
861d243b-c9c9-476e-8f1a-883ce155b2f3,2.4173756,1.35,26.564016,United States,Technology,0.090220004,0.19916001,1.4803464,0.04475135544921738,0.0720161729522718,0.2255319509960294,0.3516820236118112,6.009865593494136,0.08558984724602611,1.31942908367118,Vishay Intertechnology Inc
88a76153-c325-43f0-87f7-f7a50b31431d,0.94083756,1.36,14.064821,United States,Consumer Defensive,0.09227,0.36630002,0.2109977,-0.03313339045986863,0.035086880888894334,-0.33559740660697746,1.5561163324002838,7.589388696655132,0.014366796410260741,1.2310925580738121,Spectrum Brands Holdings Inc
a5196591-c16c-4dae-8e01-d34f329a34a2,1.6581538,,12.407922,United States,Energy,0.32473,0.3948,0.22546327,0.15661101641828012,0.9739247914768328,0.21896282311000625,0.01955432183168182,4.320894430164378,0.12103338145885244,2.813721279803745,Excelerate Energy Inc - Class A
246578d3-557f-40c1-a8c3-956fb2ed4e18,4.6018214,1.28,20.114296,United States,Industrials,0.15757,0.29753,1.4098027,0.009969091572533006,-0.0903074626006608,0.2015908292072699,-0.27745200070464426,5.559284498097093,0.026086610712659785,1.0835370246290261,Enersys
130c0405-5086-4423-aa2e-b7e729e9993f,3.7712657,,20.616348,United States,Basic Materials,0.19253,0.40847,0.88680923,0.053017315275158516,0.4996602555434875,-0.06259968102073366,0.16458720021811857,9.47679168213888,0.027274353036045716,1.8665684286650828,Element Solutions Inc
c5def8bb-8ee3-440b-ae23-b9f6e8196688,2.3334513,3.03,10.098082,United States,Consumer Cyclical,0.28829,0.59161,0.05919373,0.04116717902475053,-0.04566442609203558,0.021268758457288817,0.015164504762153475,7.121360488463279,0.16069729699894714,1.6021450497257472,Boyd Gaming Corp
34f2a3a5-db60-4a92-bbf2-5bb3f8d20e39,3.1036966,2.17,14.5320635,United States,Consumer Cyclical,0.096999995,0.46001,0.50523865,0.1520729397017131,0.1762027345928131,-0.09412722646310434,-0.28519302200370966,1.9126511919207734,0.01619716412010097,0.6868818506357107,Steven Madden Ltd
d4da99c6-0b3c-415c-8157-da2245e7ff44,1.4675668,1.85,7.784868,United States,Energy,0.49543,0.5269,0.6185595,,,-0.13582089552238807,-0.12063127049737055,4.826275045537341,0.24218836903548907,2.2314155668726254,Ovintiv Inc
2a6d9860-bef5-4a32-94f9-ca0377f29605,,,,,,,,,,,,,,,,MOOG INC
cef8b5d0-f606-4316-978d-59079744a542,1.1962365,1.37,14.795155,United States,Healthcare,0.17441,0.41809,0.029106855,0.07566076793791088,-0.04628955459898876,0.1342298343034276,0.7975315477589675,15.411915188724398,0.14053121008621738,1.7646493875703615,Acadia Healthcare Company Inc
1e455fad-a496-4f58-95ce-c4da580c6e60,,,,,,,,,,,,,,,,Companhia Brasileira De Distribuicao. ADR ()
fd491bfa-83bc-4938-a031-64dcacbbe8a4,1.1430912,1.47,10.371551,United States,Financial Services,0.0,0.0,-0.0066090226,-0.023688654388086483,0.0929610149725354,,,,0.007830128377910067,29.826484297387005,CVB Financial Corp
066e9c7f-2190-4dcc-a5c8-cfdf97143892,4.7095113,0.88,10.951436,United States,Technology,0.17288,0.38472,-0.40635127,0.13561292273816172,-0.01644605899031415,0.11873394089286227,-0.04544813530285441,1.9566704263582988,0.024381424742553368,0.7905324981049331,ExlService Holdings Inc
74b4644c-9920-4965-847d-a621cedcdb17,2.2681851,1.1,9.505213,United States,Healthcare,0.0708,0.19178,-0.41009367,0.13031025956934106,-0.07738459392166108,-0.03432803778445681,-0.4871845828541166,9.157017525250438,0.007231435734579653,0.6042903693546481,Option Care Health Inc
69627e3a-331d-476f-9208-eb3cc3e8a1ec,6.0235214,1.51,39.98122,United States,Technology,0.111899994,0.53938,0.39292502,-0.019439429928741148,0.37584096344822704,-0.27215250138066305,0.3952060680338678,,0.05466486413930418,1.7683140201475025,Power Integrations Inc
0ba95c84-19d0-448b-8ad3-97a7f0d850cd,0.9353985,0.57,6.4513626,United States,Consumer Cyclical,0.05001,0.15447,-0.18681115,0.03997711961357564,-0.09112372426976156,0.021788329265586937,-0.19889149556678276,29.968041127835487,0.010053540590817134,0.6595697797180102,Lithia Motors Inc - Class A
bd570a91-c792-4672-90ba-0009226e175a,7.239187,1.52,14.489197,United States,Financial Services,0.0,0.94135004,0.38832927,0.29407607012098635,1.1244479762324522,,,,0.012615226727684475,0.9763802824984368,Evercore Inc - Class A
d9c07238-7580-4053-9bc0-ffd706ca7657,2.584593,,9.972221,Bermuda,Communication Services,0.25498,0.77962,0.42178214,-0.00103445174057748,0.06083386752074593,-0.029484029484029506,-0.18062952189700177,26.862340714874087,0.11257457660431561,2.7480411033014573,Liberty Latin America Ltd - Class A
d8d2b71f-b097-42d4-bf82-187d67c63ea3,4.874016,2.7,30.73028,Canada,Technology,0.1528,0.76161003,0.5831202,0.02654701813423066,-0.4157862518638693,0.3986486486486487,2.4339297952859145,0.0,0.017301037054028072,2.211846529267731,BlackBerry Ltd
b0a1d63a-e6ab-4f67-ab2f-80fff5d8a3aa,2.724228,,17.853659,Bermuda,Communication Services,0.25498,0.77962,0.42135918,-0.00103445174057748,0.06083386752074593,-0.029484029484029506,-0.18062952189700177,26.862340714874087,0.11257457660431561,2.7480411033014573,Liberty Latin America Ltd - Class C
d6b871de-b5f9-44e9-afac-7dfbf9818942,,,,,,,,,,,,,,,,BancorpSouth Bank
f74945b3-6de4-46db-af9a-ab07ae5a16fe,0.47029498,,10.7333355,China,Communication Services,0.00953,0.12819,-0.34726226,-0.19121908540773103,0.11614434876454116,-0.7060475152955664,-0.5593143290422751,,,0.8273761595601198,DouYu International Holdings Ltd
2e8180c6-a683-440c-a9e3-1a815e46f437,0.92283696,1.78,8.418279,United States,Financial Services,0.0,0.0,0.1275891,0.11462510668646453,0.2251955962043225,,,,0.025512948470995285,30.403771804774426,Associated Banc-Corp
56b9ea48-c31c-4698-bdcf-e51c4c4f405a,0.7748213,0.54,9.063115,United States,Consumer Cyclical,0.08918,0.19077998,-0.12818623,-0.08326749246316911,-0.151015530553956,-0.40720469582408736,-0.26928134630987,8.23698088393299,0.0043511097545489525,1.3661438158722194,Meritage Homes Corp
a7999ded-23c9-4909-9736-d0d6bdeab5bf,23.202967,1.21,47.27168,United States,Technology,0.15531999,0.5251,2.4289985,0.09303909929004539,0.006382243419410516,-1.5808634020618557,6.068264618186826,8.329912045471135,0.015052739695007741,1.3462344649250002,Semtech Corp
65823e27-6777-4381-8b4c-037a33fd8253,2.5517836,1.67,12.603908,United States,Industrials,0.19913,0.51075,-0.0063016415,0.07699446274619759,0.05410691975669324,0.07352688213145764,0.022010622943899216,,0.022367454875869386,1.1234772848972314,Brady Corp - Class A
ff62f421-5304-43f6-99d3-a04d498d08b4,,,,,,,,,,,,,,,,South Jersey Industries Inc Corporate Units
30887421-9e1f-47e9-b117-374f20a59023,4.330551,,20.394894,Canada,Industrials,0.1221,0.19894,0.57603836,-0.00778054426139041,0.13875282524786636,-0.08435153778726323,0.15097433201849042,9.926280714051835,0.03424371027787045,0.931321903595265,TFI International Inc
0c2a28c2-7eb4-4de1-8e09-062b291a8512,,,,,,,,,,,,,,,,United States Cellular Corporation
4e237745-033e-4b28-b9b1-12dd4a2c3876,23.232117,,109.26866,United States,Healthcare,-0.01417,0.71002,-0.1959374,0.2565778279145685,0.057610143128441704,-0.7896143566246658,-0.8408738667126849,-139.33802060008958,0.055629807609511875,1.264722314095205,iRhythm Technologies Inc
0156591d-d673-466b-a593-a723d251ebcb,0.45144588,0.64,4.283637,United States,Technology,0.08991,0.28648,-0.59384024,-0.029099690221235708,0.028486608019907877,-0.14200149737958567,-0.1556630198606498,12.403213135240781,0.009798009935145896,0.949684674515215,ASGN Inc
2b65652d-8aed-4388-91c9-cd11a77fc06f,17.22507,1.94,10.813111,United States,Industrials,0.00219,0.13033,-0.5766107,0.01717659688674189,-0.07492645076437787,-0.32881355932203393,-0.08445692883895128,,0.004529514734138549,0.30789741688753086,Insperity Inc
059f866d-a11a-44b5-a799-fbea3093060f,,,,,,,,,,,,,,,,Openlane Inc
2d00db5e-c65a-499f-91ec-a945aa59f7d0,1.512626,1.94,15.387682,United States,Utilities,0.34046,0.53180003,-0.117964685,0.051967662386688485,0.11316461760217567,-0.03779763726510377,0.13614215251556339,17.809245525428747,0.5306458802270299,5.533139261393094,California Water Service Group
1e832821-743d-4b89-90de-b6a012ec045a,0.81192994,,4.632414,United States,Financial Services,0.15424,0.34724998,-0.13430071,0.26925778506204634,-0.6347142888521871,,,2.2254584681769147,0.0019966722555031695,16.115391358198018,F&G Annuities & Life Inc
c5640e04-e37d-42bc-bbb1-8ec657937228,6.332212,0.71,25.700722,United States,Energy,0.07831,0.09859,0.41326106,-0.058869908015768746,0.3542561016516702,-0.14754098360655743,-0.3698578490239338,8.100511073253832,0.04469050160085379,0.5183764674493063,CVR Energy Inc
6084e968-1d25-49c0-bc3a-aed09829a5d2,,,,,,,,,,,,,,,,Brooks Automation Inc
53dac3b8-67f9-40d4-83f1-fa63d0f900c4,4.921001,1.27,12.95354,United States,Consumer Cyclical,0.1351,0.5697,0.35159957,0.06800600139056612,-0.018694893623079967,0.01926559144312967,-0.7662547359745571,,0.05366217460253011,0.6634686429570322,YETI Holdings Inc
be7c5214-a5ba-4629-8e5f-c3e242b61f57,2.0261474,4.12,17.524147,United States,Utilities,0.38419998,0.41354,-0.20421481,0.09854581767472648,0.14209689983315577,0.10925228811622789,0.0013372054285163415,11.887646724200128,0.5286698673759554,4.062028949733628,MGE Energy Inc
5a35ac5a-f17b-44ed-ba54-8fd64c84a692,0.99426097,4.04,16.560606,United States,Consumer Defensive,0.10293999,0.30153,0.1382097,0.060104724615430705,-0.06485001476109509,-0.3929561368615788,-0.5143780442664552,4.83847371782728,0.015169702565303214,1.6082656396714732,Graham Holdings Co. - Class B
c48a7d56-ef06-469c-823d-a5f80c6e282d,2.9243817,,9.300221,United States,Financial Services,0.0,0.65641,0.29307067,0.26248953318254853,0.33748631865045897,0.4307279165790254,0.5358557084982316,,0.021474024579174435,7.035256468016863,Virtu Financial Inc - Class A
bddaa1a6-f38f-4606-9516-bdffc0759627,3.8457334,0.76,29.684044,United States,Technology,0.16902,0.14425999,2.652648,0.0617771489968173,0.3577561065828123,0.06551020333313762,0.7082982914026779,0.6039971583652447,0.14839571644376312,1.1429628582493059,AMKOR Technology Inc
bc662221-20a9-4ee8-82f8-d3f7319b2fd7,0.8181132,1.33,14.775437,United States,Real Estate,0.0,0.6921,0.09716594,-0.13766012448911802,0.14098843474420863,,,,0.3284290804453575,36.61792329660718,Apollo Commercial Real Estate Finance Inc
932b4823-8928-4dd8-b8ac-c9c1b806109c,2.5379658,0.69,14.425262,United States,Industrials,0.31359,0.27109,0.2836268,-0.1595490263067988,-0.6683236179216271,0.11502048890772931,-0.17730015082956274,34.1174453843946,0.3987399986626218,4.179355399205538,Trinity Industries Inc
f4d76f07-dad1-4a97-a760-1b16bf5a08fe,1.1218537,9.34,28.847221,United States,Real Estate,0.52231,0.61963004,0.030769229,0.018276906645059654,-0.025532599137530143,0.014176519591365455,-0.4818029263891218,27.446944755818777,0.17574625357411877,6.753551833536571,American Assets Trust Inc
0cfe7971-0ed2-4bb7-90a7-231a1b341517,0.7073574,1.97,-149.5,United States,Real Estate,0.43342,0.56657004,-0.31578946,-0.01774794958136683,0.028266906536918324,0.1282711329703914,0.5473804277587515,50.07082133552722,0.259168671474304,7.935991694789807,Brandywine Realty Trust
8c885da5-b9f2-467f-b96c-32ea6db0bbc0,6.062908,1.59,19.975136,United States,Industrials,0.15338999,0.3043,0.5691769,0.007133192017539036,0.10105197188052562,0.18376933613978808,0.41307236864737273,3.5466668856059025,0.03585123474953162,0.8115949827883333,Valmont Industries Inc
a578b339-dbd2-476c-8e3b-edab4bcf90ac,22.205584,0.59,51.968678,United States,Technology,0.12222,0.68439,1.3803012,0.02721039024265748,0.3060658363353397,-0.4614845152603232,0.9761550197611923,,0.11437799277524947,1.4960596682187353,Lattice Semiconductor Corp
4770c45c-2c79-486c-9ecd-ca3a3de9edaa,2.2188954,0.64,15.459685,United States,Industrials,0.57908,0.74055,0.15521514,0.09769788710186056,-0.010628900015185794,0.106269113149847,-0.08499808441567103,32.725425294738685,,7.552142045555083,GATX Corp
b9f09fca-9b43-48cb-a62a-a581fd205a67,3.815442,0.67,10.961937,United States,Energy,0.05204,0.05946,0.353168,-0.09464296672053019,0.07985391165831957,0.2533392698130008,0.29719261273176434,15.146496403662093,0.014804993902386043,0.64677936048185,Plains GP Holdings LP - Class A
795d6ce8-8b0d-46ba-9322-e684d0e4c496,10.084635,3.76,31.612246,United States,Basic Materials,0.17839001,0.55667996,-0.1833151,0.09921173372048653,0.07101483625640426,0.07607528669561336,0.09560812200267366,1.464501809918884,0.008140082956259427,0.7326094299899447,WD-40 Company
8b79ce10-485b-4e15-85eb-5954d1f579fb,3.4548771,3.29,56.770393,United States,Industrials,0.21636,0.33668998,-0.265373,0.17951650406509279,-0.06893663774258751,0.20291941180573603,-0.04284398971032233,9.689540273076348,0.12799056608727116,1.74687035530953,Casella Waste Systems Inc - Class A
dd587d3c-74b4-4a7d-a026-3af512ad3bbb,2.0344758,1.44,12.362019,United States,Financial Services,0.0,1.0,0.4580531,0.19651258188108423,-0.8137597848464035,,,,,89.47702221564992,Hannon Armstrong Sustainable Infrastructure capita
809498ca-15bb-48a2-bb1c-392420893951,0.6518615,3.21,-39.420193,United States,Real Estate,0.21628,0.25157,0.4130653,0.02349380153794245,0.05911966261277035,0.11588243863354952,0.04319140591225823,24.123264338986434,,3.641050133945395,Pebblebrook Hotel Trust
165a678b-b785-4024-8301-e81958c20dd8,0.8654374,3.83,9.351078,United States,Financial Services,0.0,0.0,0.030653238,-0.45046477094732806,-0.769933440574283,,,,0.46872388536597354,314.099598141867,Simmons First National Corp - Class A
eef76579-b39f-4223-811a-aca9c50966fe,2.0978572,1.11,12.2625,United States,Financial Services,0.18656999,0.25234,0.60530186,0.10469344900095345,-0.16611278948058938,,,,0.010119468202241612,1.5438057533966731,Mercury General Corp
6d2b7742-21d3-4bc1-a79d-ab5f46555246,1.1565633,3.0,52.05128,United States,Real Estate,0.22731,0.43502998,0.143018,0.05996518029739151,0.027955500143068912,-0.027192503511645594,-0.23515903112397374,14.512509037031748,,3.068571826183744,Sunstone Hotel Investors Inc
f1fad545-b700-49b4-9d46-77272e8a4094,1.126507,1.54,8.731501,United States,Financial Services,0.0,0.0,0.14722228,0.10172038876167344,0.0413820691345419,,,,0.01561322924026104,24.855531284292375,Fulton Financial Corp
06e8356d-acf2-4ffd-b40e-eff3583dd093,1.0229805,1.85,9.156695,United States,Consumer Cyclical,0.09945,0.29708,-0.36757183,0.023339389009656042,0.13896846575938715,-4.076711878221949,-3.8236950428591236,16.950968354386372,0.022935984743523413,1.2745491676855456,Fox Factory Holding Corp
3ac22be5-6ad7-4ab4-982b-ef034f637c7c,1.0868908,,8.502778,United States,Financial Services,0.0,0.0,0.15588593,0.07939747879984832,-0.38015970642926566,,,,0.017123287671232876,25.44399700342466,Columbia Banking System Inc
e37338bf-93d5-40a1-a23d-a3ad9296b461,1.9437344,1.04,11.035781,United States,Consumer Cyclical,0.09965,0.24051,0.21264744,0.042968085004638557,0.31611883196895274,0.21546407797210287,0.8414080273154425,7.29560661295252,0.012784909036454534,0.7640797428523157,LCI Industries
5c7a01a7-5de1-4f73-90c7-336f346c08eb,16.42857,,17.694252,United States,Healthcare,0.066149995,0.88501,1.2189894,0.23717152285145549,-0.012504399665745902,-0.24916792048511371,1.369588673333849,19.588400753259755,0.005197016892121332,1.3496409258672282,Amicus Therapeutics Inc
815ff9c2-8e45-4ec8-8986-4367915ce602,1.2470008,1.33,9.431818,United States,Financial Services,0.0,0.0,0.26042616,0.010838417887393481,0.09612969978065689,,,,0.0063816350292118015,30.938158824874733,Cathay General Bancorp
bf60d29f-6822-4a9b-8b84-0705d7bb2e2a,3.2089653,1.74,18.911417,United States,Industrials,0.159,0.35241002,0.075209856,0.05437429904207147,0.08878288215579166,-0.039291742987465406,0.08162125084485261,1.4234930358897302,0.022045174040685185,0.913905019899505,Franklin Electric Co. Inc
f365ea9c-5b66-49d0-8281-fd8aa91f8073,0.9612638,1.85,9.998544,United States,Financial Services,0.0,0.0,0.1555556,0.004193519785876898,-0.02180421737784255,,,,0.05135540988899922,36.05658526806229,WaFd Inc
f5f73fb7-0f26-4f53-8d1b-0ed7d470d51d,1.043329,3.07,17.476141,United States,Technology,0.21669,0.32071,0.23914969,0.43222790919961684,0.458767245864816,0.9278854490844373,47.513947205502575,80.39357242087385,0.7150188049661608,6.9946856314266945,Sunrun Inc
b9555935-2794-4cfb-9396-028b00f88040,5.533085,7.38,73.709816,United States,Technology,-0.20233,0.78110003,-0.3917548,0.13173972229784914,0.21514427705236572,-0.029506372892833865,0.21615727718258093,-9.886898523819506,0.028589819944840004,2.5393257396008906,Varonis Systems Inc
30ee95b0-da99-4b0f-b3bd-481a809178d3,2.3165016,3.52,-30.89634,Canada,Industrials,-0.62796,0.11444,2.133803,0.2620053284813828,0.011480041405887986,-0.4902020977232029,-0.38096615055510574,,0.0784027388251678,6.749874277093286,Ballard Power Systems Inc
41344db6-c9da-424f-a121-1f1b1f0e517e,1.5137876,1.76,12.6758795,United States,Financial Services,0.0,1.0,-0.09958953,-0.01563406963148506,-0.6180829363392176,,,,,9.450236147443961,Main Street Capital Corporation
021c8f9a-f8e4-461e-8b28-339d84fa1bcc,3.6557758,0.51,24.31767,United States,Technology,0.07517,0.43609002,1.0101898,0.11976235146966863,0.35318337716703163,0.39078156312625256,1.8917637475494304,19.196367763904654,0.03907849829351536,2.192640784982935,Synaptics Inc
f942cd68-3ee0-41b5-a34f-6c5d5b430223,2.4927993,3.67,26.211798,United States,Utilities,0.7367,0.63502,0.1871326,0.04337899543378998,0.08371778241497929,0.04941860465116288,0.7323171189822273,30.888482632541134,0.2929293055538556,11.058081284658048,Clearway Energy Inc - Class C
df17ffc1-adca-4c33-aa15-75e1361c9c5d,13.866906,1.6,10.179069,United States,Basic Materials,0.09981,0.15204,1.0688729,0.004496713939813324,0.11973568638328369,-0.18181818181818177,0.6516546215290986,24.475043029259897,0.030578937318131598,1.275854622064235,Chemours Company
aed95fa5-da47-481c-a6a5-e9f3c3b26f3f,-4.82019,1.91,23.090946,United States,Consumer Cyclical,0.31654,0.49118,-0.61276114,0.11352701391962694,-0.21296663015300688,0.49449815545096043,-0.8265006035951514,18.006478032389698,0.08054303891648402,0.9766308595370896,Wingstop Inc
95476836-ef69-4fff-8b18-1ecd1443d46b,1.6543119,7.05,28.743158,United States,Basic Materials,0.0775,0.06363,0.294971,-0.0037096870699455664,0.30804366655090354,-0.34999407793438353,0.1233593764005898,21.40456989247312,0.03367759921561809,1.1254241109509069,Olin Corp
f884497b-e438-4c7f-96e2-541196f79492,0.3240833,0.13,8.60729,United States,Financial Services,0.0,1.0,-0.40843022,-0.24863174354964812,0.23803197378326912,,,,,149.09802431610942,Navient Corp
16bf60c4-3e9e-4649-95bd-d9e388bcd524,7.8003626,0.99,9.921147,United States,Technology,0.03965,0.78172994,-0.34180707,0.11042409010456433,-0.07323859173364267,-6.1645074826893005,-9.049564548139605,18.360207228321205,0.014409297787057391,1.6328406730089513,Tenable Holdings Inc
e2bd0082-672d-4ccd-8d28-742a2da7613b,2.7659576,0.35,4.1861486,United States,Technology,0.06639,0.69704,-0.71910113,0.018704821168544772,-0.13787410639623332,-0.18751307257895833,0.20504579488920704,45.31596199691488,0.029124846374436707,1.9672376028825742,Rapid7 Inc
caaa2ce6-7977-4e97-8b1e-7bf8e4a67ebb,3.244529,,-15.84278,United States,Healthcare,0.16525,0.49213,3.0023446,-0.02322883879971238,-0.10542124314411838,0.2519289097004205,-0.10428957801793093,8.511369037793525,0.050281473587633234,2.2541173565129187,Curaleaf Holdings Inc
b0a0c2ef-3b3f-4cc5-a5a9-56ee91dbb15a,4.3501787,1.58,21.328703,United States,Healthcare,0.10554,0.16431,0.20291126,0.18426892154664665,-0.04838500174720406,0.19954067994427915,0.21935060016627017,,0.07139956420018187,1.006421881138799,Ensign Group Inc
cabd9620-ef53-45e5-877e-e58cec134eff,,,,,,,,,,,,,,,,Software AG
9084db74-2985-452f-800b-6bb21b2fcc57,,,,,,,,,,,,,,,,Karuna Therapeutics Inc
aeecb9cc-d2ed-4ab0-84d3-ba02b446535f,7.786706,2.43,85.71543,United States,Consumer Cyclical,0.25403,0.37351,-0.42518198,0.14447164669688273,0.15476942102403335,-0.21134892981582876,-2.174463405553915,25.723788782583807,0.1535495067475108,2.745444065735639,Six Flags Entertainment Corp
389a7805-d633-4259-8668-d666d79d2189,1.3569573,1.1,11.526122,United States,Financial Services,0.0,0.0,0.30303025,0.06105200027195312,0.06910472783842225,,,,0.017517883235027353,22.988181306207338,Ameris Bancorp
d50f242e-9154-46be-9ec4-e8c9c050cbe8,1.7577055,1.29,9.481571,United States,Financial Services,0.21268,0.38895,0.2076348,0.04072905812502636,-0.14995776673998562,,,13.295894978120442,,8.412118414420137,CNO Financial Group Inc
c134c9e0-fa94-4e12-bd94-129af68f85b9,0.21435657,1.22,7.3386793,United States,Consumer Defensive,0.057589997,0.20173,-0.6231884,-0.06650303170224914,-0.016206831219426787,-1.6540383392386664,1.3307156662997497,31.273827299114874,0.017445043600061775,1.1191452920306904,Hain Celestial Group Inc
e9fe5a88-68f8-437a-a62b-58bc0a0eb8ce,4.8091245,1.67,31.602726,United States,Technology,0.23837,0.4188,0.5810516,0.1917700165483116,0.351799375921503,0.23705477552872378,0.5355567412980897,2.0277390114364233,0.04210916667769215,1.8331934411256205,Esco Technologies Inc
aaa910c3-e982-4708-85cc-6a0f64849290,0.39634678,0.31,25.194443,United States,Financial Services,0.076009996,0.07186,0.25623274,-0.018055963667051422,-0.0017996908855765215,,,,,12.039254925665213,Genworth Financial Inc - Class A
c4fb3643-53a6-410a-a297-aeb7d000fc96,8.878458,2.77,27.511463,United States,Industrials,0.15484,0.39004,1.7653244,0.21376518218623475,0.3657284280761971,0.7095871238628411,1.1459924658236023,,0.06828679403737141,1.3064770102876337,Advanced Energy Industries Inc
52dfa6f9-4c28-4bf8-9aab-aaa3ad19e703,1.9960861,,-71.1959,United States,Consumer Cyclical,-0.00254,0.43764,-0.27659577,-0.05255976217748759,0.3042803744412853,-0.8562931480357103,-1.2825139850973946,,0.013682240115275631,0.3796266567695432,Stitch Fix Inc - Class A
e1629afc-1a44-4295-a21b-9b7de748d6e1,3.7283514,,10.59747,United States,Healthcare,0.08469,0.24109,0.08139539,0.07222409006814279,-0.2793358383497966,0.09563328938183502,-1.3071645770786269,,0.014236806926564616,0.58557606992736,Progyny Inc
3603670a-0261-4396-a870-43ad3b2bfc26,1.9456835,0.59,10.864469,United States,Technology,0.099870004,0.70399004,0.01644957,0.10573214456328794,-0.042592406081610745,-0.131497678436454,-0.4640217105029185,,0.0017346010863972523,1.5715287871982941,LiveRamp Holdings Inc
6c1e75a6-ec10-4489-825a-66cc7f54bd39,2.5246294,0.86,32.620613,United States,Industrials,0.12172,0.44856,0.75591314,0.06435944019645023,0.07235159216285858,-0.02102636043325068,0.473137014123585,,0.03134050302503222,1.3922405205522819,Proto Labs Inc
a3520c6f-68fa-41a6-9439-f601c7998f76,,,,,,,,,,,,,,,,Nustar Energy L P
2717110c-ed6e-44c4-bffb-ee0c1fa95071,1.2749904,1.47,11.48655,United States,Financial Services,0.0,0.0,0.26940882,0.1551173354059856,0.053986147735716195,,,,0.009516689216559869,25.999503595164438,Texas Capital Bancshares Inc
d3fde702-fe2c-49a4-ac2e-188db3053cba,2.4173656,8.36,9.337588,United States,Basic Materials,0.13402,0.16254,1.1261475,0.07868852459016384,0.1003571638102454,0.6973321067157314,0.6921486685643914,2.452240566037736,0.05088897849057782,1.2589490765712514,Alcoa Corp
d597436d-4b5a-4c31-a0ed-9e32846f6a36,,,,,,,,,,,,,,,,Elme Communities
eb42f04e-354b-4a03-8137-46d0cdf098fe,,,,,,,,,,,,,,,,SVMK Inc
c0acf270-72c5-4462-82e6-580b7ea065ba,1.0000976,1.45,8.81251,United States,Financial Services,0.0,0.0,0.008750796,0.04926463009506299,-0.00488076012093086,,,,0.027458829823528923,24.950173791146145,SouthState Corporation
b7656432-0184-4d0e-93c6-8b96b5a73326,1.6389915,3.83,19.283548,United States,Industrials,0.120670006,0.19405001,0.35426497,-0.04778004050827134,-0.016465419859626684,-0.20378240511900642,0.03867883755839485,7.091087288591002,0.08152810238559374,0.9600468591140622,Werner Enterprises Inc
38afdd36-a319-44ef-b412-3417149487a6,1.3265314,,6.647558,Brazil,Consumer Defensive,0.39332,0.64334,-0.2573099,0.11891249327775766,-0.11588467999880869,0.21630292918164873,0.019093989557147584,2.7074026967054734,0.09646235246242839,2.4442884394419933,Afya Ltd - Class A
29f1f572-5982-48e0-be05-d097c07dc027,1.0512781,11.0,9.101758,United States,Financial Services,0.0,0.0,0.17636144,0.09442712272743475,0.24026914555681134,,,,0.013849135662375936,25.633534103307692,Independent Bank Corp
f2faaf8a-f9a8-4515-8653-5876763e749b,2.4324062,0.93,20.048098,United States,Technology,0.12738,0.31280002,1.0955174,0.130386997376289,0.2997583796754223,0.07115719653239849,0.3488864958539043,,0.05037973676763054,1.5664167059716307,Diodes Inc
a6ce09a1-d856-4f2d-a61b-9aa7240a9506,1.4979161,8.54,22.613737,United States,Energy,0.077589996,0.12344,0.24732685,0.11051866214251094,0.2139428138779068,0.29528535980148884,0.05547368219062421,14.237095714991973,0.018787444333837864,0.610323316212375,Sunoco LP
e59d2ed8-828b-4945-95c9-b391f1d79792,3.6666057,,12.059353,Canada,Basic Materials,0.65312,0.70215,0.60406697,0.34293562996510496,0.545788628375087,0.782312925170068,0.8950348547205893,,0.2938962650927288,2.948443953848109,Alamos Gold Inc - Class A
18cd5f40-386a-4707-b568-8f2b68041741,1.2340789,7.79,4981.55,United States,Communication Services,0.25814,0.59597,0.16916859,-0.05302402970597808,0.6966317988548939,-0.41979876160990715,1.8285642050195257,22.73201477890973,0.3355211080981837,8.818119027248018,Telephone And Data Systems Inc
0c0528d0-1191-4ab9-a2c9-104d5a80664c,,,,,,,,,,,,,,,,CLEARWAY ENERGY INC
a393eb9b-1ed0-44c6-af61-f481faa35bdd,,,,,,,,,,,,,,,,Qurate Retail Inc - Series A
d502b38a-3b01-4914-bbcd-9b23aa6ff0b9,1.3382723,2.25,9.064064,United States,Industrials,0.048299998,0.13109,-0.251046,0.04623537574467074,0.023684222662370136,-0.023969319271332723,-0.17628862887219576,13.870741950536631,0.008541326179506753,0.595518050913321,ABM Industries Inc
9fa5d628-8db0-4098-b6c4-335c5d3d2fcd,1.9491478,1.25,9.528079,United States,Industrials,0.16535,0.32077998,0.58508694,-0.015054008692204301,0.06582276564914391,-0.03985157505178183,0.44295247488500267,5.471836901932176,0.03776963784522655,1.187719165559626,Kennametal Inc
e6dad0e7-cc61-4eea-a245-f643abc4de15,13.600162,6.0,11.785786,United States,Technology,0.19242,0.60745996,0.4920565,-0.04528096017457717,0.041031040503258565,0.11406844106463887,4.336993464052288,0.47692307692307695,0.017761990015848054,1.0981350327298058,Teradata Corp
15aef00d-2fcf-4308-b4b2-b0d2b2e12be9,,,,,,,,,,,,,,,,QVC Group Inc Com Ser B
eb3e4b50-682b-4bef-8555-fa83b09659b9,1.1351876,,-1.8226949,United States,Healthcare,0.0,0.0,0.4426229,-0.5124348910571491,-0.17217528565735685,-0.2365766775967425,0.1788590583143046,,0.9425269157694743,56.71746358454718,Fate Therapeutics Inc
b1a5a789-dcf4-4ec8-90fd-00eb86017dca,,,,,,,,,,,,,,,,Treehouse Foods Inc
3fe16639-0f0c-48a4-bef8-0c034c0421cc,,,,,,,,,,,,,,,,Polished.com Inc
1b6b90d7-93cd-4619-bbc3-64aad2068931,,,,,,,,,,,,,,,,Holly Energy Partners L.P.
326120e0-fc0d-4ffc-bdcc-892a6359b5bd,0.8799353,1.4,10.35136,United States,Financial Services,0.0,1.0,-0.13280213,-0.01618457051693889,-2.142836678805555,,,,,10.717357966095458,Golub Capital BDC Inc
8e21ccf2-56b4-42d0-b500-c0aec07679e3,,,,,,,,,,,,,,,,Sina Corp
1c9a80cc-4eb9-4877-b5e0-f7bd331fc57f,,,,,,,,,,,,,,,,Columbia Property Trust Inc
0750e180-db6c-4737-9523-fa5348eedbc6,0.92987466,,8.777062,United States,Energy,-0.00524,0.01773,0.9385885,-0.11423722569325956,0.30019909243653176,-2.38248436103664,-2.2122496257162023,-48.05506329113924,0.03127589469073267,0.44547102675785555,PBF Energy Inc - Class A
9f7395a5-f0fc-4687-9283-4458da999ab2,0.84469515,7.59,-7.2837834,United States,Real Estate,0.21636999,0.63885,-0.5694888,-0.5543650235883907,-0.49885166641065526,0.36723208019285347,-0.9178729352932387,24.74363555158553,,7.949617750958307,SITE Centers Corp
33c9ef38-ab1c-4790-b185-77f78769c3da,,,,,,,,,,,,,,,,New York Mortgage Trust Inc
bf81bc79-36a8-4d06-803f-26151fb1ad35,0.9916479,0.87,-15.752475,United States,Communication Services,0.311,0.644,0.44112325,0.09082540282511009,-0.03282547222765997,0.07056623260617734,-0.43644839888229026,19.93799227456378,0.970713259724851,5.1978977092068455,Shenandoah Telecommunications Company
c626b6d7-8c8e-40cd-8d86-b118cafecede,31.643955,1.09,295.7884,United States,Healthcare,-1.15798,0.8181,0.6078373,0.667339369327508,0.4234100904778271,0.42699266549856185,-0.037341706347129966,-0.9876284655122557,0.03972965958564663,2.7172635853302065,Insmed Inc
39e2d9c6-7c94-4992-872a-d0555f08f86f,-363.86554,5.39,21.151562,India,Consumer Cyclical,0.15956001,0.57673,-0.5868715,0.25023130280988193,-0.8453307272153412,0.15962213264507152,16.975383074432116,16.379623663788205,,2.507176392092042,MakeMyTrip Ltd
e87c65ee-a49c-4475-96c3-9e6dba8bb23c,177.48201,0.5,13.2450695,United States,Technology,-0.116560005,0.69536,-0.22858036,0.07991982607578918,0.03262117861909952,0.2558453475445128,0.13804014743431692,-1.2417427701674277,0.06098238891057257,2.373350069190647,Box Inc - Class A
54bbc694-da14-4c52-aca6-1314292f7fe2,2.0798225,0.52,31.994633,United States,Technology,0.14388,0.32212,1.0398598,-0.023250210817973738,0.117155711796322,-0.3809869375907112,1.4979750192641972,,0.03070175438596491,1.752467105263158,Rogers Corp
83698f50-9f17-4bb3-8151-09d4db9f5015,1.0215675,1.08,9.095142,United States,Financial Services,0.0,0.0,0.18919802,0.6813315602685044,0.7190598786554795,,,,0.013519675707503006,26.62952736937851,Atlantic Union Bankshares Corp
a9f9f36f-c066-464d-b20e-7e821ac18c45,1.4883239,,21.865952,United States,Real Estate,0.91651,0.98730004,-0.06960273,0.24823513711883627,-0.027481184139422243,0.16751089034125477,-0.15415584432916418,18.389105111726998,,11.392182637836436,Essential Properties Realty Trust Inc
109bf55f-f78a-4c09-b0d4-2ebc755ab712,7.6095405,0.76,11.417152,Mexico,Industrials,0.60244,0.67523,0.01711011,0.059142878145467925,-0.1419741973130153,0.020565954466403857,-0.31792452592407994,4.105533472535611,0.16781627873806887,1.9302896703791228,Grupo Aeroportuario del Centro Norte S.A.B de C.V.
bfa66267-48eb-4d64-890a-838841b37568,8.476966,,-9.477104,Netherlands,Healthcare,0.0,0.0,0.83888507,0.7117338887836899,2.124349062888545,-0.27470838906342343,-0.8089863252009704,,0.028685126844636047,42.51486762836456,uniQure N.V.
41944617-2411-45f3-b84d-80f9a3d395a1,1.7944391,13.13,10.261425,United States,Industrials,0.12619,0.17739001,0.49183416,-0.016085345746868596,0.22804094488897375,-0.30196665421123825,1.355539295400368,5.629983185584952,0.05323813323001143,0.982795459323684,Commercial Metals Company
b48eea6c-49ba-43a8-81cd-d1ac0d1e5306,1.1823857,1.66,6.7781935,United States,Industrials,0.23464,0.31685,-0.20225823,0.15031009773464254,0.09136576741270896,0.11196704942049496,-0.008065332877137399,9.702286948987524,0.16578719246214818,1.7657896297614828,Skywest Inc
87c989fc-dd89-496a-b903-db2961972a56,,,,,,,,,,,,,,,,Stamps.com Inc
e99b7341-952a-487f-ac0e-4f6a01e2a8d3,3.232549,3.43,-20.779488,United States,Consumer Defensive,0.18385,0.34976003,0.23441589,0.012868889973548736,-0.10707084538607403,0.07281941470378306,-0.1177322486416501,,0.04657767124596286,1.6332367370370002,Tootsie Roll Industries Inc
73933220-508e-40fa-8bff-d076eb2fd939,6.1192904,2.63,26.056595,United States,Industrials,0.12257,0.30386,0.31668735,0.0187565047687126,-0.0854098802190002,0.054732119039965,-0.23186481363991707,1.1760525701273687,0.005622137297959515,0.6462983585977959,Applied Industrial Technologies Inc
62defc3e-aa79-4b5c-8f54-b89d072bc048,2.4422746,1.41,14.351726,United States,Technology,0.15415,0.65826,-0.27871078,0.07592886775970475,0.029495324233375975,0.17809692035941938,-0.22884203440562234,0.18084846064471388,0.016951341253962228,2.032576942666115,Alarm.com Holdings Inc
cf86abaa-5cac-4a15-b441-e7a07e36afa6,2.16037,0.37,-8.869109,United States,Communication Services,0.13375,0.44625,-0.04887986,0.012639404602681148,0.09531774879051791,-8.519995163157077,0.5307727224272897,33.04205607476636,0.023125,1.794140625,Sinclair Inc - Class A
67bfe4eb-1822-4d6f-a290-cd5dd273d588,1.8259255,0.57,5.1252913,United States,Communication Services,0.14061,0.90042,-0.4383917,0.046775574457502356,-0.08282440269512281,0.2847785595640876,0.0884757776586449,,0.03294074812276499,0.6665642439868791,Yelp Inc
cffb8a28-dbd8-42f3-9821-eda754ace392,1.2086809,1.49,22.60831,United States,Consumer Cyclical,0.09149,0.21045,0.48811412,-0.2275084745385466,-0.15066075459731365,-0.4537091719650921,-0.4125202121045509,4.369888599618442,0.009697139547883312,1.516864911259279,Tri Pointe Homes Inc
31080ced-8c63-433a-9e49-4c7037e8aa78,3.0227075,,7.4929514,United States,Consumer Cyclical,0.19530001,0.24234,0.080443144,0.11933797909407673,0.08204984350085631,0.03547066848567537,0.6108520134396469,30.773480662983424,0.02891670343144973,2.52967205951619,Hilton Grand Vacations Inc
47ed7ffc-7adf-4459-aba0-a279443df889,4.663115,2.5,32.43819,United States,Industrials,0.18079,0.23625,0.63551104,0.023681554137701122,-0.008329253664575154,0.0070290861412178884,-0.024418907207639062,1.171326368784975,0.13245445740208872,1.0763353372824047,Saia Inc
f16b3aa2-3f3e-4a13-ac0e-36ba8da49374,-0.76837504,,-11.699716,United States,Industrials,-0.04484,-0.055970002,-0.024972856,-0.06430801325953728,0.6342884917975513,-0.6205322347177374,0.6656158264378785,-162.93452586206897,0.07875785665138502,2.051548040572405,GrafTech International Ltd
af0a8624-8643-4655-8884-886ef91b1417,1.3542244,0.98,,United States,Financial Services,0.0,0.0,0.08451998,0.01023342182066389,-0.2249364684660904,,,,0.02163388951933048,19.65677365688562,International Bancshares Corp
8b7e0969-e07e-4b57-b0c1-16fe8e6bc2d2,0.9888293,1.16,11.567797,United States,Financial Services,0.0,0.0,0.23882222,0.0168370895359074,0.13146354830666973,,,,0.026728200033941354,26.396429040174723,First Interstate BancSystem Inc
a2887f7e-53bd-469c-a209-2eabbda99008,0.86536914,37.36,89.66667,United States,Real Estate,0.41142,0.5249,-0.29581153,0.01899084870589607,-0.0399590132774279,-0.005872549404186911,0.0020819683332705674,24.958336174802582,,5.397249862146568,Empire State Realty Trust Inc - Class A
da05f986-47dd-4ffd-9367-dbfb5b016166,0.446544,,10.002476,United States,Consumer Cyclical,0.051810004,0.2048,-0.2816,-0.09015992259973815,-0.11364703777447571,-0.4097087378640777,-0.011376412999327346,76.80780718445482,0.00047137684154565073,2.387251271706611,LGI Homes Inc
fefaa202-c223-486e-93e9-5b718cb49a46,11.538955,6.98,34.81219,Canada,Utilities,0.34675,0.31329,0.42633927,-0.15201192250372575,-0.2820094440349983,-0.357851722124927,-0.8316494845360826,22.0,0.11799276672694395,4.065890596745027,Transalta Corp
c7783b33-564e-4624-8f2d-308e1af1b635,0.74034244,2.06,-157.93188,United States,Real Estate,0.23546,0.26775998,0.19333339,0.03308974129756326,-0.07437353124887514,-0.029834457549340554,-0.1413554519673359,22.829860270586547,,3.498657765087271,RLJ Lodging Trust
d1b43ae2-91a3-48e4-9f69-31923524e9f4,1.2488745,0.85,7.569143,United States,Industrials,0.12987,0.23235,0.35909998,0.03740763013767867,-0.042657679649821256,0.06692368879302313,-0.5374269261314122,19.331054440486774,0.1081885656375415,1.6482783340819573,Allegiant Travel
240088c3-7c9a-4dd2-8d85-111c82f9c924,2.0365016,0.2,12.795924,Canada,Basic Materials,0.18823999,0.241,0.88462687,-0.000979192823907793,0.2224869880966035,0.004549532150572411,-0.17342158528533202,13.804604082513388,0.020211276372715505,2.0300250282063277,Methanex Corp
cc736651-2f00-43ab-9efb-e35d50d732e1,0.66464084,0.76,6.4491844,United States,Real Estate,0.0,0.82045,-0.20679015,-0.18622507449002978,-1.8533572683210595,,,,-0.0,26.47846437660853,Pennymac Mortgage Investment Trust
40bd7e8f-14e3-49e7-b86e-4dab70b2411c,5.18586,0.93,15.811989,United States,Energy,0.44280997,0.49924,0.4075173,1.7693081255028158,1.5445872818303592,0.4875690607734806,0.6181091219757051,19.02771874983992,0.9706587306356423,3.5421417842034333,Venture Global Inc - Class A
b0f332b2-33fc-4313-b67d-01eeed52f140,11.224874,,41.81417,Cayman Islands,Technology,0.11327,0.12037,2.17004,0.18604444657188246,0.2235507368656373,0.18040275049115917,0.23270646080973711,,0.05004721264430523,0.7448509892803126,Fabrinet
faa25b94-23b9-41e5-ae81-a0f7e5ddbd7e,2.178884,,5.462497,United States,Technology,0.2796,0.50285,-0.38157552,0.10210931937370926,-0.039763693847666426,0.06993684145187062,0.44186027230306046,10.710153207895239,0.09664871699027996,2.2739965741506354,Evertec Inc
58237909-c5e5-465a-af5d-688b3705228a,0.4993802,0.43,6.7451205,United States,Consumer Cyclical,0.06461,0.18562001,-0.4699248,-0.03167708443691064,0.0038432231814503615,0.05932203389830515,0.3501364720279335,23.18928391021104,0.04612463505563325,1.150323828263977,Goodyear Tire & Rubber Company
cae41d83-4b3b-4102-94dc-84928a401117,1.4602019,0.66,12.759184,United States,Basic Materials,0.10461,0.27413,-0.12309247,-0.03652324699252196,-0.028935529927797243,0.060037523452157515,0.006561454703798653,,0.04216934763181412,1.0071073503127792,Innospec Inc
c6bdb10a-b8b3-43eb-90e8-121585d123f4,2.6644738,1.0,11.689898,United States,Basic Materials,0.21063,0.25231,0.070013165,-0.027164538463762766,0.019901351680378654,0.07781348015001388,-0.23092715896216132,5.0730411686586985,0.07440559307357819,1.0624475334275127,Cabot Corp
97a8fad9-927a-4bbe-8981-bddc8c669904,,,,,,,,,,,,,,,,Industrias Bachoco S.A.B. DE C.V.
754da623-5419-4084-9a77-e3f82ae957be,-0.6079842,1.46,-9.141451,Brazil,Basic Materials,0.05416,0.04763,0.32791328,-0.08647349859839037,0.18238548253485798,-1.9635175605771849,-1.3660829281154188,59.42627833934113,0.046924160699239846,1.3333645589751193,Braskem S.A.
fb2b9887-5ee2-40fe-bb72-cb285e03e482,1.1117517,,34.92704,United States,Technology,-0.09035,0.64475,-0.26430517,0.23162590841257225,-0.3109803815511136,-1.7667391163303705,-3.556470367102693,-0.0,0.01757487287850844,6.98439845027515,Sailpoint Inc
e752342e-33fa-4871-8e66-7648b8b3b341,2.255606,,24.228504,United States,Real Estate,0.85314006,0.97461,0.40122616,0.6184061228155489,0.5592453492936349,1.1033874722761774,0.18283675190674797,5.658152779279165,0.028689802548021892,8.983903470694514,CareTrust REIT Inc
18a2cfcc-3886-447e-ae77-ff01d05970b0,5.5575128,1.66,108.789055,United States,Real Estate,0.61885,0.76779,0.113161445,-0.022595364354469183,-0.08615719813492029,-0.11298272434256107,-0.1379606486831375,29.157215930853383,0.058742462286778874,6.816640491071722,National Storage Affiliates Trust
4d75cd5b-ef3e-44e5-bc6e-dc5594c00ed1,8.3907585,,18.240763,United States,Consumer Cyclical,0.16490999,0.33867002,0.29425228,0.010029578757692281,-0.03072253750569831,0.04437273093989513,-0.041254554462935245,4.644577073471908,0.02396063047676208,0.6905226314983294,Installed Building Products Inc
e18ef327-e5ff-490c-a093-611be36fd21a,2.3608296,,20.298967,United States,Real Estate,0.76714,0.85561997,-0.113726914,0.0935978510269182,-0.029219070574916906,0.09987881630897921,0.03442406075926474,20.677298320940434,,9.534342891977694,Four Corners Property Trust Inc
d18cfdf9-3529-43e2-89a4-51945924fa7a,22.978725,,-3.0857146,United States,Healthcare,0.0,0.0,0.7007874,-0.790717794705543,-0.5171373371290371,0.07484062399012892,-0.029749595703444154,,0.002226204050605419,18.912512895694196,Alector Inc
9eef1f3c-4c25-41c6-81b8-76dd483e7790,3.9574144,1.74,24.035765,United States,Basic Materials,0.17781,0.34182,0.20624673,0.06919427374781151,0.09739276526485452,0.18353904051343006,0.3450994592140715,9.345723630254358,0.06118070690000279,1.3508273596758167,Sensient Technologies Corp
c1e87153-fb0a-4db4-a9f0-342b182886fe,0.98337305,1.09,8.780068,United States,Financial Services,0.0,1.0,-0.29691797,0.07402033306778955,0.25221836036910594,-0.03004600898192067,0.2330372158484022,,0.012839570327474886,4.079256331239996,Walker & Dunlop Inc
5ca58034-94e2-4314-bc0b-450dbd6d9f13,11.88685,1.33,28.527668,United States,Industrials,0.18483,0.23199,1.0138416,0.04513980401082973,-0.08183028641261303,0.10793308148947656,0.18001584946776694,6.905322656617994,0.06148655873267828,1.1077048413669246,ATI Inc
a77b0ada-e9a4-43a0-8007-b5e9d1b6bb4d,-1.5517563,0.17,19.42358,United States,Industrials,0.12977,0.27313998,0.33179557,-0.017897091722595126,0.23865139558034454,0.8236658932714618,0.9785113464594564,64.82295354011083,1.2745065225108356,2.6963284020183917,Avis Budget Group Inc
1937014d-79ff-4eb6-b7a9-592ec9825ad0,1.5257958,3.34,7.7226124,United States,Consumer Cyclical,0.09915,0.3651,0.28703701,0.04102050574892102,-0.013477710924863384,0.10967521367521371,-0.4180762699484524,0.35551859136580344,0.04701350501802354,0.7223383168796371,American Eagle Outfitters Inc
0567d016-8bf3-4ef5-8a68-3c283a4f53d0,1.5289726,,21.24812,United States,Healthcare,0.27059,0.73025,0.30230415,-0.032795737924253054,0.20278508726883426,-0.17831989226506506,-0.03406185039833731,2.6020160005293014,0.0840559922036019,3.0767798243860818,Premier Inc - Class A
ab4f7760-7b1f-4264-8c26-fe0ca4ddb404,1.4558342,,30.412794,United States,Healthcare,0.07358,0.85776,-0.73260784,0.1359945889656753,-0.5156876020067189,0.22708189158016157,2.1417907480443326,,0.043505197005971864,0.9365237170693477,Inspire Medical Systems Inc
26b9015f-6d45-439d-b11b-dd88d0dcca13,,,,,,,,,,,,,,,,Cia Paranaense De Energia Copel
8dcc20dc-7a7c-4e0c-9a09-00c15e8075ba,0.3510467,1.55,6.228572,United States,Financial Services,0.0,1.0,-0.40599453,-2.268061026075684,2.0487942607381364,,,,,10.365847649434393,Prospect Capital Corp
345bc8ba-a99f-4944-931b-31b148f9b522,1.2206043,0.46,12.54,United States,Financial Services,0.0,0.86586,0.051660538,0.15865671987383267,0.4603127203064912,,,,0.015939986973316295,8.481447117579895,Nelnet Inc - Class A
c450e6e4-8c57-4cac-b276-70c4ff434ae8,2.301489,1.3,13.930322,United States,Healthcare,0.20759001,0.48692,-0.37451577,0.07885373073552171,-0.01778252843571515,0.21640061456732895,-0.047037337366256926,3.951145656068025,0.051920603306985336,1.7216721709611833,Merit Medical Systems Inc
46b27a61-f9e3-454d-94e5-81453710bf30,10.56166,7.89,47.74835,Israel,Technology,0.33156,0.24768,5.65808,0.09050902360662949,0.2424712747561788,0.12182435133832925,-0.313564215114547,,0.2740716435369461,1.9868007996837347,Tower Semiconductor Ltd
5bf89788-7aca-4e37-a521-f560469975ec,2.311818,2.04,24.584612,United States,Industrials,0.18666,0.22707,0.41292965,0.11352311625287048,0.014984009214194627,0.08156779661016955,0.31655682513600236,10.195319096646008,0.06056749718377991,1.724170230378866,Arcosa Inc
0903bec6-3dc7-483b-ba67-1a91a0c02458,,,,,,,,,,,,,,,,Banco Itau Chile.
7605a4ba-467a-49c1-9854-b3a0830c8d30,2.8685873,,-7.446719,United States,Healthcare,0.0,0.0,0.33860528,,,0.0966633257994749,0.5518865513012744,,,,Denali Therapeutics Inc
ac769f31-7c3e-45a3-9231-bdc511a0935a,2.3577204,1.44,20.274923,United States,Consumer Cyclical,0.04721,0.20788999,-0.12608069,0.0720492652292124,-0.03109200977798765,-0.13783952544489542,-0.3137112996973992,24.735357688860773,0.054089524453144106,1.4270579574887632,Albany International Corp - Class A
834b9151-1fc0-406d-945e-e5def641ba0c,1.2920958,2.43,15.006182,United States,Utilities,0.37412,0.44548,0.16562355,0.06277300229726368,-0.03608251225521597,0.2575890910532366,0.19283843856042093,19.68941102159048,0.36320462348852334,4.573045420448304,Northwest Natural Holding Company
f0dc897b-e67d-4a76-960e-71b3df64a7fb,2.1968393,1.2,10.655626,United States,Consumer Cyclical,0.12009,0.36003,0.12259853,0.10124562990489694,0.03608942262502168,0.17481412848700106,-0.3385932508804377,,0.04219823738244026,0.7737769764569103,Urban Outfitters Inc
1c1c8d32-b40b-4616-9391-bb819d1f6778,2.0804844,,41.493774,United States,Real Estate,0.54647,0.64257,0.13782048,0.06726438038769844,0.07465687374434338,0.02327142024734674,-1.1040970247298807,24.137080482989763,,6.97397602398605,Urban Edge Properties
94b2f2e3-be52-489e-b6fc-103793fe96dc,1.5314413,2.2,11.292799,United States,Basic Materials,0.16955,0.31881002,0.023624778,-0.022593934291325946,0.040952977129108836,0.07459168965355545,0.06606170890684959,13.400174448147034,0.04832265879611844,1.4976084439264923,H.B. Fuller Company
7821f6a2-9ceb-49ae-bfbd-2861d139fe78,0.983712,0.77,13.936282,United States,Consumer Cyclical,0.12362,0.22341,0.10292053,-0.005192878338278972,-0.1479908841337111,-0.08355375758518746,0.473804925033106,12.095598742801538,0.0378592922837797,1.4419253318602006,Greif Inc - Class A
fee83231-64ab-4350-b22e-7956a1743b8d,1.8165509,0.02,6.181969,United States,Basic Materials,0.44362998,0.54567003,1.8930876,0.6368094992256066,0.5945440341183881,-4.269830326925487,2.40973687067404,,0.1447242062846017,3.132831814997289,SSR Mining Inc
f082d4a7-c89b-4544-9fee-6ab86b7a2694,3.0547264,2.36,8.781264,United States,Consumer Cyclical,0.09924,0.47322,-0.10076159,0.04608853850818684,0.23257047376981832,0.21573033707865163,1.2188976377952756,11.179527559055119,0.007553657011877475,0.8997838091269015,Wolverine World Wide Inc
ce23d5d1-de10-43a8-8083-ec04b8766f67,,,,,,,,,,,,,,,,Primo Water Corporation
0d319395-6c9b-4a99-b30e-51330837cab5,0.9173352,,-65.75001,Canada,Healthcare,-0.00187,0.40004003,0.27053142,0.34816198805607446,0.24065758956791683,-0.6899321266968326,-0.681820891570957,,0.16332465410977381,7.372369329746108,Cronos Group Inc
c584a715-5663-48bb-8838-a85c8ee5bb80,2.4185388,,-7.6357822,United States,Healthcare,-0.62334,0.55329,-0.49278438,-0.012251321942547855,0.03552448714343148,-0.17036098796706778,-0.41456803133610387,,0.005657009651658764,2.757003676099054,Schrodinger Inc
b3caa0f1-0720-4374-a706-951d98b9d13c,0.8343425,1.23,8.3907385,United States,Financial Services,0.0,0.0,0.031181812,0.3312423213876685,0.3160613981731297,,,,0.008433552449830664,26.567089062970588,Wesbanco Inc
555e2221-eaa9-45b6-a5d3-4526f305567a,0.9437111,1.75,12.564495,United States,Basic Materials,0.07932,0.110640004,-0.11528778,0.0035426112527491838,0.23100520209320596,0.11833111676256358,0.5278407160265388,11.576871224599977,0.052281162560039396,1.023718773798226,Stepan Company
1a4b3125-1e1f-4edb-a8f1-a8755afdff0d,1.0583786,1.12,8.654447,United States,Financial Services,0.0,0.0,0.18403196,0.03549479417316925,-0.10891802867809441,,,,0.022631030362236043,20.926154774572826,First Financial Bancorp
9e70ae17-1906-4374-834f-e6f03c78ea07,1.9762312,1.85,16.312122,United States,Industrials,0.35306,0.43078,0.10066438,-0.016854363154452656,0.056136873194141956,-0.010614682710076262,-0.08138751353876916,6.336216817038004,0.2192747314932699,2.9058811603968735,Otter Tail Corporation
f93afe85-cc98-42f0-a1f3-a545020a2972,,,,,,,,,,,,,,,,Invitae Corp
c9218d51-058a-422b-8296-2c34e829ed8c,60.609867,2.41,11.742832,United States,Basic Materials,0.30618998,0.39569,0.5946201,-0.012669683257918507,0.3121562490381049,-0.3571428571428571,0.05426514085870604,12.95008319467554,0.049248536618793554,1.488664386208084,Ingevity Corp
78dff49b-780c-449f-85f0-2ca128b96d38,2.832578,1.36,18.381718,United States,Healthcare,0.0367,0.13349,0.44853437,0.033739741143988145,0.044855151610117105,0.1657563138824294,0.17709795364534275,,0.0029547416631734527,0.434005957787117,Healthcare Services Group Inc
93680a04-ffe2-4f62-98d2-da4af6ea0ef1,-488.6598,,13.532612,United States,Technology,0.008909999,0.79403996,-0.32372665,0.19749824010396932,0.027536649056935092,-1.0528682594924335,-2.78934518652461,217.75094019167778,0.00263398427619858,1.5330701414757684,Workiva Inc - Class A
e94ee9b5-b2f3-47f1-a19d-5b039668396f,0.95395035,0.14,6.22385,Ireland,Consumer Cyclical,0.05135,0.06641,0.3410554,-0.01041666666666663,-0.0475879074571004,-0.20772946859903385,-0.3788814547949906,8.01955671447197,0.016468067591127462,0.5883150203566094,Adient plc
10161734-fcdf-4090-90f1-a26818eaa875,5.3925414,,14.68996,United States,Energy,0.73934996,0.80884004,0.16419494,0.06987462453212556,-0.03671612356518472,0.03958397709448924,-0.06558180094162536,13.402572780413504,0.13193598780372104,4.61493042340326,Antero Midstream Corp
c56bc49d-e661-4a1b-9fde-fff0b4f49ebc,0.81556016,,88.53847,United States,Real Estate,0.5879,0.67241997,0.04922521,0.11271900202614127,0.18531076130007162,0.12581407797305744,0.23949443263827375,32.07502352727235,,9.519819062296115,Easterly Government Properties Inc
f9be9f8d-fdda-49e9-98f4-c5106b416dbb,3.143052,0.62,17.820255,United States,Industrials,0.20111999,0.32536998,0.22048867,0.02492608706102928,-1.05427262293649,-0.32836960672012216,-2.0560792980175497,15.8319152459193,0.021676753048738145,2.3285329675839304,Chart Industries Inc
526991e8-4d70-4f12-995d-d7d1a10264b5,2.0301151,0.74,13.779587,United States,Industrials,0.16805,0.25471002,-0.1680581,0.045060818520006096,0.07042399555406309,0.2521098297696383,0.8526516040756182,13.501138229888218,0.07229271244013956,1.3676930973223358,Geo Group Inc
2df07095-b59a-4a2a-ac88-5e49b225b8c7,,,,,,,,,,,,,,,,CommScope Holding Company Inc
af100d05-7969-42fd-a0fe-794d44a0c4c5,1.6747674,0.81,7.473565,United States,Technology,0.07033,0.21968001,-0.3428445,-0.05167287136654519,0.06811263960275593,0.01585198170541724,-0.17060581064346436,7.651589096894635,0.0029643564465524036,1.0469775111211435,Insight Enterprises Inc
0eebb7f6-41a3-424d-801e-9a9f43a78ebb,3.111607,0.03,4.731928,South Africa,Basic Materials,0.37956002,0.43502,0.065084696,,,,,,,0.565350267721339,Harmony Gold Mining Co Ltd
35b65ead-20ad-4536-bf57-d5cea4c6b5a2,1.6396813,1.2,11.071103,United States,Industrials,0.14665,0.24795,-0.071594894,-0.012312265583499182,-0.011674125375847888,0.12392098811120866,0.3765090869774479,,0.029854409845456207,1.3256743059901552,Korn Ferry
34bf3b18-75fd-45ec-8ddb-66bc4fead596,0.7040913,1.47,5.0890083,United States,Real Estate,0.0,0.69067,-0.11904764,0.06922388891239406,5.92733852853934,,,,,130.64052141818001,Redwood Trust Inc
b737de40-893a-48c5-a98f-c5a364a3ca0e,,,,,,,,,,,,,,,,Herman Miller Inc
e7d47978-5ce6-46a6-9473-20245e978d9c,,,,,,,,,,,,,,,,UNITED COMMUNITY BANKS INC
d80f191d-4051-451b-aeed-9d55d4a0586c,0.99645793,0.61,15.2,United States,Financial Services,0.0,0.0,0.17824674,-0.0084241897999906,0.01626051672879092,,,,0.017958113484215363,12.362750122300591,Hilltop Holdings Inc
dfa96b84-7b2b-42e3-b5dd-91ae6ae301cf,3.5607185,3.04,4.372625,United States,Consumer Defensive,0.16225,0.39659,0.46164548,0.04758732098538543,-0.025449953744950626,-0.017264203030904923,-0.3282916065947552,3.258875320860518,0.041671191436351084,0.6977133276906392,Coca-Cola Consolidated Inc
0e19b0e0-be3b-4197-bb5b-66d8e6cb9d28,0.3355009,,-80.102005,United States,Healthcare,0.18716998,0.71567,-0.60444444,,,,,12.910082879323383,0.020702614945517155,0.5485217989161206,WW International Inc
b0331b9d-1e1e-4520-a885-8ad451459929,,,,,,,,,,,,,,,,Independent Bank Group Inc
ec95448a-819c-4ff9-bdfe-8136c673367b,,,,,,,,,,,,,,,,Colony Capital Inc - Class A
880d346a-ff7e-4925-99fc-9fe87e5e75b1,5.4028587,4.03,17.095716,United States,Consumer Defensive,0.21681999,0.3738,-0.2357254,0.008106107775989413,-0.039910920314526366,0.07369558932589215,0.11208389124119011,,0.025616071532635825,0.6165235146180421,National Beverage Corp
69ca72a3-41e1-46fe-a2aa-a9993fded19e,2.7204351,,43.088154,United States,Technology,-0.08465999,0.59394,1.1935484,0.14777551335722006,0.028286505113963578,-0.5282250115002958,-0.0032660978397104357,-15.180335583832607,0.09767609476666501,2.2782343800630973,Fastly Inc - Class A
e1acacd6-679c-4305-be35-94ddb6a2f8d6,-15.3187,1.66,,Canada,Industrials,0.13211,0.20015,2.2763426,0.07693263733532185,-0.11605662892428814,-0.09042954031650341,-1.302656930426957,11.389150943396226,0.01599501411562904,1.3893591238392256,Bombardier Inc - Class A
92894731-6194-4d99-b72f-b3d60228997a,6.059746,3.61,20.703032,United States,Consumer Cyclical,0.14318,0.47515,0.1875956,0.041365582308510396,0.02134000836898231,-0.016768165744200147,-0.1856042611310893,9.845519864424695,0.03154121741115564,0.9289228783212569,Acushnet Holdings Corp
c820c2a2-16ab-4557-800a-afeaa52e83ad,,,,,,,,,,,,,,,,Mack-Cali Realty Corp
5e3ca1b0-b447-4aad-8514-21155ff25b48,6.9453177,0.17,-15.563381,United States,Real Estate,0.44824,0.61863,0.4619999,0.9149027337389666,0.8963413166470136,0.4178623246816058,1.7913729465668298,23.081045896071213,0.2765615837744913,2.9841743668314815,Uniti Group Inc
549947e1-379e-4421-bebf-6b7e72599758,-2.7141774,,2.486111,United States,Healthcare,0.56396,0.75203,4.8688526,-0.20627463381029287,-0.23552338801542805,-0.7364496616158591,4.581590507853346,8.733032485620098,9.681506538900582e-05,1.0118018007292353,Ironwood Pharmaceuticals Inc - Class A
562eabf4-6187-41bf-912d-acd0fd3a00b4,0.92317134,1.4,8.583974,United States,Financial Services,0.0,0.0,-0.006857991,-0.019873002407714613,-0.056262747434332794,,,,,30.378132012422085,First Merchants Corp
d8eb882c-49fd-4966-a9c4-a4ff0da26de9,3.519926,,13.667262,Canada,Healthcare,0.5153,0.78266996,0.8934325,0.24397662691107014,-0.06552870771550601,0.643531976744186,1.0352402915850867,,0.0009185537560186056,2.099996591293945,Aurinia Pharmaceuticals Inc
9d51a609-5dca-4bd3-a2b6-894339bed167,3.2581515,45.77,18.2304,United States,Consumer Cyclical,0.11429,0.22257,-0.11995059,0.11293004367481418,-0.20391380308130902,-0.13981824301581958,-0.5907095835132538,,0.015207904194323905,0.6523166718587547,Cavco Industries Inc
bba44837-eeba-4b60-a2ff-797d21de2eb6,1.6770592,1.64,13.768513,United States,Technology,0.19569999,0.79407996,0.6324278,-0.008169219547775386,-0.07420806310196026,0.05994842597084271,-0.06175627128386685,,0.009684903412704926,2.571835467350529,Netscout Systems Inc
bb7dec5d-5f69-42b5-b695-d60027340d73,4.469823,,,United Kingdom,Basic Materials,0.60122,0.64456004,1.1758993,0.2948742560952198,0.27283462342243103,0.625,0.9038156797331109,0.3827924604429282,0.12054347980502712,1.2804661775836432,Endeavour Mining Plc
c56cb5a5-98e5-41e7-b637-569052ccd270,1.3623726,2.15,-5.494095,United States,Industrials,0.01282,0.15536,-0.616188,-0.13616442482786606,-0.09678603330628588,-7.6002713529233565,-14.505373786652733,103.93298421559668,0.04305577594076737,0.7313548834141058,JELD-WEN Holding Inc
08e6a708-d513-4ccc-8f84-79345e54b100,5.8460383,1.17,14.410956,United States,Consumer Defensive,0.09443,0.38972,-0.493814,0.1289829560545379,-0.026167671237101287,0.2005423739171619,-0.06769808637382557,,0.032581435269058705,0.4557970458273669,Sprouts Farmers Market Inc
c39b51dd-7578-46ca-8323-bc78a2fb907d,1.2688001,,-3.1522079,United States,Healthcare,-2.07267,-1.52183,0.39205956,-0.36721931105575123,0.07552655162678379,-0.7465045951883463,-1.977750218437646,-0.3254589925237397,0.03235414954806902,9.060237777321282,Xencor Inc
0565183d-0428-4b1e-a998-6205d94e188b,1.2260334,4.7,76.03636,United States,Real Estate,0.57122004,0.69396,0.038748145,0.061994378373271264,-0.05143902358660446,0.05280764216006917,2.4267120373705606,30.304422760547688,,11.883834995933562,Acadia Realty Trust
980090ff-e0c5-4edc-a310-082a8de17b82,1.2091978,1.52,9.645798,United States,Healthcare,0.31292,0.55654,-0.47436476,-0.0020998027001263297,-0.0613190870104785,-0.03173915369389613,0.7912213846025814,10.546298802815473,0.008677281533331107,3.1622123753513605,Prestige Consumer Healthcare Inc
d8374c24-928b-4b0a-80f4-2bb4baed861b,4.479485,1.42,22.195473,United States,Industrials,0.20998,0.40612,0.28633595,0.14174101517213566,-0.01739641445785156,0.23453017570664625,-2.1288244766505633,3.676870058787756,0.04473673069917651,1.5149619241811525,SPX Technologies Inc
5233390c-9bcc-406c-bbac-88122253bef5,4.6414266,2.09,27.434181,United States,Technology,0.06953,0.10055,0.94381344,-0.02052051197570809,-0.086457176017537,0.037439598088023274,0.0667116741750442,,0.02411233925472182,0.7258485533340714,Plexus Corp
f0706188-5a60-404b-b394-9f1ff8ab115b,570.87915,3.17,17.062408,United States,Technology,0.099029996,0.8115,-0.41678363,,,,,,0.006731492289116134,1.3199750535356394,Commvault Systems Inc
c7971943-9fd1-41d1-994f-ed8361a7745d,1.2052099,0.47,7.2278147,Argentina,Financial Services,0.0,0.0,-0.26662523,-0.18803400933554215,-2.0971458909408502,,,,0.038723699911938296,4.5666508935434535,Banco Macro S.A.
7195c7d4-cb4c-4fb9-8e0f-2ab3f19121de,1.4695671,1.06,10.422111,United States,Industrials,0.16106,0.23607,-0.08674592,0.12720745741076622,0.09940428518510891,0.20945416557848007,0.4290272634052822,10.380776354134913,0.060167268600624574,1.330708686771469,CoreCivic Inc
b6224094-1b22-42f2-9908-8ab5a13a8810,3.218621,1.05,11.928393,United States,Technology,0.15968001,0.37458,-0.04776442,0.10329832152163831,0.15066559472034358,0.06587296139022647,0.13449432968136354,8.593620275945458,0.05323916309267179,1.241568650081098,Belden Inc
4998b837-90ff-498c-9e7d-31cfa4c48d4f,6.039507,,9.514434,United States,Consumer Cyclical,0.17870001,0.48106,-0.15846848,0.20895942518306265,0.21806925233499896,0.09855488607204732,0.15198831408200575,6.583398850350455,0.007526077670662794,0.7358422907797554,Kontoor Brands Inc
2d4ae8cc-4a19-48b0-ace1-aa308d4cb3d7,4.424542,4.21,9.191712,United States,Consumer Cyclical,0.08053,0.08607,1.0674579,-0.03025601241272302,0.22013784343603637,1.183098591549296,2.250212249848393,17.094926350245498,0.028206142798942853,1.0496573351172016,Dana Inc
cb9dcc5e-3d00-4ed1-a33d-00b216530c3c,2.9822545,0.86,13.199744,United States,Industrials,0.21982999,0.20086999,0.47754025,-0.0006369426751592355,0.0380437410580885,0.01648854961832069,0.060375438091123,10.84153765941128,0.1617693555618448,1.2960703263660351,Ryder System Inc
410538fd-bc23-42b4-b005-f2d0969b4ccd,,,,,,,,,,,,,,,,SeaWorld Entertainment Inc
585cc2a5-2ae9-41c7-b487-9f3f6bbc73a8,1.5140903,,-2.7272837,United States,Healthcare,-2.7572699,1.34452,0.3905053,-0.0030372057706909983,0.3995503132551842,-0.3829787234042553,-1.0831285617695354,,0.021252796420581657,9.710850111856823,Arvinas Inc
b037c9fb-4030-4d40-aabf-1413db57fdac,4.4912014,0.12,26.557722,United States,Basic Materials,0.17431,0.17485,0.52467537,0.11320923572579211,0.3219129164324338,-1.0753990093560815,0.9633625677325652,13.831186139493559,0.05474678914650341,1.1838702770386385,Compass Minerals International Inc
d53d913e-a9e2-492b-9252-ad08e4a76c40,,,,,,,,,,,,,,,,World Fuel Services Corp
48818b4f-7d7b-4d56-a54a-40c7e1d44ffc,,,,,,,,,,,,,,,,Euronav NV
a8496a6e-70db-4952-a191-5c5806ccecb4,0.95135134,1.17,25.500778,Switzerland,Energy,0.37657002,0.42174,1.7181468,0.19315673289183222,0.09335090764911369,0.16167664670658688,1.141439576222185,13.81847281309669,0.021980676328502414,3.9117149758454106,Transocean Ltd
083316e8-69f9-4410-92c0-7f4c191a22ca,1.931031,5.74,23.045593,United States,Real Estate,0.39889,0.64182,0.048976183,0.2525983216343335,0.1264743043465908,0.14953200219137197,0.11192515450057994,25.834107829910558,,6.375834380306063,LTC Properties Inc
e282b46d-cbdb-4e9d-ab2b-69ae7e8f755f,19.439478,,-26.453144,United States,Healthcare,0.0,0.0,2.647884,,,0.6355865735500628,0.1195272210830749,,,,Revolution Medicines Inc
09c4a746-7e1f-4ee6-9177-9eed1971d109,4.629119,,37.057713,United States,Consumer Cyclical,0.11419,0.40442002,-0.48525906,0.151788497452491,-0.0648718189955535,0.08196031753134592,-1.266148013126353,,0.12318654787258242,1.2433497746590647,Shake Shack Inc - Class A
3b8d4e37-e1c3-4647-a493-2b50a1a42b5b,2.7615843,,11.42027,United States,Energy,0.66928,0.80487,0.3220036,-0.003070934716229212,0.27283106074790076,-0.04904116156056226,0.2900993323339477,0.594582618951929,0.35564928854415684,2.1885316683034457,Magnolia Oil & Gas Corp - Class A
4da5a2ba-0931-4fbb-adf2-fc30fe7b22f5,,,,,,,,,,,,,,,,SJW Group
3c724af4-aecc-4cd7-a35a-dc57badb0abf,4.265892,,13.983695,United States,Financial Services,0.44069,0.60234,-0.506376,0.1802437879247123,-0.25690134456368874,0.27862415371633964,0.509913665382932,0.03873123351351392,0.009878189828748211,2.5031222991842212,Hamilton Lane Inc - Class A
795806f8-af9d-4809-9c98-28d890d1f2b3,2.3900743,1.17,12.393704,United States,Consumer Cyclical,0.1808,0.40912,-0.109202445,0.0415172978892715,-0.07155500957853378,0.020055064236883968,-0.4553678507688924,4.131714951715225,0.016469762681470913,1.1564810498584288,Dorman Products Inc
4ea0bbf2-ae56-487c-bf8d-1cf89e263f0d,1.8959452,1.01,11.354177,United States,Consumer Cyclical,0.10929,0.13384,0.29728782,-0.02225594334850789,-0.03130237872081332,0.08201058201058209,-0.614190687361419,,0.03537486800422387,0.8748020063357973,Visteon Corp
3e1d81ea-5766-4675-a4d2-e2df028749d0,2.1441436,,10.465112,United States,Financial Services,0.0,0.0,-0.020504117,0.14174956619088785,0.2967583499564733,,,,0.010819605108424722,32.48558788155841,ServisFirst Bancshares Inc
a7a409f7-747a-4bf4-b7e1-adbef84263fe,5.1664033,1.15,18.070175,United States,Technology,0.06661,0.085389994,1.8922207,0.07399969980159415,0.8945200094419767,0.02112180689608123,0.42155670575544324,1.7887583652107877,0.021436801248790646,0.6734473930265058,Sanmina Corp
423c0ff0-878a-43a6-988a-045c4318a37d,1.9711853,4.55,9.793714,United States,Technology,0.23196,0.69303,-0.6572213,0.17834155213911074,-0.1325856413814055,0.17071297825795795,-0.12167212305132469,,0.03610396362681423,1.5125935595756708,SPS Commerce Inc
a6740163-578d-473b-8251-2d04ac3c88d2,1.2512769,0.26,1.963928,United States,Technology,0.085719995,0.23472999,-0.52427185,-0.03202048209198549,-0.03984056854261142,-1.2462224885051993,-0.5920340557400277,18.396391456089795,0.01815712104248802,0.786384059500523,TTEC Holdings Inc
b3e619d3-0ecf-45f8-a0c2-d416c03b66ec,-2.5439496,2.53,19.790865,United States,Consumer Cyclical,0.098290004,0.2049,-0.1584686,-0.03573794793588836,-0.01869780888274708,0.0704391380093925,-0.5092694966153667,13.953598700674394,0.036956806098472475,0.4356934861774088,Papa John`s International Inc
d26e3728-c956-4854-9cc1-ddf5efe6b74e,5.1798563,1.5,17.955112,United States,Industrials,0.25944,0.52406,-0.16307694,-0.01952100880884855,-0.12319953741607426,-0.12669148277804976,-0.3104646073445646,24.38075431988885,0.16313378881255758,2.6245270648847194,WillScot Mobile Mini Holdings Corp
c0283cf9-dff9-4551-8878-b502cb595c6b,4.7342234,1.66,20.085299,United States,Industrials,0.20254,0.29023,0.15836024,0.17136717700778936,0.1482021224889407,0.22651448639157157,0.15708409630326892,2.8185075885328836,0.012252914304862646,0.9287239419192667,Federal Signal Corp
18dc260d-6261-4665-9ae7-d5e3a8e8dae1,0.5649764,8.66,,Germany,Basic Materials,-0.24279,-0.34639,0.10200369,-0.0014234485779200945,0.316360397101636,0.4981257809246147,1.1883590170762182,-0.06754675467546754,0.150267094017094,2.0810964209401708,K & S AG
5564c388-e8d0-4ee2-8865-070681cfd36b,,,,,,,,,,,,,,,,Argo Group International Holdings Ltd
38603d62-3f60-4a00-8a0d-66756865e448,1.7364684,,25.089745,United States,Financial Services,0.0,0.0,0.3020625,0.10469285014050389,0.6533270691938323,,,,0.03794753086419753,41.68740837191358,Columbia Financial Inc
d22ad524-a5a4-4ea5-a0a0-6653c82c51e8,17.406818,,52.061478,United States,Technology,0.18765,0.54471,5.342294,0.20220713434360627,0.18722263252817628,1.7872120817036072,2.9640605300611726,,0.06598281457381255,1.754425739577476,Vicor Corp
e881dfce-a54c-4103-a27b-4d6f1e2d1f22,3.9173832,1.16,16.145569,United States,Industrials,0.23208,0.37576,-0.0027365088,0.05517430688992597,0.03248711753606992,0.27988804478208706,0.06670745928257005,0.38357374153664997,0.03969392721883287,1.246993946781312,Mueller Water Products Inc - Series A
1943d57e-d637-46fc-982e-9a484c22780c,2.3001947,0.48,6.647887,United States,Technology,0.051220004,0.65707,0.3111111,-0.018711275481847922,-0.13132864361964436,0.9089607911172797,1.0222804445557545,26.838382483162047,0.02167826520746523,0.9277048795636295,8X8 Inc
e3290a12-a5f0-4340-a5be-19752bffaa01,1.363069,0.98,10.544133,United States,Financial Services,0.0,0.0,0.26819086,0.0309199429346112,-0.024899746016553648,,,,0.004588420813613547,20.14297216013861,WSFS Financial Corp
bf470510-0bac-45f3-ac31-e731f3c2aa20,0.5007387,2.87,7.5135837,United States,Consumer Defensive,0.12314,0.41019002,-0.44066012,-0.006233758129473188,-0.05019164006007404,-0.2255350217733209,-0.4625087596355991,18.1882951653944,0.032138221667975066,1.6886330307668667,Edgewell Personal Care Company
3d0bce9b-30ba-4348-9dc1-6a5858c94fb3,5.908992,2.28,74.71852,United States,Technology,-0.17721,0.59192,0.28174353,0.25782650547082664,0.7007104986312929,-0.31246289199546606,-1.8221596186040703,,0.03970801113040584,1.8932836783724198,Ambarella Inc
933eee13-9edf-4d19-b2fb-200c38adbeb1,12.525876,,300.5405,United States,Healthcare,-0.080249995,0.78083,0.5024518,0.3232519994471694,0.299042874671714,0.1646816698329192,-0.964177572512847,,0.04769030211630459,1.7108714510899115,Glaukos Corporation
e300d81d-2c41-4713-b68e-024088ee3272,2.6130803,1.97,13.701233,United States,Industrials,0.10175,0.27839002,-0.10795456,-0.07380651728381482,0.16001247037683441,0.14627826331750882,0.2998291328248526,4.60954332849479,0.03954674368917512,1.3199621038152431,Worthington Enterprises Inc
4543908b-54ea-4994-b3d3-73695f1278fe,4.8287964,2.85,23.0559,United States,Technology,0.2243,0.41368,-0.53059375,0.10901231371543196,-0.3337524549784944,0.14666449261259928,-0.5209473489978014,,0.017270546157765493,1.075875458671448,Badger Meter Inc
94f4671c-cf52-4784-91d7-840ada3c3b5d,-14.817997,1.72,19.139982,Canada,Industrials,0.13211,0.20015,1.8961833,0.07693263733532185,-0.11605662892428814,-0.09042954031650341,-1.302656930426957,11.389150943396226,0.01599501411562904,1.3893591238392256,Bombardier Inc - Class B - Class B (Sub Voting)
be902afd-7674-4e38-b316-91840d67cc2f,3.3552446,1.39,6.540793,United States,Consumer Cyclical,0.23626,0.58101004,-0.17249191,-0.014982784461062493,-0.13152636756421132,-0.1084258574897865,-0.32996418134214056,4.8885985510170755,0.01338113374315169,1.0726382750149124,Crocs Inc
4ebafb71-b2e4-47c3-884f-76230d7b5b5a,0.26725265,0.06,3.5332572,China,Consumer Cyclical,0.02039,0.50875,-0.25903612,0.05937093518164471,0.006563624059500395,-0.6565383466683434,0.5758204256050068,9.787818710854664,,0.9758616039434723,Baozun Inc
5099102b-2df1-40d3-8e51-c4ac55db5eca,9.826741,1.59,32.148407,United States,Industrials,0.25287,0.29735002,0.73488605,0.0821079872956123,-0.2725942686765992,0.5381165919282511,-1.0750302615330063,2.24755180582105,0.07118330692023243,1.1615491283676704,Carpenter Technology Corp
9f562a7b-0c0b-417f-a3a0-c38f3cbaecf5,0.8725188,,8.290998,United States,Real Estate,0.0,0.70891,-0.06873822,0.009684894337604666,0.2177547288780275,,,,,23.008468972533063,Ladder Capital Corp - Class A
ef9fc646-5c1e-4127-a741-34b2ac81644e,0.916291,4.09,10.231293,United States,Financial Services,0.0,0.0,0.2876712,-4.339706422060225,1.3023771472597505,,,,0.02615871744945681,45.040364500691574,Capitol Federal Financial
b69f365d-e38f-435e-87eb-a9ecddf3e5dd,0.8483227,0.51,6.0751634,United States,Consumer Cyclical,0.05752,0.17115,-0.23411983,0.04714752801275268,0.03231557153446929,0.11312955509626899,0.6603074127087957,20.278842431281454,0.012959612893957981,0.6238497675535329,Asbury Automotive Group Inc
75eedcb0-0a0f-4c3d-9cc6-80c22045935f,1.3488666,2.2,21.325935,United States,Consumer Defensive,0.28037,0.33773997,-0.20880932,-0.26055863279614855,-1.2999124894685339,-0.5885994248469479,-4.461838915502612,,0.04896975183064994,0.9071175219335325,Cal-Maine Foods Inc
829add44-2cef-44de-96f8-ab243745f40a,3.1370838,3.2,15.496404,United States,Consumer Defensive,0.19708,0.59213,-0.3277678,0.024914533592687693,-0.1946962419808982,0.019237664280503886,-0.24315472624940893,1.046461018238114,0.01833497846547646,1.0461885653838219,Inter Parfums Inc
ef6f0ff3-46f4-4068-ac79-58c1a1fb9ff0,,,,United States,Financial Services,0.21449,0.29619,0.7012397,,,,,,,,Pluralsight Inc - Class A
e87e761e-fabc-4973-9adb-995b9045ccba,0.6580209,0.17,9.622865,United States,Consumer Cyclical,0.04724,0.1304,-0.20867658,-0.0589540945014293,0.35588399367842527,-0.012701100762066098,0.6557295116147865,11.992005813953488,0.010609442176653099,0.7266781195720857,Winnebago Industries Inc
6017ec59-ad1a-4e2a-921d-159730c4d215,,,,,,,,,,,,,,,,Spirit Airlines Inc
a4e86979-6e09-49fb-813d-9f3e9f72d31c,,,,,,,,,,,,,,,,2U Inc
f9d753c3-36a1-48dd-8f3d-8a42318ade95,0.701488,1.64,6.654453,United States,Consumer Defensive,0.16638,0.33856,-0.6800554,0.07133740842313974,-0.15685391691880646,-0.21917996525911954,-4.471868951594967,3.3681410579215094,0.020170059765232225,1.6598486945420448,Simply Good Foods Company
e1bb09b3-5719-4c55-b7b6-b8c58378cae1,0.78209525,1.55,23.38279,United States,Consumer Cyclical,0.07229,0.34767,0.14451706,-0.04049462175694729,-0.015521988220376315,-0.08392277420959648,0.39063625252525846,2.2756438851454464,0.023350015941218997,1.3580382086170573,Monro Inc
ef51fbbd-9c08-4cfb-a582-7c85f517eb3e,1.4552133,2.52,18.727272,United States,Real Estate,0.25064,0.28105,0.3324709,0.012983955456675078,-0.060269943932542924,0.0705592445589811,0.07672375415844135,14.242951679958628,0.06835201603974993,2.7187800996601474,Diamondrock Hospitality Company
1f5f1968-5544-4d92-89e8-1059beea1270,4.4065647,36.41,47.700153,United States,Industrials,0.05738,0.22886999,0.4827783,0.18525037402094524,0.03073629186576321,0.207741935483871,-1.858656292816598,,0.06734030525720747,1.67486927642736,Kratos Defense & Security Solutions Inc
7adab9c4-9cb9-4f94-ba5e-99ea819b7816,,,,,,,,,,,,,,,,Hillenbrand Inc
78a061da-c2bf-400d-b5fd-72d9974a0243,4.2818413,1.53,18.776752,United States,Healthcare,0.48983002,0.83161,1.0245941,0.3936746706530878,0.934900941570439,-0.5954461160090047,3.711534949040029,4.294494973067753,0.041220361707398824,4.455260204899518,Ligand Pharmaceuticals Inc - Class B
cd2226bc-72b2-425f-a2e2-89b964d6fb4f,3.600235,1.83,22.590069,United States,Consumer Defensive,0.06256,0.1757,0.49511826,0.09651979710914249,0.011487556085634232,0.12375393649515787,0.04239865646095531,0.03148066732998588,0.033233928828516175,0.41817688203007214,Pricesmart Inc
ae35693d-6603-41ec-b143-0a0da09d6192,1.2527144,,-153.83333,United States,Real Estate,0.74913,0.87367,0.17131984,-0.13076152216682202,-0.3073558572325593,-0.025392416835279152,-0.20420014679189324,31.027933267809036,0.07070953213798854,10.52966668764274,Global Net Lease Inc
32aa8564-f9c6-43ff-a0e1-c3c253c164bb,9.296864,1.39,45.339314,United States,Technology,0.16361,0.42200002,2.9459374,0.15155586923278763,0.43315734849229925,-0.04641054527068378,1.4010225986337177,,0.119395414941709,1.44823830449356,FormFactor Inc
b9bc16f6-9740-420a-b189-817cc67183c9,-33.75,,,United States,Financial Services,0.0,0.0,0.039461017,,,,,,,,Lionheart Holdings - Class A
051b3d48-fbc0-4a24-9f45-ba09ca8d14cd,1.8183239,4.15,9.722687,United States,Financial Services,0.0,0.0,0.11281073,0.035669531998114734,0.05056523383354117,,,,0.011825439702263041,20.489444519478962,First Bancorp PR
a7d800e9-da99-4cb8-ab50-fc27f030fded,3.584954,,12.398231,United States,Energy,0.84412,0.88319,0.030147076,-0.08099295261696021,0.32215814774572127,-0.11982238604471351,0.19401483930763463,1.1602405354248038,0.29038619911429725,3.116174656595914,Black Stone Minerals L.P.
322eaac5-aa51-4649-8654-48b8eb89a59c,1.3610675,11.21,6.2642145,United States,Healthcare,0.16504999,0.79335,-0.1342256,0.038501995620598084,0.037810918869026766,-0.12205064119729836,-0.22324811375373477,7.800722247872832,0.012939809270831066,1.8058749646193037,Pacira BioSciences Inc
9d1ce95c-d42a-4407-94a7-fe0ee2b39ff9,1.0999192,0.62,7.4641356,United States,Industrials,0.13651,0.26057,-0.42518276,-0.022577884580486263,0.3563278716556151,-0.07399541245433694,0.014269054586470875,,0.03703938517543292,1.1549346802854696,Gibraltar Industries Inc
c77e9e48-7eae-4134-a45f-13492c6d0f50,1.0632321,,9.668909,United States,Financial Services,0.0,0.0,-0.04562199,0.2046722530247398,0.19301100612799504,,,,0.05677115648053194,21.416387835169612,Townebank Portsmouth VA
e06537d3-e0e9-4444-9e43-cb7523bf3fe7,2.6676946,,4.9428573,United States,Technology,0.05435,0.75023,-0.49709302,0.04114295042070437,0.05220448009459333,-0.9931692332565377,498.3452803163604,,0.005725750548489731,1.330151528304707,Yext Inc
3801540b-3431-4168-9e29-d04396f62f66,,,,,,,,,,,,,,,,LIONS GATE ENTERTAINMENT CORP
6e1e3082-fe50-4ad8-9470-54607b47b821,0.59492975,5.82,5.3663716,United States,Financial Services,0.33706,1.0,0.023632646,0.13675560241126705,0.24930214669009299,-1.610391721816304,-0.24285204300338137,33.10731419433445,0.003866850792824244,4.147854583271648,PRA Group Inc
7d75c0d2-fdaf-4a9d-a7dc-da0c15438de0,1.1987873,2.29,10.516479,United States,Financial Services,0.0,0.0,0.19822073,0.1394042377771233,0.4062945063185024,,,,0.02533573591975408,23.39101761803778,Trustmark Corp
ea710336-4f3f-4b1b-922d-24e7de8b2612,-0.47946492,,-1.5685072,United States,Healthcare,-0.55532,0.12909001,0.49658537,0.005714797193552501,0.07600650683359478,2.881848560992669,3.0317498567106975,-7.184821077467558,,0.7233387154409138,Karyopharm Therapeutics Inc
90db59f3-3686-4a31-9313-86d4dc71e652,0.7608892,1.23,7.5628743,United States,Financial Services,0.0,0.0,0.35369778,0.1485438130735961,0.1711595084123685,-0.24449880133315138,0.898081321136496,,0.03340514090879726,2.6552556789881603,Green Dot Corp - Class A
2b389995-fef1-4117-9272-54d4c5fd5ba7,,,,,,,,,,,,,,,,BGC Partners Inc - Class A
c46d3b1b-f040-43f4-973c-72cebed9fd8b,1.1054212,,6.932025,United States,Financial Services,0.74331003,0.76014,-0.01726842,0.08520963299440365,-0.044959398174307275,,,2.5118844395822286,0.008616251113038249,5.256615734813318,NMI Holdings Inc - Class A
c6f39a14-bb50-4d4b-b5b1-8f2c245b0f34,1.2926552,,32.804123,United States,Real Estate,0.22391,0.26327,0.31054366,0.022431271566866418,-0.005471499764930554,0.047277296844456806,0.18124408584194962,20.711915281793168,0.0640490483357703,2.609025661161076,Xenia Hotels & Resorts Inc
cf006c40-d8a9-4dcd-aa1a-42cecfa254ec,1.2517737,1.16,8.885457,United States,Financial Services,0.15616,0.38762,0.023430347,0.06639531925718645,-0.02032459010628407,,,8.92939858050056,,8.73252914924988,Horace Mann Educators Corp
479a0410-df05-47bb-bc5e-64525fa85252,1.821062,,6.64091,United States,Real Estate,0.11837,1.0,0.23986197,0.1556981320965254,0.28977416160417646,0.1943132331607086,0.4017210624507921,16.067580594167364,0.008452255015135097,1.4904359074123663,Newmark Group Inc - Class A
a384870b-0fb7-4742-9e50-03ce40a16d91,2.223394,1.12,15.941511,United States,Industrials,0.27635,0.48074,-0.034723997,0.036547881204291865,-0.29262031713238557,-0.010823653643083464,-0.1701088700916238,8.303414004369682,0.23686323831705366,2.4840442981956583,McGrath Rentcorp
8d5ba261-3983-4a6d-8f0a-ef8bf29f9a9b,20.821554,2.05,54.87329,United States,Technology,0.21884,0.55684,2.0653718,0.2249721264842912,0.26461103224135984,-0.08783772503408549,0.7225054674336532,5.896521001841878,0.08701303987942575,1.9153040441011693,MACOM Technology Solutions Holdings Inc
f4a21faa-e975-4cf7-aa30-cad793de22c3,0.19193415,0.12,24.411764,United States,Communication Services,0.20805,0.24700001,0.053299546,-0.15065861690450055,-0.043204862823978285,-0.5094191522762952,-0.052318560560318916,25.265210608424336,0.03505355476904495,3.371551514371729,Gray Television Inc
e7f7565c-338f-4c6a-8788-3f8cc24d1a57,0.9871144,0.35,4.400249,United States,Consumer Cyclical,0.14893,0.16065,-0.38239646,-0.01723037651563497,-0.0535489296078171,-0.10244470314318976,0.07274215082475555,18.982161594963273,0.0686044687621994,1.431082967402827,O-I Glass Inc
be37672d-e6ba-4a43-b36b-474bab0e29e4,1.3423179,1.85,18.661097,United States,Industrials,0.08929,0.11378,0.04563272,-0.060961289301703636,-0.3149082627351243,-0.1658511181857485,-0.6162292910640492,1.608837109663585,0.012555278517671893,0.7636790999772207,Hub Group Inc - Class A
fe8f7f14-054b-4bb9-9f88-a26a53090783,3.4822648,,18.272932,Canada,Basic Materials,0.53564,0.59734,2.5950704,1.2446547475209844,1.325160450639753,4.893199388512776,6.505871961251904,0.0,,2.862323569771191,First Majestic Silver Corporation
e3f7b90c-ec2f-4bd6-bd65-e0a502f064c6,6.6478105,,9.101811,United States,Financial Services,0.34067002,0.45791,-0.15239644,0.09332592450937582,0.1116026527394407,0.1046481229739622,-0.32772726425911536,,0.0008187784355779564,1.2361000295643634,Artisan Partners Asset Management Inc - Class A
f2feabcc-d604-4224-8372-e1880c4ccc55,9.7312565,,16.13234,United States,Financial Services,0.0,0.92302,0.04681337,0.2697688241129468,0.17550852398124384,0.10828651331536121,1.2512520382512087,,0.03007615164470954,0.9623705120232658,Moelis & Co - Class A
ebeaeec1-d272-4af0-bda7-d96aa2d3ff60,19.76744,,Infinity,United States,Healthcare,-0.054180004,0.62801,-0.5572916,0.07359739404650512,-0.10631939026139303,-0.9512871897641437,1.0493463568105372,-64.05033680342927,0.0021033494346833696,1.6134564600031849,Heron Therapeutics Inc
f1e9e9d0-1c34-4e48-82e3-a5587af1a6fe,1.0779433,1.83,9.35426,United States,Financial Services,0.0,0.0,-0.033662736,0.031646429828051215,0.09690916534400296,,,,0.01439852810902632,24.791661591717723,Banner Corp
3708f0f7-4056-483d-a438-dd9c4c62048c,,,,,,,,,,,,,,,,PQ Group Holdings Inc
b1160e7b-2210-4bc4-9750-f92ef1e7f5f7,1.8854269,2.09,14.596805,United States,Financial Services,0.0,0.0,-0.17820871,0.06455625146170674,-0.00036408982901892095,,,,0.06915857772847517,20.442538911924665,Bancfirst Corp
bf0a2d05-5ed2-4ea7-8586-89411a813e9e,0.9517486,,42.097904,Israel,Industrials,-0.102460004,0.43708,-0.35185188,-0.030331488071701607,0.21199329631831376,-0.6667902404196016,-0.35887494689072286,,0.10202441083589597,3.677257413019315,Kornit Digital Ltd
5d90f187-776a-442d-aa23-14f106d3fcf2,6.1015162,1.32,23.15944,United States,Technology,0.59198004,0.84656996,0.19787455,-0.024184468925023905,-0.2246982371264421,0.07742083524552545,-0.909052450559567,0.0,0.07109939840663228,2.491089859004112,Interdigital Inc
fdd23c52-1738-4264-9410-0f5655646615,0.85556245,,11.269311,United States,Real Estate,0.76247,0.88461,-0.053148568,-0.07057607803610894,-0.257898556257086,-0.07605952585067782,-0.22127441678022597,4.986183633609694,,8.895689955003133,Innovative Industrial Properties Inc
eca3010a-de45-4dd2-9ed8-a66c2c87352f,3.4178698,0.65,-34.579403,United States,Industrials,0.09985,0.20545,-0.5257174,0.008429180094913225,0.1923376982601802,-1.2031203123585184,-0.7049935266011504,25.707449972321736,0.01181711952453223,1.1240609805772077,Forward Air Corp
29bcb946-e09a-42b9-8c33-ccfab4014132,0.9398795,1.79,9.859975,United States,Financial Services,0.0,0.0,0.09027588,0.26836383747165793,0.48623177092413616,,,,0.0344679196645443,25.138977626632112,Renasant Corp
e672281d-6148-4bc8-83a9-47771a39eb81,,,,,,,,,,,,,,,,Adtalem Global Education Inc
451b4b3a-07ba-4a43-be7a-0d488595783d,6.430143,1.26,28.611673,United States,Technology,0.25899,0.54186,1.7063334,0.0950537682806527,0.2833926080740038,-0.16719197893562654,0.21277855620983954,,0.02315630157553128,2.205253969893443,Onto Innovation Inc
2f97fb03-5c7f-406c-bd92-fc0896e75c7b,2.3458457,0.93,4.5886245,United States,Technology,0.33469,0.85251,-0.55779934,0.08491746575293146,-0.11242159312573463,0.16403311835952583,0.13608488539822594,15.763208688812247,0.007206249573923027,2.4523056138832793,Progress Software Corp
562ae81a-bc7d-43ba-b27c-5d5d9af3bf5c,1.9579258,,12.197004,United States,Industrials,0.0996,0.20871,0.08249521,-0.09000554456526033,0.14322499297636293,-0.24215977214850293,4.372144456448577,4.621132724071434,0.02425172669761015,0.992180470725796,Atkore Inc
7629bc78-7b10-429d-8cde-043b871c4321,,,,,,,,,,,,,,,,Colony Credit Real Estate Inc - Class A
f2f1f1fa-c184-415f-93ac-6951765908f2,12.94078,2.51,17.669485,United States,Real Estate,0.4491,0.48133,0.040463448,-0.027369571155422046,-0.12040503035644812,-0.2365286967225727,-0.8949560639987605,29.796286751170253,0.09125094482237339,5.697345049130764,Alexander`s Inc
6095bdd8-95ee-4cb6-95bb-cd3a3258ee56,1.2152928,1.89,-17.978495,United States,Real Estate,0.14329,0.17652,1.6289308,0.02837049217380727,-0.1514557133063945,-0.2671118941690618,0.019489399298890486,44.112905813086066,,2.976885285450904,Diversified Healthcare Trust
56ddde26-8b69-4607-845e-cef205c3c97f,0.91730875,,,United States,Financial Services,0.0,1.0,0.040792584,0.38562586362080875,3.7998758031527187,,,,,28.859453221175894,BlackRock Enhanced Equity Dividend Trust
4409f414-efe8-44fa-a736-347229da36a0,,,,,,,,,,,,,,,,Scientific Games Corporation
80985f79-3187-4911-a1c8-22337cb72f69,3.4690108,2.37,19.085451,United States,Industrials,0.06226,0.21191,1.0954494,0.07755238601572945,0.09275132531235464,-0.028284430346286027,0.22147636833563888,13.527027027027026,0.004239647284150972,0.6827089999488577,Wesco International Inc
693c5ceb-1254-442c-b07a-aeefd1566e4b,1.4397773,4.62,12.521536,United States,Financial Services,0.0,0.0,0.08471155,-0.10693720346991697,-0.3430278246657925,,,,0.00884537527863326,23.30113560283241,Westamerica Bancorporation
6bdde015-6d59-470f-bcb6-2f7f4943f158,3.8824675,0.4,10.828379,France,Basic Materials,0.10626,0.15317,1.6241777,0.15187457396046344,0.32630465646437146,0.5571955719557196,1.3392939380781328,7.836670179135933,0.03728585691059521,0.6142089131623724,Constellium SE - Class A
7a242b88-9d43-4482-9030-bf225374e9db,-0.5217391,7.22,-0.3356009,United States,Technology,0.05333,0.71737,-0.8126582,-0.21996070073030072,-0.000813459083059076,-0.42645590043023973,-0.08876251916101119,103.37997616209773,0.058165747167348875,2.2950936024881567,Liveperson Inc
228c6208-61c6-42b1-a908-31304607332a,2.7917383,,12.924302,United States,Healthcare,0.059899997,0.7104,0.72736955,0.6691881145058325,0.5508147261211482,-4.498270616076769,-4.03543915879793,,7.287633796401731e-05,3.804707355955363,Theravance Biopharma Inc
f4f51f6f-7670-49ad-ba33-c4ab01b7c268,-3.7567935,,18.755936,United States,Industrials,0.03496,0.15722,-0.17585695,-0.034361327499733196,-0.13921440824353393,0.11156186612576069,0.3831787120739575,217.37171052631578,1.1822886629480764,2.5999424765501646,Hertz Global Holdings Inc (New)
c963356e-c231-4078-8a3d-9a77a28ef725,4.5240226,3.41,15.593143,United States,Industrials,0.23927,0.29714,0.7380892,0.10873081533849538,0.3339547909422834,0.23687049845252606,0.5149074072931337,,0.0158871776638539,0.8497964952486659,Mueller Industries Inc
6e35e47c-8f1d-4858-a051-6a61e776f04e,-1.3554987,1.98,Infinity,United States,Financial Services,0.0,1.0,0.25272727,-0.026806624289059888,-0.02932258301717905,,,,,151.43373198392453,Federal Home Loan Mortgage Corp
572a0e53-1c8b-4f7c-9ae5-06803310de50,,,,,,,,,,,,,,,,Heartland Financial USA Inc
6da28a2c-cdd9-4050-858f-c1b7da0a7922,108.566605,1.44,38.03916,United States,Industrials,0.1713,0.25128,3.2377086,0.34968310427213845,0.3070947278557479,0.7652674838697044,0.693283406071016,,0.02764173709746445,0.5974211367846353,Comfort Systems USA Inc
824fcb91-ad79-4e5d-bdf5-20900a6f4911,0.6085838,0.77,6.4909744,United States,Consumer Defensive,0.08809,0.77553004,-0.40206188,0.005295202674465038,0.16050104956690947,-0.1834023016184066,-0.11521272656204751,,0.014928677575987974,0.7966608923294914,Usana Health Sciences Inc
8a10397b-12c2-4ff7-925c-fed2aa98aa44,1.3001624,0.38,6.5991626,United States,Consumer Cyclical,0.04808,0.16054001,-0.28942358,0.11529230097853271,-0.11964908270772767,-0.03285673705141556,0.14325436115684853,19.78878193261755,0.013429329385973625,0.45646036947478696,Group 1 Automotive Inc
a0877749-475c-4b5c-9689-77328734be1f,0.48085698,,-30.181818,Canada,Healthcare,-0.08773,0.36027,-0.3386454,0.2182082687642033,0.1654531786254121,-0.9928832718938769,-2.707431348633558,-0.16532763097601955,0.058094219711974454,2.1592765973541197,Aurora Cannabis Inc
b3bc5315-9463-49e2-b7d9-375853632b57,0.3816794,0.55,5.590468,United States,Communication Services,0.13885,0.49657002,0.29890454,-0.04522874769649865,0.07899615457361209,0.2885084026318101,0.08944271461197917,16.450239621281977,0.014487786015511048,1.8379633495269163,AMC Networks Inc - Class A
5330d06f-eb58-4a79-a434-4f09aecef957,2.2589257,,4.905797,United States,Technology,0.041550003,0.85032,-0.5802852,0.053576585190556525,-0.1079852565917856,-3.7288065560223127,-3.2130647708222506,17.76352176674647,0.024716473985096993,1.947334931473119,Pagerduty Inc
b9c6ae3d-0c6e-41fb-87ca-f8f60acc1fcb,6.4487805,1.23,13.370973,United States,Consumer Cyclical,0.08908,0.40495,0.09075904,0.04749338233056433,0.01441263426070627,0.32494872243333917,-0.2064613408387308,5.103040508950324,0.038806692228916695,0.851351964380726,Cheesecake Factory Inc
9fcf69e0-6e37-496a-a537-ebf89611295e,-0.2209619,0.89,2.909124,United States,Consumer Cyclical,0.15954,0.26994,-0.5052344,-0.06745471601330355,-0.21079997780136117,-0.5860605316802017,-0.3732663934627921,28.64711828803991,0.05932555896221609,1.7089092336206833,Jack In The Box Inc
3121aaa1-6336-4bd0-95f3-b1f2dba11642,9.851129,3.8,34.946472,United States,Technology,0.41914,0.80411005,1.2764738,0.20712096929846435,0.06724607120751513,0.0301920729748828,-4.727482300446528,,0.04243886496036092,2.05811300418786,Rambus Inc
ae849c4c-e9f9-48f7-a109-84e69a6dc7ab,1.436023,5.96,5.3142114,Canada,Basic Materials,0.57473,0.62841,0.71227694,0.3625844989599838,0.3396759588881164,0.5506539763464187,0.13549249050180134,1.1472195598738288,0.5326283598140445,3.2835760567087906,Eldorado Gold Corp
84ff4b94-df46-47f8-93ea-9087ca707964,1.2251532,,19.564075,Canada,Energy,0.51243,0.61355,0.9692308,0.0704314511472921,0.4793483463227557,-0.21006065104230098,-0.4001511867711458,6.220531814529185,0.22732347340562398,3.374106440574911,Vermilion Energy Inc
fded1fbd-99be-4779-9b3f-f29fc2073b73,1.2650701,0.52,7.857721,United States,Financial Services,0.83788,1.0,-0.13094574,-0.06773763186488235,-1.3776359193246686,,,19.068992638134077,0.00018033679179866357,8.162534614565166,Hercules Capital Inc
68a2dfdc-7d35-4444-8b85-a12c5808831e,0.57073164,2.48,18.89305,United States,Consumer Cyclical,0.09275,0.15328,-0.4209146,-0.10584551350304905,-0.29685849192426395,-0.1931945630157853,-4.09412350822504,9.179917753593465,0.023117780452610644,1.0201659944656687,American Woodmark Corp
a7357894-ab79-4c5b-ac56-a83134c410ec,73.06417,,20.614172,United States,Industrials,0.35992,0.36166,0.9441993,0.4816866741367294,0.0016628161783900364,0.1353570199317875,-0.7653716022789556,12.017637111884456,0.17960765517803526,1.5200797981933392,FTAI Aviation Ltd - Class A
8528d065-4de2-4ba7-b664-69972e932f8d,1.0356287,2.29,9.289428,United States,Financial Services,0.0,0.0,0.055118084,0.10128007775283143,0.218327080618947,,,,0.01871222030073624,24.97367835797181,Northwest Bancshares Inc
ef814b8c-2ed7-4816-800c-c46da3eabc50,3.1241233,1.17,15.65572,United States,Basic Materials,0.098129995,0.13559,1.3270104,0.11541005291005302,0.5231687346421438,0.30028214429665456,-0.21610522469857507,11.41811175337187,0.031898228176318065,0.7062716076058773,Kaiser Aluminum Corp
625283ba-8363-4f52-927f-ab2ba6b07c9a,1.7361261,,8.219683,United States,Consumer Cyclical,0.07671,0.13453001,-0.04285717,0.001397553458761358,-0.038238288656347486,0.19087088939434826,-0.16924884389788786,11.012342727820235,0.045365759710517616,0.8235401748138451,Bloomin Brands Inc
ca0d100f-c5ba-4a0f-beac-477124c908fd,1.8132012,2.26,17.062563,United States,Utilities,0.38226002,0.40348998,-0.0010408163,0.18140243902439024,0.19624010613177967,0.2928005995596983,0.18996673589652668,16.485251129418018,0.4557090613571719,3.8751015847216577,Chesapeake Utilities Corp
763c8d78-0040-4ca0-a486-d224f3f1528c,1.596001,0.84,199.44444,China,Energy,0.2355,0.27883,0.61858404,0.04400814145929122,0.3974933326653468,-0.11324681791576763,0.2574410289387221,6.139045823658854,0.1428904896127942,2.85869548696003,Yankuang Energy Group Company Ltd
87bcdc2e-eccf-41d5-8bbe-d134c73b1f0e,1.4746076,,19.768,United States,Healthcare,0.07808,0.50049,0.9022325,0.019482407676650215,0.03526957329571179,-1.0319724545007378,-0.5739081424433912,1.220035778175313,0.04414024107768164,1.4974856154217913,Avanos Medical Inc
fd4e5ee3-e803-40f3-a246-29b9406e1f5c,2.8956852,10.0,80.642395,United States,Healthcare,0.03215,0.75606,-0.1320988,0.14876414926059578,-0.0596813027808476,-1.8765512031941296,-1.1514139243655757,,0.027256740778535682,1.1274424828799414,Atricure Inc
ee167900-deb8-434d-a13a-5869823702a7,1.0844185,1.81,7.9583335,United States,Industrials,0.10888,0.37186,-0.29932362,-0.07274826503982845,-0.1757132688264219,-0.09112986378683452,-0.3442696161694836,9.035124570922557,0.01188270543989081,1.1401600981334263,ICF International Inc
866759d5-4749-443b-98cf-bec0348277b6,0.9470353,,16.637548,United States,Industrials,0.12445,0.21967,-0.23025107,-0.01736505681818179,0.010946754061278874,0.1076115485564304,0.014911145511199875,8.389281507656065,0.091692017738276,1.2268021833741378,BrightView Holdings Inc
5a1f5bd4-e646-4e9e-81c6-3cb4af8b41d7,,,,,,,,,,,,,,,,Office Properties Income Trust
de97b9e1-66b2-41f0-b250-227fc13d20f5,11.733059,0.18,6.1399283,Argentina,Financial Services,0.0,0.0,-0.3596546,0.03192999551351283,-1.1781768221403273,,,,0.02845095209021386,6.306408328439994,Grupo Financiero Galicia
9b381c48-1861-4215-81e4-cea37ed02d16,-1.2592592,,1.9805826,United States,Technology,-0.05935,0.43071,-0.47692305,0.24112034331628918,1.4407943032647101,-0.7617303085810906,-3.3953051229984057,-35.78758775624824,-0.0,0.6337316666666667,Complete Solaria Inc
62dfcdc5-1a6a-43c7-9bed-54b8af6ae781,1.0100912,0.43,22.274073,United States,Basic Materials,0.00968,-0.02888,0.40081525,-0.029971331769611642,0.10649117965545074,-1.4694835680751175,-1.0622073285387363,166.95628415300547,0.029677830423251186,1.069777338358263,Cleveland-Cliffs Inc
31c15ce3-8cf3-4fc9-b219-844de62109d4,1.3687667,2.22,10.69096,United States,Basic Materials,0.18048,0.24886,0.29749954,-0.021666273306584882,0.09114821104217863,-0.6487063216857829,-1.4951810213004242,6.7984375,0.05259200154295439,1.6270973596217115,Minerals Technologies Inc
cc4867aa-9959-4c00-8872-f101b1238dfe,1.4145696,2.01,12.076101,United States,Consumer Defensive,0.11431,0.32231998,0.025795817,-0.033117900668956035,-0.050969664611938414,-0.05342644138424979,-0.10560942787225835,5.345925116020351,0.014586025956516485,1.1506304199939712,Central Garden & Pet Company
63269826-2e5c-45d9-b7f7-014bb1d860f8,,,,,,,,,,,,,,,,Topgolf Callaway Brands Corp
8abb69c3-85c8-4c3e-9878-319a01fe87c7,0.5972571,,7.2192516,United States,Real Estate,0.0,0.75149,0.025316477,0.004725484840207628,0.22359027014768829,,,,0.05674227409528004,31.3906481685385,TPG RE Finance Trust Inc
d5ac339e-b160-4e3d-9ae3-1b848dbd59be,6.6527667,,46.40205,United States,Healthcare,-1.32641,-0.67012,1.0245347,0.003841498710729807,1.204441873627946,-0.1000646219615251,1.5966951629799646,,0.02894306141786545,4.853694178162264,Zymeworks BC Inc
3571e326-300b-44ac-9701-8d81cb219c20,3.8512993,0.43,22.548956,United States,Technology,0.2042,0.4509,1.074424,0.15809379727685324,0.20404200111979398,0.15241228070175428,1.1091958762886598,2.555023923444976,0.06334473542913456,1.7429979739064243,Knowles Corp
af03c7ca-b425-4036-acea-e8addfc71cc6,0.66591805,1.24,7.400936,United States,Financial Services,0.0,0.0,0.12630582,-0.05918154952770244,0.14498052998948907,,,,0.027468526763918866,38.11821771455679,Hope Bancorp Inc
baa42282-a115-4f55-acb9-0a893639a3a8,2.3017085,,17.829185,United States,Consumer Cyclical,0.117010005,0.26644,-0.26754338,0.018124588130402852,-0.16279501740214508,-0.10477602503025218,-0.6949680669918438,,0.014215386011878692,0.8055808043402326,Skyline Champion Corp
aedc068c-fef0-440b-8d01-3db8cf3000f8,3.6656651,0.63,,United States,Real Estate,0.65547997,0.9442,0.012066364,0.01887935194638668,-0.052812809722639686,0.06621335050318872,-0.06936846630924787,22.138283244942055,,5.643915459200349,Universal Health Realty Income Trust
b1a36d52-3a5d-43b8-b6b0-6a18642f3d2f,1.2057319,2.66,9.705339,United States,Financial Services,0.0,0.0,0.0070809126,0.15912224291461619,0.20365174422653398,,,,0.023403213473966462,22.24709910694417,NBT Bancorp. Inc
7d51b5bd-0203-4268-a5e4-c5ddb51effbd,,,,,,,,,,,,,,,,GCP Applied Technologies Inc
38c321df-27be-48d2-9c3c-f0498662142f,-2.5345247,,10.684931,United States,Healthcare,0.18146,0.5779,2.627907,1.4372549303314863,-0.32824336081745265,-1.0504236949396435,7.586904311936825,9.003821118929032,-0.0,0.8972155009994166,Esperion Therapeutics Inc
28519ce3-3ac6-4e55-9257-21703e6365b4,2.3877692,3.42,15.092914,United States,Consumer Cyclical,0.088070005,0.20014,0.322047,-0.031327319437975065,-0.16341573230689843,-0.06284923682534632,-0.0955774128599296,7.116157731700429,0.05501592538843042,0.6325141372865766,Rush Enterprises Inc - Class A
f53fa187-324f-4a40-a1e4-8893005709f4,1.4086174,1.0,5.326768,United States,Consumer Cyclical,0.10223,0.51896,0.31201768,-0.002977363188149784,0.02853725049824196,-0.08180601631113749,-0.18591090821472267,7.859054842938269,0.03162144322234168,0.7493995078514146,Sally Beauty Holdings Inc
e73902fc-6075-45c8-b904-0a6efc8dc8fb,3.7856169,1.49,17.940699,United States,Technology,0.14686,0.32839,-0.10559547,0.11334335873477186,-0.060438643610749354,0.1290007350715614,0.013981596404151753,9.186279017184203,0.02503831157202512,1.3305975125140863,OSI Systems Inc
09e89d78-b545-46fd-a38a-ab3e6a3c2bf9,6.226507,2.38,24.084953,Singapore,Technology,0.15246001,0.53565,2.0846434,-0.04883426196411811,0.7078603229971299,-1.3313339920948617,0.0677437319442068,,0.012596700798965892,1.4608964198117016,Kulicke & Soffa Industries Inc
f6fb901f-62ea-49f6-bd0a-b63365e5d0c8,2.1875,3.09,,United States,Consumer Cyclical,0.088070005,0.20014,0.1412772,-0.031327319437975065,-0.16341573230689843,-0.06284923682534632,-0.0955774128599296,7.116157731700429,0.05501592538843042,0.6325141372865766,Rush Enterprises Inc - Class B
991e8021-efb7-41c1-8a5a-dede834578dc,14.846154,,-1.8207548,United States,Healthcare,0.0,0.0,-0.40797544,,,0.07059061488673146,-0.11387969826479405,,,,HeartBeam Inc
2be466da-b738-46a1-a1ef-0d875c1648c7,14.019608,,-2.269391,United States,Healthcare,-2.74612,-1.9660801,-0.41573036,0.43004619590836235,1.244865794117612,-0.1722012494571209,-0.30820646864102186,,0.02748741773132017,5.83621131379381,Regenxbio Inc
eaab7ddd-4958-459f-813d-119f61c89ff0,1.8627634,1.63,10.363436,United States,Industrials,0.087069996,0.17044,0.24415481,0.057343475716793435,0.24476464909253193,-0.1716738197424893,-1.5282377409807215,16.41860465116279,0.01822477179669747,1.2084458058249978,Terex Corp
c9299b44-6570-440d-ac4e-2779e908346d,3.2497118,5.58,11.82348,Cyprus,Energy,0.45703,0.49488997,0.99239135,0.1377223413369557,-0.30167792283913164,0.07368166302240309,-0.6156737990935641,13.596135173966083,0.006376761738818912,3.016629908646056,Frontline Plc
c168e17d-172f-4e49-8a57-088d4b114f10,0.56777793,9.42,41.304535,Germany,Basic Materials,-0.24279,-0.34639,0.049482107,-0.0014234485779200945,0.316360397101636,0.4981257809246147,1.1883590170762182,-0.06754675467546754,0.150267094017094,2.0810964209401708,K PLUS S AG ADR
67c8b335-7d42-4b65-8c1f-e0de3e51426f,7.8400702,1.56,15.012094,United States,Technology,0.15348,0.49023,0.2465626,0.021750714973004737,-0.0512071690226199,-0.10749875725322766,-0.37095196293029875,8.071199897705121,0.011755313647411697,1.1834436572374205,CSG Systems International Inc
ffbcdc78-fccf-4dab-9ca0-5377b2831db7,1.3755301,1.68,26.563343,United States,Industrials,0.12712,0.28096,0.4663726,-0.18165034930789614,-0.4782139288639705,-0.3501852860938489,-0.12187207796029476,6.6108365744704995,0.2047983988942796,1.669841727273536,Heartland Express Inc
92aa419b-2461-4ed5-a7be-8c7976d0c590,,,,,,,,,,,,,,,,Gol Linhas Aereas Inteligentes S.A.
438ae05f-6f23-4b11-a955-d33213fd0d10,-1.4494236,1.29,5.8200192,United States,Consumer Cyclical,0.20479,0.40058,0.22794724,0.06299750940079107,0.16870768455436358,-0.27241035856573703,-0.28930874828163267,22.354632272228322,0.04001348913165297,1.9860192351945773,Dine Brands Global Inc
5af1692f-55de-4c69-b88d-c74771762bee,0.8057731,1.46,6.4352326,United States,Industrials,0.15316,0.15507,-0.61050504,0.13969258305398347,-0.11431750427601894,0.23010719878666586,0.009208010698358748,14.1785011675703,0.005339245378870483,1.6364672405517708,Cbiz Inc
d3f34ec5-6aa8-4ebb-af68-9e11305834d4,1.0444156,1.28,9.787684,United States,Financial Services,0.0,1.0,-0.22202718,-0.1439001636531817,-1.1469919199465908,,,,,8.12319071917934,Sixth Street Specialty Lending Inc
de826c25-11d5-4275-baf9-719b00a9d022,1.2232287,,10.034721,United States,Energy,0.51979,0.54524,0.014035106,0.2719618947172342,0.39900295780219464,0.1319522948225187,0.09416708204867996,5.313407855847564,0.2338522540430182,2.6202903646557965,Mach Natural Resources LP
ce2d1670-158b-402d-b541-8ad7b5f97b27,4.2593327,,24.267088,United States,Technology,0.046609998,0.38237998,2.8033826,0.19824840307390335,0.14945680852306875,0.6333162743091094,1.2182893767343592,18.515444278133078,0.04069080115683191,1.297833477091684,Bandwidth Inc - Class A
dd6b22dd-5959-465c-bbb7-f8babb3d2990,,,,,,,,,,,,,,,,Crestwood Equity Partners LP
2ebd5e1d-9463-417d-9053-01576e62e2fd,5.1297174,1.41,7.76003,Argentina,Communication Services,0.27943,0.75732005,0.036842108,0.5301999390772445,0.33731279801100933,1.013355675222265,-1.5737654222692141,7.063912772944067,0.1678567882440327,1.7129724516670277,Telecom Argentina S.A.
449d72c1-564a-47f5-956e-199be36434a4,,,,,,,,,,,,,,,,R1 RCM Inc
15488ce7-1355-4062-9d7c-41fa07c0987b,1.5436004,0.95,8.601861,United States,Financial Services,0.0,0.0,0.15527773,0.2058649076137753,0.010583921875918723,,,,0.1457066892259351,20.708442919511754,Axos Financial Inc
78c75f0a-012c-47db-adf6-61831ee3c415,8.735073,1.61,14.47857,United States,Healthcare,0.21358,0.83054,0.12921667,0.7800434441003836,-82.0269895416026,0.9119540229885057,2.814971556332662,3.7856732183446984,0.0003055619447511106,1.2306646541157584,TG Therapeutics Inc
7219f125-1eff-40c6-8dc6-71d172f227c5,1.162164,2.94,12.216592,United States,Basic Materials,0.04917,0.16290002,-0.2763461,-0.024653529398748097,0.16003769509082888,-0.2779635975622269,0.09024468795317209,0.34975720401252314,0.03581910047776476,0.5273947888805097,Boise Cascade Company
bb337a79-9a41-4d65-ab47-f89c2d306705,1.0922735,,-8.931818,United States,Real Estate,0.6812,0.85985,1.278261,0.014753957524156647,-0.08638351524608012,0.008063324798109228,-1.1443568465811471,53.24487099782406,,11.477639686701211,Industrial Logistics Properties Trust
efc24c55-5cb7-4d24-8fa6-2190783cc236,9.483513,0.81,32.52572,United States,Healthcare,-0.00902,0.9825,-0.2465918,0.12794352927233943,-0.15145396127032607,,,,0.0004004701623724477,1.0651664421606666,Corcept Therapeutics Inc
3ea11c34-96d3-4b5d-a4cb-eb55cee5953d,0.9448364,0.78,21.626535,United States,Financial Services,0.12902,0.28779,0.053287506,-0.02315574078810767,-0.04913232456011707,,,10.877237417783324,0.003160373913678522,4.997982317607537,Proassurance Corporation
65918a37-7225-4e9d-b4f4-90d5a731124a,7.0260224,0.84,-20.999998,United States,Industrials,-0.82999,-0.31239,3.78481,0.12898090691365005,-0.1417478795827003,-0.19873781441429494,-1.1905849058795894,-2.7886153770943403,0.16983932216018055,4.2873837544194995,Plug Power Inc
91bff8a9-5f51-4ec1-af64-f40f46402f6b,4.5628557,5.64,14.062724,United States,Basic Materials,0.53796,0.59587,2.5708501,0.5302513643573405,1.0018867294710596,1.4720232910739055,2.252168028544449,0.48309116125464846,0.1557996458687357,2.066783283473387,Hecla Mining Company
c22cc91a-d2d8-484e-be4a-2259105461d3,1.8426664,3.14,43.949154,United States,Real Estate,0.59214,0.73421997,0.12690139,0.008222295723236073,-0.11630739061258677,-0.0958586870009499,-0.2185822949681523,23.901343079817703,0.17271673131767987,8.046509107427662,Kite Realty Group Trust
721329ad-2c60-42ff-aa18-c014a2eda9f9,2.0029843,2.01,11.873237,United States,Industrials,0.18863001,0.2242,0.5216987,-0.02259044947103861,0.2565047791283619,-0.05941591137965763,0.45770841304444543,1.648251552380569,0.10619522229971776,1.3780983513239324,Matson Inc
dc13bfa9-164d-468b-aa65-4e64593ff4ac,1.2726586,1.87,10.8646145,United States,Consumer Defensive,0.11431,0.32231998,0.04635966,-0.033117900668956035,-0.050969664611938414,-0.05342644138424979,-0.10560942787225835,5.345925116020351,0.014586025956516485,1.1506304199939712,Central Garden & Pet Co. - Class A
b5004f3b-a667-4261-8a98-1ff8c6345639,3.0784316,,-2.0258067,United States,Healthcare,0.0,0.68059,0.9625,-0.7645537825059101,0.37916686579955017,-0.02515964528284853,0.09480797498848126,-1.1196393378024818,,8.453981187210717,Coherus Biosciences Inc
768b21d3-e6f4-421d-856f-cd1199227c5c,2.0510716,0.24,9.531438,United States,Healthcare,0.13541001,0.26092,0.51244116,0.009164059679942271,0.027444952682728285,-1.9493090641416,1.0594616116426365,4.774845931521723,0.011071675118447408,1.1154110875957182,Pediatrix Medical Group Inc
96df5ff2-8310-424b-a0e4-225e6817336b,0.49806452,1.65,7.6587305,United States,Real Estate,0.0,0.81728,-0.4306785,-0.14932899177388737,-0.36389218674989066,,,,,26.070079632142463,Arbor Realty Trust Inc
36caac4d-0fd4-48c3-975c-7775af94eb76,4.603129,0.76,31.64813,United States,Healthcare,0.04997,0.76892,0.665974,-0.026406959973946598,-0.3709086075124628,-0.6663794791462698,5.818994581002198,,0.020043047230841573,1.5524622904186025,Staar Surgical Company
11c973e4-2908-4608-956f-2234c97f4dc3,,,,,,,,,,,,,,,,Computer Services Inc
e0a1cb26-972b-44c2-8e2b-5e3496baec68,1.913375,,8.203496,Bermuda,Financial Services,0.0,0.0,0.27334106,0.042664476453779576,-0.0021295533953782364,,,,0.042318324721224244,23.156752101556776,Bank of N T Butterfield & Son Ltd
f931e515-9662-4f14-a4c3-89560c3bde0d,1.5091305,0.89,12.2398615,United States,Industrials,0.12627,0.24528,-0.27716696,-0.015227388421216181,-0.04928727943460509,-0.06046761623219565,-0.27943456966901814,0.517556878880049,0.01895130681939103,0.9949433012533746,Alamo Group Inc
af256b26-f77f-4560-a682-63b203ef752f,2.1865141,1.1,13.800742,United States,Industrials,-0.02325,-0.01627,0.17044854,-0.019718309859154903,-0.17564325843398154,-0.6086956521739131,-1.468739100104639,,0.0032929399367755533,0.657188487881981,Fluor Corporation
a7ffb62f-28f9-43d6-9190-ec29e86b9b8f,0.3745639,0.78,4.6363635,United States,Consumer Defensive,0.09154,0.69307,-0.17852348,-0.1425594832583177,-0.027300137599346574,-1.9889543238750034,-4.032003939297372,0.26519768358498574,0.02378238094980123,0.982604797671878,Nu Skin Enterprises Inc - Class A
819eb5d4-8709-4b5e-8a1b-532a638138ab,9.816977,0.36,33.253853,United States,Technology,0.14141,0.21004,4.6883073,0.1897825936556008,0.40937415658729415,0.3463366355569155,0.6383952868481343,4.135918573680008,0.108290130051647,1.2179071255230998,TTM Technologies Inc
50b1ac9a-14d8-4db7-aeeb-e0a31375e8d0,1.2136711,0.38,6.1840744,United States,Consumer Cyclical,0.10115,0.41112998,-0.3739531,0.1237333755541481,0.09316347124387625,-0.25707922367165126,-0.030679892009161658,6.01819184123484,0.01890316987623681,0.7317380814075282,HNI Corp
158808f0-b274-4da2-994d-ce02eef4f93e,31.085144,1.32,16.051725,United States,Healthcare,0.24958,0.61801,0.33285618,-0.03839271145190548,-0.019919796334048945,-0.19203999767333146,-0.21587175254714353,8.412808508178719,0.07722046710232108,0.9866400513552892,National Research Corp
6df9dfe7-401c-41f0-99d9-8da969f598ac,2.3946128,2.45,12.361408,United States,Industrials,0.09774,0.39450002,0.051863432,0.02724137931034476,-0.1113779211840702,-0.25680473372781065,-0.8193268689810372,6.01097972972973,0.015106489158672038,1.0409237796096433,Tennant Company
9d4951c8-7bb3-4017-b66a-d2afcdb89639,1.9936519,2.28,18.498068,United States,Healthcare,0.13022,0.21902001,-0.21201855,0.12346561594263128,0.06993160574598378,0.1684862989754483,0.28446293632977915,4.965703144040946,0.017863740128236442,1.5106187906142052,U.S. Physical Therapy Inc
efd63363-9db1-41a2-8b61-4958da4b4e46,22.204369,,42.301292,United States,Healthcare,-0.2755,0.9307,0.80135524,4.320529830736178,,0.2389810528736953,0.00017918706224961944,-0.9568840626161874,0.0033987055553508544,1.0739066280342484,Madrigal Pharmaceuticals Inc
1117b5db-58fb-4890-94a7-32f7c1011929,,,,,,,,,,,,,,,,Veren Inc
698d4a35-fe02-4dbd-9ff6-b7316f3cfd27,,,,,,,,,,,,,,,,Irobot Corp
a54918a8-d092-4b15-ba0d-0973f73a464f,1.8385562,1.57,39.005028,United States,Industrials,0.09388,0.25004998,-0.019364476,0.3259431379223585,1.2214203687677614,-0.19718992248062017,6.013484044212641,5.591625341401798,0.04467113972991911,2.769194896804966,AeroVironment Inc
ba37b5d7-7aff-4efa-a519-761abe536b2d,,,,,,,,,,,,,,,,Artis Real Estate Investment Trust
f54c707e-48da-4cff-b8e7-72c01f4a3c17,2.73719,1.03,23.067848,United States,Industrials,0.19003999,0.32871,1.3549373,0.041072093311825375,0.09731785793798309,0.027045769764216354,0.23605011186763003,8.663246831623416,0.031310929003383725,1.7715046947033488,Helios Technologies Inc
0e733154-e7e6-4cbe-aec9-c09c960a97fa,1.2086039,0.32,9.941176,United States,Healthcare,0.45806,0.74100995,0.17928076,0.15540660239706505,0.2096885005719159,3.325629539526778,3.5633054531097876,0.9402439024390243,2.3770473223341587e-05,3.358906329464692,Innoviva Inc
e0b6bb20-1e28-4955-83d4-ebbdf0f3cc84,,,,,,,,,,,,,,,,Pretium Resources Inc
039f5944-13dd-45de-834f-2cf43c1a62c3,0.1883622,,1.6262571,China,Financial Services,0.12911001,0.38647997,-0.7806524,-0.07403105157750922,-0.39749873203479746,-0.007540670686168149,0.24848135902054613,5.996955493463584,,1.736681481086062,LexinFintech Holdings Ltd
55ba12ae-1fed-46b1-8410-9e6a910e0947,-8.657535,,-2.3407407,United States,Communication Services,-0.07406,0.47457,-0.68080807,-0.1617870052964807,-0.42759803679816766,0.5406876906604174,5.909763021433712,-42.647292026344395,0.06622087134107309,1.424877041249006,Cardlytics Inc
b13c4fa1-c237-42d2-8aff-8c344feaff51,4.729001,2.24,16.524235,United States,Consumer Cyclical,0.12948,0.40506,0.32630002,-0.030330724658025665,0.0133276582880818,-0.03563361156338685,0.11774330939318312,,0.014138213797296894,0.5826924194455564,Dillard`s Inc - Class A
4d8c1dee-1ab7-4602-a211-c4fdf7078ab2,52.22611,0.38,25.923313,United States,Energy,0.0668,0.08599,1.4052603,-0.09528188859452258,0.17260460725748117,-1.0274439994066162,5.514091281857178,14.223012552301256,0.05545876909846106,0.6653398683296097,Delek US Holdings Inc
2adacf12-5a34-4feb-b2c9-2462e6bdc943,1.2785524,1.02,9.88639,United States,Consumer Cyclical,0.10897,0.24240999,0.08995664,0.02917196612376416,-0.10687562631100445,0.31760904684975766,-0.06682876180994146,1.106343127781158,0.030903101103803156,0.905041512790981,Gentherm Inc - Class A
2f773783-fea4-4a32-8581-9a7631f0bac8,0.8366154,1.79,41.64192,United States,Healthcare,0.23781,0.48101002,0.26126122,0.05710053240827251,-0.002990496898787942,0.22547959183673472,0.026202540460764423,0.4786376942961166,0.06778572819939807,2.204646817525783,Green Thumb Industries Inc (Sub Voting)
15f7453e-65f6-44f3-87d3-50e04a83a996,4.081254,1.47,10.322959,United States,Industrials,0.13554,0.32631,-0.31036288,0.11653135585702512,-0.08905927800845825,0.1450059728418538,-0.03603731758054174,10.759318832580123,0.020113884566587147,0.8973278403919235,Huron Consulting Group Inc
d1bf0bea-d506-466b-abba-276ce76dce99,4.7595396,,21.51503,Canada,Basic Materials,0.89619005,0.96668,0.52960944,0.45100624094330843,0.30928555171559324,2.232287063422758,3.7357880525948683,0.038680285200623755,0.11337407138953062,4.545347562681576,Osisko Gold Royalties Ltd
fe29b889-c337-495a-a299-289b42fd25d7,1.5195853,0.47,5.6304746,United States,Industrials,0.19669001,0.52928,0.5266974,-0.01339260544494697,0.02579719156859117,0.06381288669095686,0.08384588479157895,13.630290545367945,0.044641184185872214,1.236632120104928,Deluxe Corp
88815c17-032c-42d8-91c5-7264e720e84a,2.2616751,,11.1364,United States,Financial Services,0.50201,0.56278,0.32712317,0.4618518439758381,0.5013605009716267,0.22075781283681484,0.30219936183707685,4.470991994714846,0.0028192263199854997,2.5929238968349098,Victory Capital Holdings Inc - Class A
215dc386-7ecc-4233-8482-76aaae6d84c9,,,,,,,,,,,,,,,,United States Steel Corp
58bac785-76d6-4156-aa87-b07e40021d2e,2.2724838,13.52,6.806402,Canada,Basic Materials,0.53705,0.48027,1.653125,0.7469687691365585,1.1295700837183205,2.547878128400435,2.3951003506226574,0.94275871731,0.10156204313229514,1.6551985160410785,Iamgold Corp
94aae3ac-5eaa-4899-9701-ce90622cbbe0,3.013896,0.45,46.831356,China,Technology,0.28972998,0.22037001,0.6015873,0.1961815162022249,0.15543425669174815,-0.3252560261463546,1.56589618468536,20.451152491618746,0.7907316089251575,4.183476449828313,VNET Group Inc
fe025669-edce-4aa9-b966-4b8b57130a0b,0.9899437,1.61,8.549801,United States,Financial Services,0.0,0.0,0.23688757,0.3511904000505507,0.30443285394047026,,,,0.013023525170366987,27.81720632434933,Provident Financial Services Inc
5b163bb8-403e-4bb1-8fb5-3c370a656614,1.346418,0.99,11.270549,United States,Consumer Cyclical,0.087840006,0.43640998,-0.21366346,0.03037575957718186,0.041098828808269094,-0.06731707987844282,-0.06521665758641149,,0.03736376252369347,0.9277400750669434,La-Z-Boy Inc
58265a96-f19d-431e-9a03-5b1cdb316e7c,,,,,,,,,,,,,,,,Virtusa Corp
8ae9f3ea-331e-498c-a5f3-c534bb992e06,,,,,,,,,,,,,,,,Revance Therapeutics Inc
2059ba6d-af99-47bd-aadb-767ea52d39be,9.663259,0.7,26.882854,Hong Kong,Technology,0.15772,0.48095,3.052845,0.2572354813171407,0.9968365809967202,0.8646031746031746,2.121281660425388,,0.05806886283969696,1.1073166767178018,Silicon Motion Technology Corp
a405f550-a2f3-4f4b-8510-bf7f2c1cfe20,3.0626743,,9.971197,United States,Financial Services,0.27225,0.28733,-0.31265122,0.5815589775810985,0.4322404497321537,,,,0.007275531689163824,2.869997816932443,Palomar Holdings Inc
05c9f252-4332-4b17-bc9c-f7f186984826,6.715378,,-23.985365,United States,Healthcare,-0.26823,0.52073,0.6179664,0.20320537808252448,-0.01094266545834821,-0.1865163604421346,0.07819998996804822,,0.0965934742129687,1.5872394855464727,Twist Bioscience Corp
98375668-4723-4e5f-a482-f70c0b0a3d14,20.851236,1.69,14.093768,United States,Consumer Cyclical,0.40115002,0.67508006,0.10695076,0.08101800486324484,0.0011331131775600412,0.07448666562151607,0.07554165382633582,16.020018868086886,0.15866222275411085,2.0264937900296682,Red Rock Resorts Inc - Class A
254ffde7-614c-4881-a16b-11a553d46f2f,1.7247097,,26.037428,Bermuda,Industrials,0.5748,0.58501,0.4344828,-0.19382989652565774,-0.31962795464777694,-0.2494979996627784,-0.2335879070381276,25.241393958135063,0.09964204526176501,5.468535467490019,SFL Corporation Ltd
a51fb48a-df6b-408f-b850-d3b8cae9a997,1.0645138,1.58,10.962613,United States,Financial Services,0.0,0.0,0.15863144,0.08730942597669261,-0.04638475098755124,,,,0.01456158080140236,27.458387132136437,Seacoast Banking Corp Of Florida
9889e050-91e4-4c5c-91b3-5264fab484e6,0.76339287,2.35,9.64095,Cayman Islands,Consumer Defensive,0.05747,0.09276,-0.038757384,-0.009373481148887919,-0.02206233503477517,-0.1980568011958147,0.07196119129962952,3.002853648593559,0.015979381443298968,0.7434336925960637,Fresh Del Monte Produce Inc
af74b92e-4113-478a-9f9e-5d8aed856411,0.7491001,0.88,3.990926,United Kingdom,Industrials,0.09954,0.34732,-0.3708166,0.11244455463258962,-0.3307472507300764,0.10307760858414461,-1.5378666787636526,1.2435387673956262,,0.8482336903105346,Easyjet plc
eb5e46c8-f70c-488d-9168-aaa79c5c5971,6.229144,,3023.3955,United States,Communication Services,0.12922,0.31195,0.22181821,0.10523456879537929,0.016703388509903272,-4.2029748841745915,1.785500318539897,24.3025190332635,0.06778530757122786,2.1959026816746072,Atlanta Braves Holdings Inc - Class C
c7cd569b-0305-4c35-8681-aac3c19e34ec,1.1063416,1.23,11.322363,United States,Financial Services,0.0,0.0,0.13113892,-0.004682808976987973,-0.04070561925286831,,,,0.011960186225718414,24.593137943490127,S & T Bancorp Inc
0d34f2cb-296d-42ce-88e0-c82d4281365c,6.667903,,-117.28261,United States,Communication Services,0.12922,0.31195,0.2107271,0.10523456879537929,0.016703388509903272,-4.2029748841745915,1.785500318539897,24.3025190332635,0.06778530757122786,2.1959026816746072,Atlanta Braves Holdings Inc - Class A
be4a1bed-2cee-4520-9070-e7caf2512e3d,,,,,,,,,,,,,,,,Alexander & Baldwin Inc
5573f81e-c988-4432-9987-52cbdad1342d,-0.061055124,1.99,19.221199,United States,Consumer Cyclical,0.030079998,0.5811,-0.8294829,-0.10870885126321739,-0.053721034540847645,-0.7373333333333334,-0.6158649841296031,56.77316127107265,0.010774198243500715,0.5741111964744233,Sleep Number Corp
5a4d484f-d466-44db-87cb-488e7488f916,,,,,,,,,,,,,,,,C&C Group
1ca0d4f2-0178-4f2d-960f-82517e676b26,-33.44983,,16.595165,United States,Energy,0.59095,0.66723,0.22400987,0.05013419973086397,-0.15080307230226708,0.050673799579667556,-0.14533615951514833,15.74057294160414,0.10817514023871042,2.458995536842237,USA Compression Partners LP
291d9fcb-32d4-4c78-8eb0-1f5dff5ace82,0.65668356,1.71,9.339695,United States,Financial Services,0.0,0.0,0.3120643,-0.011070808313199731,0.09408507119505982,,,,0.3618285607336702,505.70134989706156,Eagle Bancorp Inc (MD)
35584d88-39b0-4fd9-8066-10fd4d430b77,4.255723,0.34,15.43578,United States,Industrials,0.24159999,0.49383998,-0.25782973,0.0464606198368136,0.016527183393698852,0.10577548028235007,-1.182710891603023,1.499043264729878,0.02168460732424748,1.3074133128831027,Enerpac Tool Group Corp - Class A
4ed38991-a4ac-4981-8479-ac1dbcc2fa60,1.6745477,2.85,45.620865,United States,Technology,0.0,0.68114,-0.57084805,-0.018188832936150867,0.035741516158612874,15.657555135219008,2.882306357579085,-2.1587311864833754,45.89971319742673,124.34745406973428,Microstrategy Inc - Class A
2285af06-848b-4974-adba-558b98399c8d,2.2231338,0.54,9.434619,Uruguay,Consumer Cyclical,0.122,0.12272,0.059973955,0.046552451566632236,-0.15046200198861737,0.10483045643719735,-0.08678696973809097,5.6373481995195664,0.060139891351039296,0.7637161810102356,Arcos Dorados Holdings Inc - Class A
2c8718d1-e2f0-4061-b95d-54584dcc6c8b,2.4956436,2.4,18.50911,United States,Industrials,0.10917,0.18997999,0.66084194,0.1990598990900858,0.15241127937235288,0.19618913196894838,4.969902022041717,10.229398012857978,0.018854681189966697,0.984949722585684,AAR Corp
a34333f6-70e7-44d8-b4ea-74fa4e8ca0b0,1.0101504,,18.561798,United States,Communication Services,0.15439999,0.57659,-0.106060624,0.05844672401957962,-0.2355731455744834,-0.21229184431572035,-1.4460648093831052,3.2692954293188135,0.05223909726309435,1.431412333710559,Shutterstock Inc
dec07bc5-948c-4a45-a6f0-45e1d2ffe06d,14.499155,0.89,11.010455,United States,Consumer Cyclical,0.14206,0.18594,-0.079369366,0.06820381302622658,-0.054865019376227675,0.27530235518777846,0.08301758836641082,1.6827502195801192,0.04419639037984712,0.47580449039456374,Brinker International Inc
8700475c-c8f2-4e4a-8177-ba1ca611ad91,,,,,,,,,,,,,,,,BP Midstream Partners LP
70e0ce8d-4e0e-4eb2-8a5a-8abf206a7fbb,1.0016788,1.24,22.375,United States,Healthcare,-0.2009,0.68060994,-0.19187361,0.02297090352220521,-0.08728853044005902,0.232394366197183,-1.098184146199511,,0.04596050269299821,1.250314183123878,Myriad Genetics Inc
f43a23b8-8c27-41e8-983a-bdbd59b1e5a0,2.32017,1.81,14.692824,United States,Financial Services,0.18010001,0.28035998,-0.36520118,0.02648256763795298,0.06162401317557875,,,,0.006687603916497321,3.5205069585565614,Amerisafe Inc
b3ad9b29-9dd6-4573-803e-f362286acade,,,,,,,,,,,,,,,,ODP Corporation (The)
d55a2ad9-ccb1-498b-8ddd-805b68a30f78,0.3544888,,3.6388826,United States,Financial Services,0.07177,0.34627998,-0.22574627,-0.07841477182524165,-0.25578132994593383,,,6.693346058161079,0.007201042820193432,7.416105916267588,James River Group Holdings Ltd
610e1e8d-b207-4980-af3b-f35012dfda77,1.1093392,,94.117645,United States,Real Estate,0.56336,0.60807,-0.17906618,0.025297222204994974,-0.026344319499790103,0.1273425353383102,0.35212165259148864,24.21180529889439,0.23204746097468112,8.989013718351417,Independence Realty Trust Inc
443c8a8d-7214-4f8b-b9d0-e038781623ac,7.7742987,-0.11,,United States,Financial Services,0.17826,0.24221,-0.5003936,0.10680915495113852,-0.07836381094171907,0.10647823113745147,0.04080102750174319,,0.047629669451644735,0.6372564693503316,Corvel Corp
f7975744-e4c7-454f-85c8-f318060e8ffc,0.9023103,0.58,15.044748,China,Communication Services,-0.01345,0.13412,-0.19999999,0.06962937861843388,0.3146571199032794,-0.30032796789366933,0.20874056055253853,,,1.1304007366510826,HUYA Inc
da9ada40-efa3-4a49-bafc-14cd95514c7d,0.7023789,1.34,7.6838326,United States,Financial Services,0.0,1.0,-0.25369006,-0.8800937146550332,-3.816703901413098,,,,,9.331182165113043,New Mountain Finance Corp
934a1fff-0ea5-4cdf-bc84-3384dd98b13b,0.90138423,1.32,16.363615,United States,Financial Services,0.0176,0.013309999,-0.15645713,0.024679170779861703,-0.16789265823205146,,,,0.0030103046154101513,4.035776460744294,Employers Holdings Inc
5295a88d-fb5d-4428-bd62-27192e2b8c42,2.558283,3.46,15.320901,United States,Consumer Cyclical,0.11294,0.23099001,0.039202332,0.06733765391482871,0.3528772121639667,0.0212098028479199,0.34779761288778543,11.585281418414203,0.02218289876671023,0.791561583631122,Patrick Industries Inc
815fae57-f9e7-49bd-ad59-212f28306ebb,0.49487647,0.75,6.6980696,Singapore,Financial Services,0.35764998,0.53393,0.08220601,0.0035594248633785686,-0.059118215110147254,0.18087283637669938,0.1715672740129579,,,4.4924480124433,Noah Holdings Ltd
ca505465-c13c-4b1d-b896-25fff0658bce,1.2187715,0.95,11.3647995,United States,Financial Services,0.06957,0.071100004,-0.14923942,0.13006324922031065,-0.049394143262566415,,,,0.0019640258131254813,1.8748415779816605,Safety Insurance Group Inc
977e7ed9-07a9-4e05-a525-ae4ae11a70be,0.43179017,0.13,21.741508,Canada,Technology,0.13024999,0.19418,0.67415726,-0.19985787919205433,-0.08587340148092537,-0.32911515987194817,-0.1826199803681705,28.382243883424444,0.24868980088475937,2.6378494612103576,Canadian Solar Inc
8da2a88c-9566-4fb9-aa9f-0ab724f4054d,1.794676,,31.311111,United States,Real Estate,0.01444,0.37847,-0.04051751,0.07761403378400344,0.5886865164103806,0.33996702779086196,3.799673707018779,,0.010071840885221466,1.0344066546495139,Marcus & Millichap Inc
de61722c-db95-4486-bf87-f82203b9411f,3.1996405,,16.115934,United States,Energy,0.28531,0.33971,0.32526755,-0.04012185755601372,-0.6384943215007164,0.08918034957228693,-0.6668584940928871,,0.032689430045276774,1.5437003134141751,Cactus Inc - Class A
5bfb95f0-1ba4-423d-99c7-2c00f6ed137f,,,,,,,,,,,,,,,,Dril-Quip Inc
642b433c-1f94-4a9c-8165-aba8c74ce6ad,1.5682911,,-10.239061,,,,,,-0.1064349871438619,0.2599199922645846,-0.18315457069744656,-15.287376033085664,,,,Beyond Inc
1a4ca39b-0a62-4a91-be9e-b50d2a4506f0,,,,,,,,,,,,,,,,Nanostring Technologies Inc
2d85a9e9-0a7d-4a2c-b251-cf34924da819,58.222218,,-2.8919916,United States,Healthcare,-2.20159,-1.09237,0.75838923,-0.19157626454058296,-2.709274715147992,-0.35130557762315906,-0.0940530470352613,,0.01568759207091722,5.572829710800403,Editas Medicine Inc
7fac560a-109a-4df2-b26c-794af68e61b6,3.1352718,7.69,52.17089,Bermuda,Energy,0.37857,0.54482,0.45139945,0.1919296213637426,0.39676131767368816,0.9117011423278789,1.292570558630087,24.629393779141413,1.3849086509992794,9.194434865422918,Golar Lng
6c157fbe-c978-487a-b7c8-a5fffa922c42,,,,,,,,,,,,,,,,iStar Inc
2d472576-1485-467a-8456-c5df2f69b6ca,2.3318384,,20.199474,United States,Healthcare,0.19236,0.72906995,0.32689655,0.1854811517971542,-0.057430298616661046,0.82129864851133,-2.9752259607499068,,0.017862714292026186,2.507333385343237,Veracyte Inc
e976d59d-8bdf-45df-abda-02e333362fe3,,,,,,,,,,,,,,,,BEST Inc
a80f38cf-eef9-4b25-8603-8613f97542fd,,,,,,,,,,,,,,,,Cooper Tire & Rubber Company
fc87bab3-6b7e-488c-9920-18fbf942e808,4.043075,,13.731481,United States,Technology,0.0709,0.45008,0.3964218,-0.049260369841428786,0.04597014514215103,-0.5212326632382733,1.3865396754459607,,0.014746700027198374,0.5818625664659143,Sonos Inc
217100e9-d74d-4970-8c77-7ceea02b7aeb,1.762757,,19.617966,Canada,Healthcare,0.02069,0.27678,0.18222225,0.11277855528043923,0.11476463995639552,-0.9427973488715428,-5.165989157227891,4.7227728347786915,0.03398561035578936,2.4264641060129764,Tilray Brands Inc
3b6533b8-1f8c-407a-9bcc-5f29de9ee15f,1.812328,0.17,6.111569,United States,Financial Services,0.38325,1.0,1.0430539,0.34370586791921065,0.469330623434115,1.746661404893449,3.5850865667804053,21.137933309197024,0.014188971319088526,2.8030530239449254,Encore Capital Group Inc
939acca5-b625-48a5-b177-fd1aec9bf3e3,2.6293628,26.92,-14.559587,United States,Real Estate,0.49293,0.60191,-0.22311306,-0.03242190057027117,-0.046237456993285075,-0.03136153684652532,-0.5191911660496574,48.33425957248023,,7.402342754978613,NexPoint Residential Trust Inc
49aa5d77-bb63-487e-90e8-5d8c3fccbfd5,0.49411026,1.95,16.344828,United States,Healthcare,0.087969996,0.52451,0.13636363,,,,,,,,Veradigm Inc
9f0cfadb-849c-48d0-b8b6-452a968558ce,1.8226957,1.27,21.78421,United States,Real Estate,0.8789,0.96139,0.119986296,0.09440612119712011,-0.016970014300987213,0.1939462588886791,0.41111828698923525,19.18817656542594,0.0018746617687710146,9.267863519976185,Getty Realty Corp
3fc28cfa-cd2a-4c07-b4da-2fdf4f0dc8dd,,,,,,,,,,,,,,,,Veritex Holdings Inc
3b016141-51d2-4c61-a231-5d8d51a260d3,,,,,,,,,,,,,,,,Cortexyme Inc
ad52d011-7d7e-48f9-a69c-4f101de8845d,,,,,,,,,,,,,,,,Luminex Corp
7a74a581-95ab-4645-bd77-68f72b3c5b6c,2.0061264,0.2,8.262669,United States,Financial Services,0.0,0.0,-0.015403569,0.05923647874044957,-0.11818579759352854,,,,0.26860711087321276,9.314871727896898,Pathward Financial Inc
38b2366c-8415-43d5-a509-b70d4cb8fad8,0.89899164,3.04,12.156818,United States,Consumer Defensive,0.097349994,0.18702999,-0.07775861,0.06955690350778876,-0.3026227636090214,0.017129753116783775,-0.3235297844009343,13.888691309250746,0.01649283955431559,1.0533047447830708,Universal Corp
d6482a5c-1b80-43fc-a064-d5bafd6ac7e2,1.7449375,,9.0575075,United States,Industrials,0.11269,0.29367,0.3512869,0.08314642742710676,0.12525614981295663,-0.06302521008403361,-1.1257427625219858,9.284382284382284,0.015235092993158405,1.0904255135836005,Resideo Technologies Inc
d81c689b-6afc-488d-bb11-f99eabcefd06,4.7721643,-23.47,577.9091,United States,Real Estate,0.37492,0.43102002,0.38829434,0.051455991167447035,-0.4913605005236925,0.052297070018588965,-0.39095202692791753,9.435771503881716,0.049805730628373374,2.952408686508541,St. Joe Company
ca8fe84f-4a30-41ca-b23a-71d0bffb882f,1.8610129,0.64,20.4228,United States,Energy,0.95184,1.0,0.18653107,0.33041674868535764,0.6657078690353905,-0.15940017584754423,-0.33348389126800604,4.043275632490014,1.5361216730038023,6.714987325728771,Viper Energy Inc - Class A
445d8a1c-e5da-454e-864d-a4c473909f51,2.156802,1.91,12.783217,United States,Financial Services,0.0,0.0,-0.010915637,0.03996439228129567,-0.07711242691625486,,,,0.009147132845599702,20.811559622188128,City Holding Company
74b9b740-b581-4f39-aaff-35f36eace969,2.3841228,,-5.798058,United States,Healthcare,-2.12944,-1.46899,0.5819881,1.2000535281337572,-1.951353828533657,-0.08191178301151048,0.3978905721444653,,0.08604910226513576,8.6338915129404,Beam Therapeutics Inc
6b837077-859e-49b7-ace2-8136a7c3dfbe,1.5613955,2.4,6.2640653,Bermuda,Consumer Cyclical,0.090299994,0.39547002,0.21409166,-0.003187962254526888,0.10194258606435058,-0.0897563401292889,-0.22431028450055934,0.0,0.02252847331326893,0.8129916942770157,Signet Jewelers Ltd
2fcb63ea-52b6-4383-a58e-d7ea5da3a716,,,,,,,,,,,,,,,,Endo International plc
8e0a8dda-f4e1-403b-aadd-f48957163467,-6.2680173,3.05,21.453333,United States,Energy,0.32571,0.3639,0.059947252,-0.03514099329411158,0.36449212615182647,0.04319660718758911,0.20782737254086137,22.49120013009553,0.11133172742920196,2.945925983163856,Genesis Energy L.P.
6d19b5ad-ef22-4b09-9676-2771e1dacaf3,1.4903516,0.87,12.174675,United States,Healthcare,0.11038,0.32454,-0.18102437,0.2320554582153631,0.1189982204325386,0.3055507192306097,0.023850413714479934,1.6746709867894316,0.005329207406969478,0.9798107516775315,Addus HomeCare Corporation
692a3a2d-afa5-45d0-9123-0235abad53d5,2.1184196,1.21,10.810811,United States,Utilities,0.20425,0.27448,0.037344456,-0.0078831272148695,0.04025052891431102,0.18363491058931136,0.4545948080181015,17.734139758494173,0.04875538349246683,1.6880399442300777,Suburban Propane Partners LP
a4c78ccc-eef4-4f5a-8a58-9184cb95cb4c,2.0281584,1.94,17.525345,United States,Consumer Cyclical,0.092180006,0.21495001,0.47288918,0.023652504755865555,0.365896779883221,0.06494746895893022,0.3593990818621561,19.790751065923253,0.061417302000413676,2.5174178138243644,Trimas Corporation
90556340-6183-4014-b75d-2b7374e34eea,,,,,,,,,,,,,,,,Necessity Retail REIT Inc (The) - Class A
a16d821f-5838-4399-846a-2f1a3aeeb81a,,,,,,,,,,,,,,,,Mr. Cooper Group Inc
ba65411f-3aa2-47bd-a50b-a26fddea941d,85.11721,1.47,65.76847,United States,Industrials,0.094560005,0.3009,13.349974,0.37326441660515,1.1916623685473842,-0.7755437885521734,27.44562047055442,5.917211451271644,0.02804460627865203,1.4526238973319117,Bloom Energy Corp - Class A
c367231a-ff17-4fc4-86b1-25922acd9f0a,1.1780821,1.46,9.198657,United States,Financial Services,0.0,0.0,0.123134375,0.042522444045060726,-0.07997092873492129,,,,0.0324558218349068,24.548614641329785,First Commonwealth Financial Corp
500fbb1f-121f-44a2-9525-084760fc6a7b,0.5426218,,11.807318,United States,Real Estate,0.05957,0.17856,-0.1252259,-0.06376844808707383,0.054866519632932764,-0.40094398599649916,0.08304770264016914,24.353422198445685,0.008030703275854452,1.1389843915274107,Century Communities Inc
d8924d7f-1d25-4c83-92ad-f447090f0b68,0.9771267,,-1.166467,United States,Healthcare,0.0,0.0,0.80370367,,,-0.15029787500195457,0.12916209251991273,,,,Nextcure Inc
69887474-1f46-47aa-b88c-be7f121d60e2,0.40958536,,1.1055046,United States,Real Estate,-0.97783,0.20535,-0.16896552,-0.04906435417617527,0.8389304057382894,-0.6348561223861426,11.704048571781708,-23.695674300254453,,30.10333959969037,Seritage Growth Properties - Class A
070c91e1-e97a-459a-927a-770921756ccd,0.9145996,1.91,9.523985,United States,Financial Services,0.0,0.0,0.14507544,0.30328522547586023,0.580269862256578,,,,0.02513014695333156,23.914616681355167,First Busey Corp
acbd24bb-0b41-4ee5-b017-74f9675054b8,,,,,,,,,,,,,,,,Eventbrite Inc - Class A
112f2e48-3d8f-48c8-9d8b-a62c4643f069,2.238397,1.44,15.109826,United States,Energy,0.115430005,0.19923,0.12575364,0.005100716238298109,-0.05541849346102046,-0.03254023316872767,-0.5052959440406671,5.961384798256621,0.030588948263113362,1.1268652378738098,Core Laboratories Inc
033d4b00-21a7-4200-bea5-cfd32ceb0d09,2.324982,0.38,9.982211,United States,Consumer Cyclical,0.04346,0.159,0.071884036,0.010188152164982256,-0.01633119274363204,-0.07150655021834063,-0.3529192737863732,21.304857417824866,0.009341179951877906,0.3955535487339335,Sonic Automotive Inc - Class A
56f14295-5e36-479f-91af-f361d78234b4,0.8982701,2.97,5.5537567,United States,Real Estate,0.0,1.0,0.011918902,-2.741087359030466,-2.018059613104694,,,,,65.60399215910776,ARMOUR Residential REIT Inc
697cdd6a-5eb1-4ef9-99bf-8633c7dfa299,1.4414115,0.93,-7.2569427,United States,Consumer Cyclical,-0.01119,0.38066003,-0.0688172,-0.09239126933428743,-0.008467703163489548,-0.1587946282345234,0.5970384235902346,-25.25418929850919,0.02115687252788441,0.5352881055377458,1-800 Flowers.com Inc - Class A
cd787345-3083-44d9-a334-186d94e8e7db,0.08925635,,,China,Technology,0.08929,0.70655996,2.189394,-0.1566398761244065,0.20084508024928271,-1.6641513743749554,-2.8518543194467147,,,7.26276907685939,9F Inc
cccdad75-eea3-4bc5-9bbb-36c6f512020f,,,,,,,,,,,,,,,,XT Energy Group Inc
f7a852ef-d95a-4c0c-95ae-30ca6480b2f8,0.99000025,1.8,14.868914,United States,Communication Services,0.0513,0.56216997,1.2129321,-0.01878354203935595,-0.05597387620455174,-0.522982062780269,-1.954920634920635,6.647342995169082,0.02831299232142727,1.1895019131801383,Scholastic Corp
59d17772-87f2-4d2e-bef8-95dca7f5ad50,0.47694394,,14.305085,United States,Real Estate,0.0,0.0,-0.32299465,-0.11442121663499238,-0.0429403676104082,,,,-0.20731812065164487,-190.79067769920118,KKR Real Estate Finance Trust Inc
2a05057b-be1e-4274-a2db-f09441b4fafa,1.8827931,0.85,-23.686275,United States,Technology,-0.09427,0.34433997,0.77647054,-0.0982402078394653,-0.028058199709466658,-0.7691866619618913,-4.328626771469934,-3.024775082720337,0.025635473060067027,1.4484893013663316,3D Systems Corp
cfce74c3-2e89-4011-826a-95fef7e28131,,,,,,,,,,,,,,,,Upbound Group Inc
fb5691f5-de71-49be-840a-f1e117b2265a,1.8638537,18.45,16.81271,United States,Utilities,0.46884,0.53194,-0.14969552,0.09961400419855093,0.075973633340233,0.09517092208586075,0.18844124391834827,17.753026245313336,0.4926195264809564,6.792357605012075,Middlesex Water Company
13cb2748-e271-4a38-a075-897f29b64abe,0.585654,,3.5713184,United States,Technology,0.22782,0.75095004,-0.157767,0.04486259295182671,-0.017452297800142125,-2.599038375569971,1.173933177164249,18.57799143799565,0.20911650096205678,4.066938941166575,Repay Holdings Corporation - Class A
9644c574-b30c-4a45-a7cb-a893995a5de0,-2.5797267,,40.35635,United States,Consumer Cyclical,0.02655,0.74478996,0.6685083,0.15381092585314504,0.2436031852496915,-0.5714444013518755,-1.0380479545828791,53.22146356718441,0.04364266117034224,0.527660229533077,Therealreal Inc
51616e99-d00c-4d49-b319-889ee8777cf3,1.042471,1.36,16.071428,United States,Basic Materials,-0.00356,0.102910005,-0.042553186,-0.011344835736232572,0.1219393596630507,-2.3302107728337234,0.09245180835039846,-332.8059701492537,0.011812280917306576,1.0126769526504869,Kronos Worldwide Inc
d2deddde-a40b-426a-bd54-318df7dfda53,,,,,,,,,,,,,,,,Fanhua Inc
4248404a-5cfb-4b49-b176-0516a604e890,0.9044118,,-24.6,Hong Kong,Consumer Cyclical,0.4039,0.67371005,-0.17449665,0.09277764036606473,-37.48862173614935,0.26799861715306394,2.3470037791814375,27.7708882373661,,4.049314154754153,Studio City International Holdings Ltd
101933f7-4763-4a00-9883-8117e6754238,5.7461715,4.14,28.619186,United States,Real Estate,0.54024,0.73232,0.13444841,0.11121207420048318,0.06197267092945413,0.15875780114231364,0.15443817363244228,19.239322140659446,,4.326638767878572,Tanger Factory Outlet Centers Inc
503c8d72-4e81-4677-b8ee-9d41b1d12693,1.1203843,5.35,9.194245,United States,Financial Services,0.0,0.0,0.08488965,0.027899912700658946,0.10590638330633528,,,,0.09176564208864779,35.525578844077856,Southside Bancshares Inc
e8d5c8f3-7933-4f07-8203-ed2bbb7ed816,1.3419327,0.92,7.128832,United States,Energy,0.5843,0.79656,0.36238432,0.05103712088504664,0.05441134108640977,0.011465356182154274,-0.38734736628155175,6.33712445661889,0.5869430137370479,3.2581008702315972,Matador Resources Company
359c6359-4adc-46c8-aded-6e713e257a9e,,,,,,,,,,,,,,,,Sandy Spring Bancorp
6c9a9c60-e432-4735-b984-7d0d7fc8a26d,10.392157,,-5.578947,United States,Healthcare,0.05219,0.81941,-0.6214286,0.23926274813428816,0.8091519366207744,-0.07520510483135823,-1.785874865600143,0.0,0.03484449493124043,1.5022299530128569,Akebia Therapeutics Inc
a2446637-c2f6-444e-8dbe-ff3feafa52fe,1.5776219,,5.0624585,United States,Healthcare,0.043,0.67931,-0.6547244,0.15851423674109455,-0.12360022967936768,-0.7540600571148355,-1.850242598444636,0.9110573433341399,0.05076457859985595,0.9864343945444772,Phreesia Inc
919979a8-52d9-442a-b3be-4be9b4770079,2.467131,,5.1809745,United States,Financial Services,0.02495,0.22338,-0.516143,0.12303238540828998,-0.10170327461033613,1.0757466714645556,1.3695966438859566,,0.008808009627008713,0.6015655235342673,Trupanion Inc
cf58e452-8bf0-47eb-a72e-8d9356d95e36,-25.147058,2.65,78.491806,United States,Industrials,0.11101,0.43738997,0.5229008,0.047858153156604466,-0.02125041046433951,0.6074770258980786,1.9393150412924993,35.17127443951102,0.019668982153123068,1.6955962798420081,Compass Diversified Holdings
9d42cf7b-ff5a-4161-a440-624975670622,4.2144113,2.3,30.081064,United States,Industrials,0.24174999,0.43074,0.68535435,0.09020692285687049,0.14537672546625158,0.06146926536731634,0.0003914210559390341,6.125176304654443,0.04415650719204822,2.1465773858234796,EnPro Industries Inc
c3b13ef4-4c4c-474d-98f9-1a1e71816cad,0.4412039,,2.5121396,China,Financial Services,0.43813,0.61412,-0.7089875,0.047199148805194824,0.18439464780910664,,,0.12274831893445019,,3.04322137667046,360 DigiTech Inc
f41daa89-0ff4-4915-9e86-29050babc1fa,18.202246,0.39,49.428047,United States,Technology,-0.072909996,0.57155997,6.6630707,0.2971003639107088,0.811194134045105,-0.8439559817816629,0.08650035130862532,-3.767808533002722,0.03938918757467145,1.5914513967490411,MaxLinear Inc
0d1fe40b-57a2-404d-9241-59e502f86425,0.6353444,,10.002522,United States,Healthcare,0.00285,0.50442004,-0.6948718,0.014847480625211906,-0.0564755909512662,8.622981599699587,8.992982035866552,415.3800695249131,0.07125453148801651,2.1468374096228193,Health Catalyst Inc
19d01dc5-a5a7-4690-96f0-f3f8bc7f87e3,0.97259295,0.95,7.847995,United States,Consumer Cyclical,0.11554,0.21620001,0.095431566,-0.01928864933502339,-0.033048114541823104,-0.20878918322601747,-0.29830570377888543,1.663300457926499,0.001931049283106481,1.0931548728005918,MI Homes Inc
5bf3c353-8f60-4b23-a38e-06ffb122828a,0.627976,1.15,7.657774,United States,Financial Services,0.0,0.0,0.044176698,0.05405860825149422,0.13162301687157052,,,,0.019654855493549256,35.783361157374706,OceanFirst Financial Corp
0adc4140-0cc6-47cf-b42b-32a010df5432,2.185171,0.73,10.182634,United States,Consumer Defensive,0.28844,0.79887,0.08450258,0.1995567672347831,0.22066924108772756,0.2152487501024507,-0.13370117114084357,,0.010032345329497783,1.4944497921170772,Perdoceo Education Corporation
b3571fde-11f5-4ea8-b117-eaa17cb3c414,3.4633963,22.79,21.23539,Israel,Technology,0.07487,0.80658996,0.17627263,0.09811554132712463,0.2076286724061701,0.738807879253006,5.231848183613129,,0.027567409421036863,2.128996215074779,Radware
d862fcc6-2c24-44d2-9acb-60683b38815c,3.7206163,0.96,47.62727,United States,Healthcare,0.117939994,0.17204,-0.13633364,0.13177659699498334,-0.015388679712605713,0.0754049167083446,-0.07990504462048953,4.652663315928033,0.09944358559993573,1.664194241031983,Radnet Inc
e7413568-41be-427c-abca-ce4fb344555a,2.8549023,,17.89796,United States,Technology,0.17068,0.62404996,-0.18625051,0.036378103119032446,-0.15211024689588615,-1.1776471723362572,1.0268203541144774,14.251242603550295,0.01551258225546741,1.7515189969021374,Mesa Laboratories Inc
9c12eb1c-5c1d-4b80-b953-5d9b83d7d9c7,3.412791,3.75,7.8497972,United States,Basic Materials,0.53,0.58368,1.3637583,0.9640552330821646,0.9187798129130278,2.9049668142655434,2.3797019400644626,0.3865179817618378,0.0861807976167841,1.6975787032587264,Coeur Mining Inc
a989f81c-2225-4416-ab08-424266df72ea,1.0809946,,42.175003,United States,Real Estate,0.62237,0.80514,0.0071641207,0.04671549237386219,-0.10854817740162681,0.19836524988323223,0.2113857340545544,26.78667068441463,0.1673502336086627,8.010012964669238,Community Healthcare Trust Inc
48280e01-d705-4c85-8d80-efe447073ce1,1.780469,1.7,15.171192,United States,Technology,0.04235,0.18826,-0.070860445,0.025205219765905618,0.11749123150448049,0.0506766558014915,0.35430494594225104,,0.002647943792227757,0.46229635757063264,PC Connection Inc
9845b01c-fe9c-4516-9906-b1466eb939d8,1.6568806,1.83,33.02128,United States,Industrials,0.13432999,0.23555,0.13866472,-0.11566428998075817,0.02170433875668054,-0.2225457467557499,0.029040419611703117,,0.1673016815198002,1.128602053708607,Marten Transport Ltd
896c25b8-6bbd-47fa-b1cc-54090ba8b04b,0.65868264,93.65,-3.4375002,United States,Healthcare,-0.19358,0.14917,-0.17293233,-0.17176163038839098,-0.0316485448951207,-1.3051101797026885,0.5661852537563917,-0.6698283448747923,0.018786039874022678,3.337175130398554,Opko Health Inc
61513d5a-2c9f-43de-b883-6121bc331cc7,,,,,,,,,,,,,,,,Schweitzer-Mauduit International Inc
660d470a-6ed4-4d44-b048-394397248d7d,,,,,,,,,,,,,,,,CSW Industrials Inc
0e3b8462-4fbc-4bbc-8ef8-477a0ae00c3f,0.55252385,0.78,67.93548,United States,Technology,0.04007,0.15375,0.4172275,-0.055188199389623604,-0.03959453140997349,-1.3759662684469431,-0.20974256948212455,21.364795918367346,0.026272745859742385,1.3266203230423226,Methode Electronics Inc
c5f13919-b409-433a-b47f-744060ccd7f0,5.7327943,3.32,10.485626,United States,Consumer Cyclical,0.22103001,0.58943003,0.16497588,0.05258716399568564,0.12832615732079056,0.05136475701380827,0.24392090223697882,,0.03495128403871812,0.7850784142201225,Buckle Inc
249d6d3b-d7cd-4256-a756-0f42614637de,1.1426927,,6.1766686,Argentina,Industrials,0.36376,0.31972,-0.06712121,0.06503198294243062,0.11806642799437161,-0.007781068945089897,-0.07312131988573412,6.717730424143556,0.4603616270111934,2.915160030862421,Pampa Energia SA
8cd8172e-64b9-4101-8537-6be51c31b399,3.0742779,,-6.5735292,United States,Healthcare,-0.80116,1.0,1.25,-0.03416869963776148,0.1783807859722638,-0.31795391916717697,-0.6529166617774191,,0.06204036813893344,4.458183433747996,Enanta Pharmaceuticals Inc
288018c3-e11e-46e6-804c-9784b62c2ef9,1.3616468,1.37,10.18685,United States,Financial Services,0.0,0.0,0.14166665,0.08744629521054192,0.046460308646074866,,,,0.02040313632376412,21.294836419860122,1st Source Corp
bdf69ad4-5fa1-49d6-8cf8-d575571a4a04,1.9060616,1.44,12.654143,United States,Financial Services,0.0,0.0,-0.065448046,0.06100038260828411,0.08375916560745544,,,,0.05244670250372868,26.067533218584177,Lakeland Financial Corp
68733ec3-1b68-4f33-997d-57047acadcdb,0.8934362,,-50.617676,United States,Basic Materials,0.07911,0.07329,0.50754714,0.07859649122807011,0.11761532459890167,-0.9592233009708738,-0.6407794969362917,51.2034632034632,0.11678082191780823,2.1211472602739727,Tronox Holdings plc - Class A
9dc44d93-a2e3-4444-a10a-c5d8b5253e27,1.4901421,,-2.8017242,United States,Healthcare,0.0,0.0,-0.49612403,,,-0.1506273107461058,-0.2579520084361959,,,,Rocket Pharmaceuticals Inc
cb8d37ca-a135-4dc5-b52e-dd0e2da6ea18,0.44877037,,8.91875,United States,Real Estate,0.0,0.91455,-0.13828504,-1.1815183403058382,-2.9713158252659317,,,,,44.39245816272032,Rithm Property Trust Inc
40e8a8cc-ad45-456b-b4b2-366feb996bb3,7.59543,,32.153625,United Kingdom,Healthcare,0.12585,0.54654,1.1133134,0.5660496042684979,0.32762920936405515,0.921723911616714,4.060874866677555,,0.0021616747240461747,0.982168183407284,Kiniksa Pharmaceuticals International plc. - Class
93875c28-94db-4286-b868-7f99d3c60474,3.853139,1.68,10.2779875,United States,Healthcare,0.1565,0.32574,0.42436802,0.20904349400668054,0.17123231430169428,1.1262452218232366,1.4860769567407395,11.346541485981069,0.0305264580787273,0.9115133650887962,Phibro Animal Health Corp - Class A
3ada3675-507f-4a3c-b013-5db9a9fc129f,1.6424663,2.78,20.036638,United States,Industrials,0.11728,0.15578,1.25,0.137831640823175,0.38436944841374343,0.22679521861244578,0.29634332561667687,31.09171954232779,0.17099371672948763,2.2592462215577025,Ameresco Inc - Class A
e9512e6e-c864-407c-a29d-8404d322a894,1.2555119,,-24.505974,China,Healthcare,-0.13736,0.47766998,2.3490012,0.03866644667136665,-0.15225490157178,1.5783913886474559,5.1575977081028554,,,1.737620480759754,So-Young International Inc
be372367-f1ba-4baf-a2ec-c02c68eebb60,0.83903426,4.55,6.3898253,United States,Consumer Defensive,0.14142999,0.21869,-0.056561112,-0.05369700908792652,-0.0071473095964794675,-1.4928758090403926,-3.0616736030499254,30.19830959797703,0.016911292305390804,1.6096409653458965,B&G Foods Inc
6fb96299-80a9-4595-b000-949c07b5bda2,1.2890661,0.83,9.409884,Israel,Healthcare,0.21493,0.77838,-0.043358564,-0.061605600555192486,-0.02995828655592958,-0.35214032421479236,-0.3408022158807035,,0.002826728614749017,1.975386155151964,Inmode Ltd
a80abc09-f362-4e75-819f-4363075dfa25,,,,,,,,,,,,,,,,Athenex Inc
6a86c0bb-d359-46f3-9503-ed46a94ff1be,-7.244234,0.81,22.685184,United States,Healthcare,0.0,-1.90488,2.689759,,,-0.12754438496204212,-0.11636302859753633,-7.070188049916614,0.006570302233902759,23.932780754068535,Omeros Corporation
0a545177-2705-4842-a712-f698ed5a5455,,,,,,,,,,,,,,,,Glu Mobile Inc
ea585c75-659c-4f75-bdb9-0f399fe57616,1.2107452,2.46,12.7016735,Monaco,Energy,0.52337,0.68851995,0.97641397,-0.07252416080261137,0.6038947146766226,0.04077397490138246,1.2914379300531136,1.069447339799854,0.12205500536389048,3.857460733430565,Scorpio Tankers Inc
1f25dddf-78d3-4b89-b3d2-a9ad4b1c173d,-0.47948596,0.7,4.229836,United States,Healthcare,0.1192,0.45953998,-0.5895628,0.0305658867987606,0.7741670710717361,-1.2507093697174596,-6.284205094066846,23.68870238345298,0.07412751562480265,1.4266721756589205,Accendra Health Inc
a1819979-540c-4cc2-86bd-4cd7ad54d231,2.1565456,1.72,16.622295,United States,Industrials,0.13945,0.2997,-0.26218832,-0.09940897573596164,-0.03148267194901777,-0.16169954230629024,-0.5936300537375288,,0.08017990158641683,1.3148017738052005,Lindsay Corporation
2728b906-324f-4e0f-acde-1cc77001e3b8,2.1180632,,3.7903068,Colombia,Energy,0.54375,0.72016,0.431988,-0.19065231129343896,0.02440881918885729,-0.18245904182569395,-0.16042228788472657,5.840453636470849,0.2292086237238172,2.23088628145191,Geopark Ltd
439bd9c7-acc1-4f8c-9287-d567b58e73f2,,,,,,,,,,,,,,,,Turquoise Hill Resources Ltd
3316d527-c7f3-4bd4-8597-63aa274abfd5,3.7211983,,23.633572,United States,Energy,0.23187,0.50932,0.8670521,-0.01542658473631997,0.5199428563758215,-0.8029395553100833,-1.5314979850944406,36.017347097389816,0.2271745075832502,3.610224009700472,Kosmos Energy Ltd
a9ec8827-acdd-4c0e-b6ea-d7f243710e73,1.5773778,4.64,11.94692,United States,Energy,0.52208,0.55981,-0.37536907,0.1696144896343753,1.10688476898443,0.3871035626399356,1.6544766957047403,11.392109219317746,0.6742923887877321,3.3913098369528543,Comstock Resources Inc
644db649-aa0d-47dc-9513-1620fe2deea7,,,,,,,,,,,,,,,,Meredith Corp
e1822e8e-dc18-4972-aac1-a303f7683465,2.2996697,3.44,17.407894,United States,Consumer Defensive,0.042859998,0.102419995,-0.013054848,-0.019817275948387447,0.019669839240594178,-0.2705700690133299,-1.5709529674756775,,0.004311554813716426,0.4921428055497801,Calavo Growers Inc
82e7d0f5-a097-40a2-95fc-5b1d0f73c15d,1.1761303,1.94,11.239914,United States,Financial Services,0.0,0.0,0.18879414,0.0018363989485611354,0.036683735508708404,,,,0.012891654324786983,23.708719417783847,Trico Bancshares
3b12c30f-1655-4c3e-bbad-5e764dcda5e0,3.9845252,1.26,14.0145855,United States,Financial Services,0.0,0.91293,0.18055141,0.18984308558215524,0.29815843219788574,,,,0.017190565886471557,1.0652186345611225,Piper Sandler Co`s
432f5539-c482-4c2c-baf8-413229168ef8,4.321672,1.65,15.987937,United States,Energy,0.56044996,0.66321,0.47944665,0.16888594488542785,-0.09457658491624699,0.3065025573181823,-0.1818245733518986,8.910000381042488,0.2953063166289456,2.8977027526880748,Archrock Inc
8caf6a76-ba4d-4133-99e0-ea7c6866ec5e,5.590327,,-40.32395,France,Healthcare,0.0,1.0,0.8194444,,,0.6209567130455464,1.0300480897099522,,0.16178521617852162,32.864452580195255,DBV Technologies
3227b6ca-ff94-460a-b3ff-fd1ab3df297f,,,,,,,,,,,,,,,,Odonate Therapeutics Inc
cc918725-feae-48f0-a677-7bc91ded7df7,-55.726498,0.28,372.5714,United States,Healthcare,0.1547,0.27947,0.93185186,0.021941860580447115,-0.07345143100288354,0.028879366122176675,-0.4241876445964329,34.752127768012656,0.0671454574311667,2.025117991286351,Brookdale Senior Living Inc
4161bcc9-c5e4-420a-891b-f98a55c3405c,,,,,,,,,,,,,,,,Brookfield Property REIT Inc - Class A
2586b495-e291-4544-a9e2-c422cdf64ce8,0.6885725,1.29,12.637849,United States,Consumer Cyclical,0.062750004,0.39365003,0.014835715,-0.07035471624084033,-0.030535431814015412,-0.5565547454490819,6.1624542870008305,0.0,0.01192622836215724,0.8857240952499249,G-III Apparel Group Ltd
f90db4a8-477d-4940-b818-d937422a0fb6,1.1299136,2.34,12.424407,United States,Consumer Cyclical,0.038039997,0.43572,0.8314285,-0.021370573298783446,0.033781125369716114,-0.289701677881422,0.5428719862996121,15.912019702642771,0.010925888309531681,0.7047024244764988,Designer Brands Inc - Class A
de6580de-f149-42f1-b325-0732b7f10ed9,12.2745905,1.46,40.0998,Israel,Technology,0.31451,0.57310003,1.6773412,0.2982572665382046,0.40213622996932097,0.34606356657996584,0.444012954434266,3.0187278438502543,0.03068931775428421,2.1233236816104877,Nova Ltd
38d654ae-ad60-4070-9e28-280211b80451,3.26574,,17.61023,United States,Healthcare,0.00561,0.68884003,0.12824857,0.19071146245059278,0.5187250854888972,-0.8698921124713511,-3.739814220183681,,0.021261082311903493,1.0300215590329926,Caredx Inc
6a604bd9-05ac-413d-bb2c-cce3d022e5b6,1.4002037,,-2.5229356,United States,Healthcare,0.2885,1.0,0.30331755,,,-0.43947223749312814,-1.1892560887043087,,,2.2977607142857144,Black Diamond Therapeutics Inc
a5e5317a-0df4-43cd-b685-ec78887055f8,1.0937295,1.23,9.923418,United States,Financial Services,0.0,0.0,0.068731666,0.13110100090991805,0.03219992432234742,,,,0.012409161707153747,24.149217609273972,Enterprise Financial Services Corp
5fed887d-77ae-42ef-a8b3-5e11363fbd72,2.5254445,1.08,17.08562,United States,Consumer Cyclical,0.06646,0.53631,-0.10442734,0.0847597731148737,0.18529671024329308,0.42547099784383735,0.7444671528561434,,0.011462802193400555,0.6015987824933134,Revolve Group Inc - Class A
3a1fc83f-c411-47a9-a960-4e194c6f6fb5,14.87221,,18.302658,United States,Financial Services,0.0,0.95186996,0.037240744,0.2886411467625589,0.16413955973958005,0.35850432690872336,0.5499650031102977,,0.028863764211059222,0.9186964936067817,PJT Partners Inc - Class A
5207fce9-f245-4cac-a958-b580c7854582,2.4319854,0.06,14.154673,United States,Industrials,0.19639,0.32359,0.011416912,0.2827504445761708,0.12507015268275734,0.10316875460574804,0.4202736856485805,35.2636761487965,0.2894284406861108,2.969757116431261,Herc Holdings Inc
97d617ac-cd51-4691-b188-9d7ebcb31722,3.8238761,2.64,24.423439,United States,Industrials,0.20525,0.45224997,-0.0077120066,0.049431965542345246,-0.05958480501078822,0.027100458060203225,-0.024664086363981763,3.237239207238149,0.01557545055224949,1.4079769216846174,Kadant Inc
11d3662f-c295-48f9-b5c2-b0261aecea34,1.4922504,0.73,1706.044,United States,Energy,0.18313,0.23999001,1.094435,-0.10250950601451014,-0.6935746989927745,-0.17066288861396017,-0.7476724961207911,4.404312097197242,0.11661532738274955,1.1815215621115467,Patterson-UTI Energy Inc
4425179f-e371-4f41-a991-c494a6c4eb97,,,,,,,,,,,,,,,,EVO Payments Inc - Class A
38c5b879-7ede-4b89-bcc4-6febcb10528f,,,,,,,,,,,,,,,,Realogy Holdings Corp
ee8364f7-31d1-433c-8bc5-0bec91b211f1,6.945906,44.97,24.264706,United States,Real Estate,0.60025,0.70647,-0.039860368,0.07809646378795376,0.03194418200157134,0.03560253849281403,-0.017246447049647395,35.24206791060724,,7.2586874889821305,Saul Centers Inc
efcfc334-b622-4d4c-acba-c0bb24b8d166,,,,,,,,,,,,,,,,Guess Inc
4ce1bb7e-c793-4f6a-be1c-34720db5f3a8,3.410545,8.01,17.22035,United States,Energy,0.14056,0.2001,0.91594934,0.04621854897167066,-0.14702954464717366,0.1606875689370857,-0.3845432843754243,0.1284766074668126,0.03652024726018918,0.9080231548617224,Oceaneering International Inc
2187cc7d-9d83-4db1-a7a5-993c7f665084,1.1467863,1.7,13.023582,United States,Consumer Cyclical,0.06757,0.60747004,-0.2958855,-0.034918786490399145,-0.13887655686078193,-0.7795518724763136,-0.3593193327848889,4.25414342509789,0.07330931699564976,0.8893345018651296,Oxford Industries Inc
cb5c282c-4617-453d-a332-12ff7898d422,2.7793593,1.33,27.3706,United States,Technology,0.05158,0.10208999,1.2944355,0.0011306028940873958,0.08845253275830556,-0.009741017633513094,0.21425320128265635,,0.019469618515508564,0.7640712358534427,Benchmark Electronics Inc
bb6c5d3c-1afa-4149-b0dd-2288cadc1db6,1.3032514,1.41,10.609271,United States,Financial Services,0.13144,0.12357,0.6922535,0.10866550572747746,-0.0027625626300475936,,,,0.004524337617881525,2.594176122976814,United Fire Group Inc
473c338e-80ff-44e3-b72b-7db16a8cb2f9,2.5686996,,5.4853497,United States,Communication Services,0.10403,0.97452,-0.27136308,0.38451588396409364,0.43289845407591787,0.4137749737118823,0.4447175522600947,,0.007616419405240324,0.400547064008305,EverQuote Inc - Class A
41293e1c-3104-4ee9-b747-101baf5facac,1.1445916,,12.181015,United States,Energy,0.12104,0.16021,0.1273495,0.8295792791654382,0.8248189024963257,-0.2583033320899083,-0.4948241380289028,,0.06725064770620412,1.464360398006887,Core Natural Resources Inc
b2f8bc78-f109-4986-be9a-25d7186d7838,0.8849937,,4.9409714,Israel,Communication Services,0.09748,0.81852996,-0.6720532,0.08330958145970246,-0.08696130127922863,0.6151530960311409,-12.810312874066693,3.480306868696525,0.0012091813911876538,2.128335150600164,Fiverr International Ltd
9675f8c0-2f67-479e-88d7-ba0ca123a460,2.0432248,0.84,14.986474,United States,Technology,0.09434,0.26594,0.25718606,0.07621155302608962,0.11097428186255431,0.027475012924349507,0.9744308635314296,,0.0021217390814276737,0.7562382975372967,ePlus Inc
4dde1545-f65b-4339-8175-40113977c928,1.2692051,1.38,,United States,Consumer Defensive,0.05071,0.25899,-0.075243354,0.034638637819743634,0.03451411475158017,-0.007570933276728198,0.06711555888270304,,0.04067630212426817,0.40333368125551733,Weis Markets Inc
fbc94239-f9a9-4904-9cb7-91b6567224c7,,,,,,,,,,,,,,,,GMS Inc
d0c2461e-d928-4722-bd90-859881bb7191,14.054054,,18.447535,United States,Healthcare,0.01314,0.90942,0.45628417,0.9134434370261828,-14.257473546153415,-1.0161429283997643,-0.7912758674377197,39.76807614863628,0.025710738552152907,0.9025513444844379,Arcutis Biotherapeutics Inc
c0acda44-1252-4eef-92d4-1cf43c455b96,0.79250205,1.05,9.006762,United States,Financial Services,0.0,1.0,-0.15174603,0.0014493803898834035,-0.3557651017737352,,,,,9.901166360783892,Bain Capital Specialty Finance Inc
e5f254f8-97df-492d-8bd9-4f758c39a2c0,15.5794,,30.250002,United States,Healthcare,0.27568,0.59652,0.6325613,-0.004475385380407704,0.06861103761559717,0.21030901993165663,1.3450768851929882,0.8215735585924993,0.05171026059551187,2.4456175896829397,Trulieve Cannabis Corp (Sub Voting)
d04754fc-0959-4f7d-80cc-a4dcbe50071a,,,,,,,,,,,,,,,,Armada Hoffler Properties Inc
20162f01-cd74-41ea-9422-79ad06925e8c,1.8296254,0.08,5.2146344,United States,Technology,-0.05743,0.77467,-0.7299049,0.17190613369015884,-0.18722673186391048,-0.2771112460010349,-0.615452470500098,,0.008740726400089811,0.9856462243399862,Sprout Social Inc Class A
bec6309c-80e6-4e53-a6a5-56a96e854f07,1.1226931,,14.078622,United States,Industrials,0.04318,0.20828,-0.12980133,0.18836915297092283,0.8883477768815693,-1.1946308724832215,-1.7375,4.775510204081633,0.006756756756756757,0.8205052878965923,NOW Inc
77bf45bd-fccb-459c-8041-72e0beea1ac6,1.3363203,,10.121198,United States,Financial Services,0.0,0.0,0.12327564,0.2318025870716658,0.41498401445318545,,,,0.016013140228657744,27.95549454487363,FB Financial Corp
531bf8b6-3346-4ed8-a6a6-b32bd1d33d71,3.8528962,,107.00677,United States,Communication Services,0.1917,0.39823002,-0.5255748,-0.014019787124302518,-0.13665265212124822,-0.17543859649122806,-0.3399745813397129,15.283304390969983,0.18613277534715617,1.9504232451968804,Dave & Buster`s Entertainment Inc
facb6cdf-1286-4658-b3f6-f712708d0311,2.675073,,11.319839,United States,Healthcare,0.15786,0.74134004,0.49561274,0.08937304224874532,0.17582931083328834,-0.4102637804851085,-0.3485813600700408,,0.0017223778581277203,1.8028639446718475,Supernus Pharmaceuticals Inc
eb435ec0-bc57-40d6-abc8-b2a0c9d62ea9,,,,,,,,,,,,,,,,EMBOTELLADORA ANDINA SA SPON ADR-EACH REPR 6 SER'A
bdbce308-ab31-4800-b576-6263d7d4df0c,0.552666,0.14,32.865734,China,Technology,0.047270004,0.04354,0.2974683,-0.2900469173368775,-0.8345196704291442,-0.4527545964142127,-2.026768117339956,32.66878805602026,,1.915481659361982,JinkoSolar Holding Co. Ltd
c1959787-7a4d-4aa5-981c-ee542efacf34,,,,,,,,,,,,,,,,Artivion Inc
af7cf30b-e168-40cb-894a-01411479a797,0.72096825,,,United States,Financial Services,0.0,0.0,0.4824561,0.12461682461682466,0.5462899423550203,,,,,38.26206557161994,Farmers & Merchants Bank Of Long Beach
f1d8cc99-66e5-4dac-9e13-e583d03c93b9,0.95080423,17.67,18.026907,United States,Energy,0.15109,0.10791001,0.55332303,0.0355385810460902,-0.44164387228113466,-0.17054355425470147,-1.708070912204807,,0.011269014504402743,2.0149061329282714,Helix Energy Solutions Group Inc
e3799081-14d3-4e40-bf4e-ad784d887cea,7.3315463,,30.384768,United States,Healthcare,0.43245998,0.94166,1.3152921,0.3394489096948523,-inf,0.462677506202819,0.6818777527549417,,0.03090073423691122,3.060867497076472,Krystal Biotech Inc
3d8ed1f9-aac0-43a3-861e-923ad1b82d98,0.95451826,,-24.538464,United States,Healthcare,-0.02507,0.44312,0.040783048,0.03861425954334896,0.20185473446521585,-0.5561547043510598,-5.653562731106913,,0.029539370851856393,0.8720458694565443,Inogen Inc
fed2a3bd-af7e-4fb9-a50e-86a6bf192c00,2.8889618,,-66.719696,Singapore,Utilities,0.14622,0.24554001,1.5872502,0.1605541831269366,-0.044755622311449805,0.17079017113155315,0.006160550151798949,9.841916609148523,0.13350398575561123,5.335049495955304,Kenon Holdings Ltd
d9ca9d75-2cd7-466b-bc8f-2320b0e4dd6a,3.6499197,1.22,19.094395,United States,Industrials,0.062230002,0.1038,0.5066471,0.11399226637271886,-0.34639525733593324,0.14581036383682466,-0.6909919091609799,0.7714745653573728,0.015641070097571128,0.5946342822567624,Primoris Services Corp
da53008d-060a-4e48-9e66-07a0a1ff7562,-18.146467,,43.593334,United States,Financial Services,0.46362,0.55134,0.12903225,,,,,12.577248507414778,0.02478079561795054,0.47794999686653594,Neptune Insurance Holdings Inc - Class A
5f025d31-83c5-41cf-8c76-580fbf6ac26f,1.112899,1.57,9.8873415,United States,Financial Services,0.0,0.0,0.0697248,-0.009581542652671526,-0.2529234691322282,,,,0.06971385036753365,23.378024206401015,National Bank Holdings Corp - Class A
6f3e91a4-38da-4d9f-848a-0cfed0d98fa3,4.5067263,1.28,27.556452,United States,Basic Materials,0.09823,0.16403,1.5458834,0.06043131903517396,0.36039132847053423,0.056555327822698676,-0.06873538451359185,9.41701202924424,0.038575313910113734,0.9413379702539112,Materion Corp
86f4168d-1245-4089-86a5-0542cf9daae2,1.6366297,,10.271456,Norway,Communication Services,0.16976,0.50993,-0.018111944,0.23162084139129457,0.03288172763663866,0.2630999886485683,-3.166585292970915,,0.027419163503086406,1.7029625592819415,Opera Ltd
aea662e9-48dc-4625-b783-5b097743237e,3.154625,1.2,18.50672,United States,Industrials,0.21858999,0.23936,0.5204654,0.04584774209250675,-0.11578120938934378,0.05552589934647534,0.4378220065410203,5.943931817379305,0.04895277804712499,1.3377455941530108,AZZ Inc
a152f707-35c5-4e5e-bcd2-7365a4ebccaa,1.1871531,0.53,7.4898787,United States,Consumer Cyclical,0.12975,0.31377,0.25042248,0.09141006195283263,0.10128238438698012,0.19341752981583138,0.28975479037526075,9.381143097130954,0.01986500388105706,1.1042468327358537,Standard Motor Products Inc
71fe9377-d742-42bc-a371-3839ae5bbcb9,0.6471015,0.97,-20.8,United States,Consumer Cyclical,-0.011510001,0.70123,-0.10920769,-0.359648642323263,-0.013537698985165991,-0.9068384539147671,-0.6195645191032825,,0.014989714074382267,0.7494575329958625,Medifast Inc
eec13e10-2f97-4386-9da6-24be791b09c5,,,,,,,,,,,,,,,,Homology Medicines Inc
ce620306-adf2-4ff1-bc35-66dc6904f44d,,,,,,,,,,,,,,,,Associated Capital Group Inc - Class A
742e980c-6d49-4267-8b18-9ffa1e04ce44,36.003105,1.86,42.09535,United States,Industrials,0.21977,0.37151,2.4862783,0.2768541401432887,0.09545772942003095,0.4940656914159536,-0.10282096335946389,1.997230328232169,0.02781415373957269,1.0798042858031223,Vertiv Holdings Co - Class A
246ccfc6-09f0-4843-ad12-5584cc99b843,,,,,,,,,,,,,,,,Adverum Biotechnologies Inc
a371bc4a-69a6-484d-b243-09fd876d2f25,2.3704784,17.79,15.109634,United States,Healthcare,0.11307,0.7639,1.1865385,0.12470988176828768,0.11649573461175433,0.20558610887968864,-15.545028332946462,,0.00862538263746048,0.7847286083757001,Tactile Systems Technology Inc
dee184ea-2b5f-4d7a-a919-b3303dbfb4a9,,,,,,,,,,,,,,,,Applied Therapeutics Inc
6767945a-1db4-4a86-8c4f-b16d08f45327,3.6568031,1.18,14.202248,United States,Consumer Cyclical,0.14112,0.27165002,0.54469275,0.07728634015505342,0.2317338418197955,0.21959164365616485,-0.005562794078242894,7.684598440321958,0.016401413107920964,0.9628069988602661,Douglas Dynamics Inc
e149cc2a-1643-497e-a519-cb3fbbfcc258,,,,,,,,,,,,,,,,TiVo Inc
e2125cf9-d1d0-46ec-8dfb-08c4caca9cba,1.1818664,,6.779617,United States,Financial Services,0.21381001,0.38806,0.4749291,0.15865068829778917,0.4303763052032217,,,,0.11154846453737889,8.26370340517461,LendingClub Corp
f0deda2c-0fdc-4591-90a3-08eb14dc7feb,-11.377551,8.06,20.988235,United States,Energy,0.19022,0.28886,3.847826,-0.16471717597567437,0.21157290361896608,0.08708602311965175,-0.3902116118741803,17.391391109321575,0.06452708194200267,1.2396903997603275,NGL Energy Partners LP
d3a426ce-aa25-47b0-a878-9a4566e046fb,0.84908146,4.98,9.470589,United States,Healthcare,0.10461,0.33551,0.20599246,0.041430332922318236,0.0094865635940804,-0.3103070175438597,0.28133776115890496,11.85953177257525,0.03428571300624744,1.351720066174878,Varex Imaging Corp
83a748e2-3cd6-442d-bc7a-8a4c1a1d6c34,-0.34647727,16.57,-17.071428,United States,Communication Services,0.28904,0.53886,1.0603449,0.049536113168026974,0.027622171191498124,-0.07122862137390151,0.06580586289374546,41.428971317444415,0.05041841462346334,2.3340261792016666,Clear Channel Outdoor Holdings Inc
e86f61b9-a559-4384-b7af-665cc5392c91,1.5190237,1.86,21.465588,United States,Industrials,0.06077,0.37082002,0.2812953,-0.16597530707447694,-0.46245953929436223,-0.5845580159043979,-6.896038234734839,32.724105614864314,0.022158303070320236,1.3380315285572797,Matthews International Corp - Class A
0d76065d-5951-419f-a0ee-c64dc3214d3f,2.039135,,11.451244,United States,Basic Materials,0.23294,0.28338,0.77745306,-0.09030343696413923,0.5646401968302944,-0.36572872038867,3.2953919789855517,,0.23174587149894313,1.8566401687653622,Warrior Met Coal Inc
29e7265d-9c5c-4fde-8cc9-cc2d1891753a,1.107225,1.93,8.43305,United States,Energy,0.9753,0.74815005,0.111829996,0.2817929015014542,0.8980218511078987,-0.8157053977996199,-13.223146293016102,4.577462176503824,0.23836631497925384,4.034849321570025,CNX Resources Corp
1400f915-3b40-48b2-8184-30bc926e3df9,1.5822802,4.07,,Israel,Technology,0.092089996,0.19761999,0.38898158,0.18422454758627027,0.1653523614939043,-0.1757155979245798,-0.27132595401499415,0.6812032910900853,,1.2535932031053663,Formula Systems (1985) Ltd
b7275b60-2c5b-4740-85d5-c4ed52da999b,5.49305,0.93,17.218489,Canada,Communication Services,0.31987,0.59136003,0.2376566,-0.06037525444257397,-0.3071347290710672,-0.014828257790368227,-1.3436119727206752,4.286170902689849,0.0845072161689601,2.188890384368425,Imax Corp
29df370a-ad35-4fef-b6ee-ca0c01c36a44,,,,,,,,,,,,,,,,Teekay LNG Partners LP
9cc845b4-576f-4363-a0f6-70eeed8ecd7c,,,,,,,,,,,,,,,,Schnitzer Steel Industries Inc - Class A
e62373fc-38cb-4d89-9d0d-f57e8eff83d6,-7.3492093,,13.802232,United States,Financial Services,0.2582,0.48049,-0.6664304,0.20372709318881177,-0.016355046310730925,,,10.053514247497061,0.059508265390369616,1.0778808719461668,Goosehead Insurance Inc - Class A
aac39fd7-966a-4a35-bc94-f799679a24dd,6.1414976,,31.115557,United States,Financial Services,0.0,0.77793,-0.22331929,0.22744552882433045,-0.10531202677910145,-0.016795595214195047,-0.03023308958427451,,0.14608934278556682,7.107439884899336,Freedom Holding Corp
70165ec2-dafb-46eb-a7cb-3f8cb4189b30,-3.292683,,27.000002,United States,Healthcare,0.0,-2.26041,-0.72,-0.3157093425605536,-0.8991197954846589,-0.032278348354642605,0.5913724742155977,,0.0022571403767688166,2.402639117978991,Sangamo Therapeutics Inc
1eb6fb56-75ae-4de2-95e7-340609885f4b,,,,,,,,,,,,,,,,Revlon Inc - Class A
6072ef92-2ad0-4cba-a64d-efe75871a9ca,1.410414,1.56,11.293307,United States,Financial Services,0.0,0.0,0.35819125,-0.010678038882904306,0.09786693931506396,,,,0.010792354150219237,32.073956197065854,First Bancorp
bc82adbd-0376-4a74-a5de-12cb049ef87e,,,,,,,,,,,,,,,,Rite Aid Corp
9b507180-dafb-466c-a2fb-bec6afb32d37,-0.38638565,11.3,-12.269231,United States,Communication Services,0.1438,0.58596003,2.7382812,0.008010594946296523,0.043931817625285974,0.10005545570947016,-0.11191090160408756,34.398002314520795,0.020717944118852465,1.323027701338235,iHeartMedia Inc - Class A New
125144f9-4cb6-4956-94ae-1d43116274c2,0.6532036,,-10.48,United States,Real Estate,0.28407,0.42726,0.20459771,-0.003158040020060593,-0.08631989927893802,-0.10860099380154709,-0.07158309917446892,26.407629398887078,,3.851548040656496,Summit Hotel Properties Inc
31b94680-1522-4f6b-81a4-8c9cb8b7e1e3,0.71570796,4.9,7.968675,United States,Real Estate,0.12497,0.21341999,0.28370225,0.0663817663817663,0.12049275315024766,0.028708133971291794,0.1303812356443934,9.92927400468384,0.0010536174198080075,1.8447963006321704,Forestar Group Inc New
4eeb5a71-fdbd-4eea-bf18-c15027ee0cbe,,,,,,,,,,,,,,,,Denny`s Corp
0a3bb220-f0d7-430d-9872-e81ecd23a908,0.5303229,4.6,3.3666666,United States,Consumer Defensive,0.02806,0.1668,-0.51207733,0.022148398849265227,0.0409221019951036,-0.32395768512756684,-0.39735954332431345,18.14522702485506,0.016571164450628735,0.46543218376365697,HF Foods Group Inc
7febf519-0d1e-4736-be7e-b9fd5fe46d59,0.65421337,-7.92,10.038217,United States,Financial Services,0.0,0.0,0.25477707,-0.058784198530397624,0.24687953578663913,,,,0.00976001500638944,45.05211056660844,Kearny Financial Corp
99ea8854-c800-4495-b69f-7d2af79815bd,-0.49418604,,-2.0359282,United States,Healthcare,0.0,1.0,-0.6880734,0.4712655933468386,,0.40226396003288434,3.197798844304571,-4.031520381116962,0.001422475106685633,4.062980535498856,Gossamer Bio Inc
9ced9b21-ce2a-42b8-9226-9d3a22a1c1ee,-2.7982082,,8.248784,United States,Healthcare,-0.46870998,0.84933,1.7038724,2.169297039021212,-inf,-0.41687888590634825,-0.7465760005543378,-2.1515504925338944,0.0013275286492395995,1.286992659547469,Phathom Pharmaceuticals Inc
6940ee9d-52a4-460c-b5ab-1e3ad4454fbf,1.6922121,0.85,4.698724,United States,Communication Services,0.17808,0.77537,-0.50634444,0.02399376076430637,-0.10012274553694223,0.879863860191175,0.9827174741116403,1.8716463282273383,0.03678147431664934,1.6173504779309738,Upwork Inc
043373d8-64f9-4778-8410-7fad4de53e7e,5.8725047,1.96,18.939548,United States,Industrials,0.09806,0.15899,0.5965661,0.14203944102511779,0.24139496094262358,0.4173085288774021,-5.476444961006217,6.817379783779554,0.02850906372109061,0.8119677533228735,Granite Construction Inc
9535e5cc-249f-4448-bfb3-8181a286f381,1.9609138,,6.111111,Luxembourg,Basic Materials,0.2514,0.26007,1.8393881,0.08515294339632185,0.23701797920725065,0.9243957538117258,1.6129883303730168,6.388008712358082,0.1084384631837813,1.5323734020450357,Nexa Resources S.A.
f21410dd-8713-4620-9311-8bb963fa1909,0.90643674,4.25,21.455284,United States,Communication Services,0.25410998,0.56753,0.8415911,-0.0015087611013956392,-0.051761949204655155,0.021143077814249844,0.03523290687146807,11.090223345438268,0.12316596516802693,2.321244457900975,ATN International Inc
91554f47-264d-4e1d-a272-01d06b7dc1ee,6.8853893,1.57,30.567064,United States,Industrials,0.14688,0.15702,0.1566726,0.44141351187720357,0.2402310345441694,0.8284433338233133,0.5052349215040779,11.848910867788815,0.04499030204201781,0.9421115481658207,Construction Partners Inc - Class A
03bf29bc-91b0-48d5-93dc-eb313e5bc896,,,,,,,,,,,,,,,,Harsco Corp
bd1b68e9-b4a4-45f7-9ba5-1427ddf36a38,-0.43756774,1.25,0.92585987,United States,Technology,0.22481,0.74751,-0.718217,-0.21076879407847338,-0.17379440861221263,-1.2003595641908722,5.339533578821635,16.95536959553696,0.00465242811560523,1.9212188070602556,Upland Software Inc
95a763f4-4fdf-4de7-8b7e-57f2f5c2190f,1.1816405,4.37,12.003367,Argentina,Financial Services,0.0,0.0,-0.3619687,-0.20049035416488337,-1.3923275013164398,,,,0.06907842137700132,6.6206741297932385,BBVA Argentina
76de2b8b-6f1e-42bb-a792-4f8a242699af,1.2300411,3.71,8.83855,United States,Financial Services,0.088479996,0.61728,0.011663079,0.13820186125525158,0.43769150104922927,,,4.1900276128559835,0.02371199764843033,0.9356538209255053,Stewart Information Services Corp
e68ffbc0-74ff-4ebd-b262-a3016ceae943,,,,United States,Financial Services,0.0,0.0,0.21174586,-0.22453500722454445,1.4495971962153873,,,,,,Nuveen NASDAQ 100 Dynamic Overwrite Fund
d4a023b5-4046-4b51-b26e-3079337a0907,,,,,,,,,,,,,,,,WPT Industrial Real Estate Investment Trust
1ee7a5c8-ab2d-414f-afb0-12dd3bfa9f21,,,,,,,,,,,,,,,,National Western Life Group Inc - Class A
035e6955-fd5f-4582-b9df-07e1c4ac1417,2.7891738,,12.78068,United States,Technology,0.13349,0.78283995,0.11630559,-0.17713113703371364,-0.07521922118362934,-0.9416738255640458,0.02352958053751386,9.54646204194972,0.04429675916119466,2.057287253759797,Cerence Inc
464a30b3-9ca7-4523-a1dd-a0377abe8432,1.3593224,0.92,9.35532,United States,Financial Services,0.0,0.0,0.032159567,0.027049175685590066,-0.11135665567231046,,,,0.028969611529959603,19.170278743200353,OFG Bancorp
d0bc0faf-9348-4247-aa45-335b19fd1b24,1.593766,1.71,11.173397,United States,Industrials,0.08732,0.26379,0.12778711,0.08068347253084052,0.030703088066344586,-0.14356435643564358,-0.12204257793282336,4.508527131782945,0.027550261207343368,0.8186556733209108,Astec Industries Inc
e18096f3-7b5b-422a-8915-92860578ead8,-8.366972,,-10.040319,United States,Healthcare,-0.51294,0.81362,-0.32344216,0.1145351823317926,-0.3422208677539109,-0.017743080198722505,-0.542345879597222,-3.1355968741579088,0.024036933114019932,0.856324381107717,AVITA Medical Inc
25404c8d-3636-4f05-b7d0-0deacf3337e1,5.37823,1.08,30.744387,United States,Consumer Defensive,0.05643,0.24319,0.23981476,0.1049720088427768,-0.20003656611797083,0.23374151224217332,0.04167113913187204,10.554177556558074,0.008638500962630712,0.4603942178845669,Chefs` Warehouse Inc
2da32f67-268a-42c0-a657-6bc1ea7724be,2.8515284,13.48,-39.722614,Mexico,Industrials,0.10198,0.27157,0.5622009,-0.033215823921758814,-0.008934645815098063,-0.20284371208868268,-5.0114139457664635,0.0765189479524037,,1.805320521112149,Controladora Vuela Cia De Aviacion
98a59d6c-aa53-4dc5-82d5-2cdd4691e115,5.0284185,,-9.689348,United States,Healthcare,0.0,1.0,2.0600204,3.1634396355353074,4.337221562578923,-0.1167278102293774,-0.9026177978128075,,0.020885286783042394,12.235769950124688,Stoke Therapeutics Inc
ad56e2b7-6f02-4ca2-bb15-545263db8bff,,,,,,,,,,,,,,,,SP Plus Corp
86e6cedf-ae89-43c4-a322-2b34d83a6d1e,,,,,,,,,,,,,,,,Viad Corp
142d7b64-f0b9-451b-b8cc-6350c0f3dd30,2.399386,2.64,21.194916,United States,Technology,0.33339,0.35141,1.4543669,-0.020361129758946883,-0.020954216095799616,-0.05882453432949708,-0.13074374770549257,,0.2327312412305649,2.076538834285577,Photronics Inc
0b8116de-794a-4887-b8d1-3d29410705bd,0.117920466,,-2.8150494,United States,Real Estate,0.0,0.67721003,-0.44308943,0.019740314578275076,0.09124572146564014,,,,0.19760537330867323,182.74600895551447,Granite Point Mortgage Trust Inc
2a132771-ad94-4017-8285-e1ac5212dc69,2.258911,1.52,15.737395,United States,Consumer Defensive,0.104320005,0.18536,0.18566,0.06711807507557377,0.03415679608945621,-0.00507993834760645,-0.17337699150063668,2.2504363720194966,0.07083392332257904,0.5292130959115834,Sanfilippo (John B.) & Son Inc
2b60778d-1197-42d9-adac-a55cd7dfa111,-0.75543207,0.26,2.5954862,United States,Technology,0.0587,0.29275,-0.4293893,-0.01625066899235572,-0.04695828055024087,-2.157720057720058,-0.7994781474233532,10.80226480836237,0.03968091634281039,0.923872468807527,Unisys Corp
f5f6e549-88d6-4e2f-a631-db8921dcddd9,2.9946084,1.51,20.17993,United States,Technology,0.22405,0.39018002,0.36644793,0.05160114695117679,0.16913370349026502,0.18198555991478615,0.2584540417616462,0.0,0.029314375211543692,1.4044177749421982,CTS Corp
62c1e088-1b43-4595-b95c-5c66398a6296,0.26398218,0.37,2.9654083,United Kingdom,Technology,0.071090005,0.24155001,-0.74983716,-0.058750747741437404,-0.27253387644414706,-0.5211981322296508,-2.8937880660219286,8.887437128918807,0.019167924471812172,1.2634910651742661,Endava plc
e64b4886-853a-4c21-9c7c-f408d7d0f124,2.2219095,,19.934343,United States,Industrials,0.01047,0.14526,0.07313752,0.019442053755953204,0.10683938392066128,-0.40636353627656063,-0.3424231115961559,,0.02872343276424079,0.6402569354745902,Sturm Ruger & Co. Inc
5ac6c21c-0182-4432-8484-9cc901c303ae,,,,,,,,,,,,,,,,Hollysys Automation Technologies Ltd
f9e8a69d-a799-4522-9052-5701d59cdebd,0.874451,2.06,47.555557,United States,Technology,-0.02812,0.43015,-0.22603977,-0.06889511103425805,-0.0006432866863018694,-0.27299556084616716,15.518958462142338,,0.049094358602382614,1.9611173950051382,Stratasys Ltd
d2fe6677-754b-4e04-b9a8-9a9a5e29c103,0.3638321,-6.51,-4.0722895,United States,Communication Services,0.14074999,0.40825,0.9211117,-0.14311539056137368,-0.07777134203729408,-0.7444003126878047,1.43980898674135,34.23050301918235,0.02173387618428044,2.368359064042766,E.W. Scripps Co. - Class A
a504bb25-d66c-431d-8c20-4efc8d56b54b,0.9852327,0.21,10.413936,United States,Consumer Cyclical,0.06853,0.15471,-0.17831403,-0.02590240460294202,-0.11203262669382363,-1.1325495313934621,-0.39378261560868777,2.0285290324860004,0.026101208055230342,0.9722578948685465,Malibu Boats Inc - Class A
ad592a03-a0f6-4962-aea0-4ece92cc015d,,,,,,,,,,,,,,,,Knoll Inc
ecd1f7e0-ba7f-46a4-9a9c-c222cd67a3ec,6.131564,1.04,22.78065,United States,Technology,0.05722,0.15625,3.0083957,0.02911685306594669,0.29858574916163805,-0.09171597633136097,0.38782232377357084,6.391891891891892,0.022956840783616594,0.8518558661933266,Ultra Clean Hldgs Inc
8c2ab664-f6e7-4b84-a350-d9cd84f8f908,1.4749471,3.22,14.290598,United States,Utilities,0.34868,0.40148,-0.08899385,0.08326596604688774,0.28073728909410256,0.13207547169811318,0.04296358031509517,16.741720288127077,0.3176430341257122,3.4905516435280064,Unitil Corp
bd07ed51-79f6-4efd-bcde-cbbd0d187e02,-11.400872,,-15.610047,United States,Healthcare,0.0,-2.90728,1.4666667,3.7655624120385403,12.178149667744755,0.24379637111584507,-0.13181999709356207,-5.659269318341715,0.2369512828993999,12.664100080328875,Cytokinetics Inc
75273c17-8e1f-4f55-b3b7-0b80bb0963a6,4.5468645,2.17,24.805416,United States,Industrials,0.18629,0.31491,0.89798033,0.0344446516196808,-0.1886623346874594,0.07372490201855175,-0.9036602615488898,8.687174655153772,0.026781424259105006,1.2422601194706473,Gorman-Rupp Company
e23992d7-a844-4dbc-83b6-a453cfd455b4,,,,,,,,,,,,,,,,Trinseo PLC
4b584b90-f8cb-4eb1-8a93-6f1798e6af9e,3.301255,,,United States,Industrials,0.16884,0.59163,-0.22835994,-0.03329038856816913,0.10158206431002414,-0.19854551826864097,-0.2334404027942738,,0.020181727327425326,1.052651974831479,Omega Flex Inc
dc21630b-6aa8-46cd-b8be-482d93e770ed,,,,,,,,,,,,,,,,Hawaiian Holdings Inc
8795bf25-0079-4214-8ad0-72f1eb51a7a7,6.9436197,,Infinity,United States,Healthcare,-0.00746,0.52993,0.77272725,0.15286473488651708,0.27608991512744285,-0.6193947678171394,-0.9314446656260748,-160.29826732673268,0.017778392822945015,1.0078536258094757,Cerus Corp
657cf3c1-8d68-4be9-ae51-be4ce9c01202,1.8320332,0.54,9.138182,United States,Energy,0.3031,0.34577,-0.05312735,-0.07482839544569442,-0.16432081825710398,-0.14907593644955197,-0.03046477677200432,2.3334706257606257,0.124917982272641,1.3286171026781297,Alliance Resource Partners LP
392e4b96-94c6-4c12-bce3-23692a1050f2,0.96239877,2.13,9.313059,United States,Financial Services,0.0,0.0,0.09003353,0.012232064959670885,0.1558413967966753,,,,0.034476135646016814,26.52709324214724,Heritage Financial Corp
2926a009-1ccb-44e0-ac60-bbfaaa087a06,2.262294,3.62,6.0181932,United States,Consumer Cyclical,0.15844,0.61474,-0.095951855,0.06420115479428778,-0.09344223439011112,-0.060307513854602424,-1.9176900276348592,,0.045719832808123334,0.637066290151999,Abercrombie & Fitch Co. - Class A
670671b4-d4b6-41ec-a15d-11a2b70e4630,43.750603,,-79.63332,United States,Healthcare,-0.90330005,0.89408994,0.4778775,0.6806064989409515,-1.4375106072364494,0.1520423600605143,0.1852253312621488,,,2.0745965813863774,Rhythm Pharmaceuticals Inc
33777690-f71f-4768-817b-ca0bbffa59dc,0.98931986,0.56,5.298934,United States,Financial Services,0.25701,0.42056,-0.22093022,0.006024518678218405,-0.0152038910320198,-0.022500306836704065,-0.43813837270524936,38.66772045658013,0.008256757915481784,4.668077624760307,Virtus Investment Partners Inc
5fbea8a7-78ae-43ac-b799-c4afaa8947c1,,,,,,,,,,,,,,,,Third Point Reinsurance Ltd
f22b085b-d626-4471-a6cd-6ed245a62a46,2.1933134,,42.303032,United States,Energy,0.13425,0.22399999,2.0721831,-0.12125576236285607,-0.5209223150272303,-0.4443680981595092,-1.9273767269605946,0.3713068719631476,0.1599141655694818,1.1032151849917686,ProPetro Holding Corp
a6d8dfc6-bd86-42a9-9895-fe63b89466ff,,,,,,,,,,,,,,,,Hanger Inc
8c16fcce-205f-48d5-98da-4891b6534f4b,1.0771506,75.97,10.175489,Luxembourg,Consumer Defensive,0.19770001,0.21231002,0.40364027,0.11147453369675597,-0.023776880116849086,-0.09032565866748044,-0.4740922468308212,12.031554575969588,0.17905760664221698,2.585438392803537,Adecoagro S.A.
6689681c-c0b6-4784-905f-7e8c9b71d1c2,1.1114666,1.26,22.139484,Belgium,Technology,0.09387,0.57607,0.07984793,0.00325380016119059,-0.10544225813990693,0.11023127199597793,-0.17372145232880776,,0.0594288491010354,1.5503597727357679,Materialise Nv
d0f80476-38ef-4b03-ad09-cff9d79b9dbb,,,,,,,,,,,,,,,,TPI Composites Inc
5521ea91-4f66-482d-aa64-d464cf323fa7,2.5679758,0.88,11.970145,United States,Consumer Cyclical,0.14914,0.38939998,0.35115612,0.04293308431721643,0.08217544025619394,0.08564688504169626,-0.11344097795160235,2.919713845046325,0.03251863215121554,0.8812289189265783,Interface Inc
811ed243-44a9-4a05-b265-dd47e7d0a31e,19.651958,1.0,23.873476,Canada,Technology,0.1001,0.12019,2.2128136,0.2845635496578893,0.4299080789590859,0.6456126052703071,0.6245862685932955,1.1699630243868602,0.02857287956814264,0.5134579092394739,Celestica Inc
10a52845-7ce2-41c7-a8c1-df8f605b3edf,,,,,,,,,,,,,,,,Smiledirectclub Inc - Class A
12e728a8-ee1d-4edc-bbbd-0e3d3b6086e6,1.41015,1.04,9.52661,United States,Industrials,0.118219994,0.23811,-0.17351156,0.01637286154807427,0.048625404849406806,-0.07982085516308945,-0.19909192837703948,5.51016426610145,0.019439992447931688,0.8097424597090139,Apogee Enterprises Inc
ab021ed7-456f-44d7-b5df-c277328b9f57,0.27930903,0.15,-7.3346777,China,Technology,-0.113649994,-0.34438,0.26759577,,,,,,0.26221220593515737,11.123370167981381,Daqo New Energy Corp
7eb42561-0f07-419d-8743-3e580aa4bee3,35.008553,0.54,14.278412,United States,Industrials,0.19986,0.41529,0.121079326,-0.02296417041222143,0.08376584639379026,-0.07449507618651718,3.2200503186691156,10.548712026369586,0.01688144748486647,0.8462003210604985,Griffon Corp
cc211eb2-df36-40d4-8ddb-753a2189c9f5,1.9163762,,6.310562,United States,Energy,0.098400004,0.19015,1.8690944,-0.03128029732912774,-0.07920247179810103,3.0177857611267926,3.6391190848651247,4.264571058427403,0.020018919685989397,0.5307755199199654,Par Pacific Holdings Inc
bd9013c0-1659-45d0-b211-377c584350d3,1.0103664,,19.060211,Luxembourg,Basic Materials,0.12004,0.19061,-0.37769783,-0.037709720372836264,0.02974805696725924,-0.3008771929824562,-0.38145843472618146,17.663251047973915,0.09001957108226238,1.0993290663564608,Orion S.A
e9d6280f-6659-4eca-98ca-590bfb93069d,,,,,,,,,,,,,,,,Triumph Bancorp Inc
569737be-7ffe-4fd8-b54b-00b48e2def73,,,,,,,,,,,,,,,,Partner Communications Company
f287a2f1-9a85-46ef-be85-6779687f84d7,0.87375337,,5.9227967,United States,Technology,0.06238,0.71976,-0.03140706,-0.05302934395224557,-0.1303079409551594,-1.0271007539410555,0.07176193250870389,,0.04681023661887537,1.3983197427196608,Xperi Inc
2128bef0-2216-4577-9fc3-2ee24bca8a90,1.9659783,,-14.489639,United States,Consumer Cyclical,-0.09716,0.14354,-0.43228072,0.003912379252570153,-0.23845049712611122,1.48459180380768,2.2847490340801127,,0.16941829466326605,1.2150291619122928,Sweetgreen Inc - Class A
eb9658ae-29b7-4141-8c2a-94dca54e56f5,12.675201,1.37,15.660384,United States,Consumer Defensive,0.23759001,0.60951,-0.29081315,0.37764550264550256,-0.09841370863575105,1.1197411003236244,0.5579859243117622,23.590210470186005,0.11783578686746146,6.71247481489687,e.l.f. Beauty Inc
552a0c76-c2f1-44e8-a06d-02619926afd2,2.397426,0.5,10.0826,United States,Consumer Defensive,0.20474,0.38374,-0.43746418,0.11032743754891539,-0.062447706693898875,0.31645359842354526,-0.21454595782825236,0.0,0.02792877779749858,0.9248622379059819,Stride Inc
edd95df6-1f0e-4f8b-bc63-ce44be1b14b5,2.8914924,1.15,32.351044,United States,Technology,-0.00247,0.43469003,1.6587706,0.12737599526107646,0.5096911558184314,-1.1196761739200745,-0.7982475245236658,-129.82561078348778,0.02497516944551234,2.3424522054213255,Cohu Inc
3f675ff2-cef9-42c7-81ea-50a79c07a7d8,3.4133782,,14.618353,United States,Consumer Cyclical,0.16761999,0.38084,-0.106188655,0.14642692390982903,0.04647566685468041,0.1678421893210169,0.23091682402221558,,0.0783811207163178,0.9724223786783418,Boot Barn Holdings Inc
8dedc136-3965-418e-9b85-554cd09f3c2a,3.3609865,,-214.14285,Australia,Healthcare,-0.98402,-0.35535,0.29783547,0.8503779525431852,2.179327540969581,0.131685426688533,0.3429324312865363,-1.263992290834486,0.020387250703536034,8.489492842285575,Mesoblast Ltd
e49f2839-edb2-4b45-ba0f-808385d4e639,4.501065,,-77.10811,United States,Communication Services,0.0,1.0,1.0212541,0.43903602958721066,-0.7658252157234218,-0.04371150407311741,-0.19274376213763345,,4.269892110586649,64.48326871207013,Anterix Inc
6430893d-5e52-4cb1-82aa-44902b041210,4.722002,,-7.513428,United States,Healthcare,-1.64831,-1.2161,1.7301953,0.26923076923076916,-0.08727851605758585,0.1348314606741574,0.12209302325581395,,0.00847457627118644,4.601694915254237,Arcus Biosciences Inc
87f60fc2-836e-4fd3-a725-9c791069e958,0.72465354,4.37,9.78297,United States,Financial Services,0.0,1.0,-0.21062052,0.13906663949459963,-2.0723910259669207,,,,,11.8129031250587,SLR Investment Corp
7d6cf12a-3dd2-4f8b-bb53-6ed58bfd7bfc,1.9618065,1.33,12.46669,United States,Financial Services,0.0,0.0,-0.09490198,0.09686140697053269,0.03019409985709043,,,,0.032156111127673345,23.49057887050588,Stock Yards Bancorp Inc
0db44c82-aa15-4a61-a648-48055623ab1b,0.73377156,,7.619454,United States,Financial Services,0.0,1.0,-0.2097345,-0.3644737779255004,-1.9936640200887616,,,,,9.845629880649238,Goldman Sachs BDC Inc
7725ce40-fc9e-45e3-a5d3-05970244a12e,3.7249281,,-2.3077059,United States,Healthcare,0.0,0.0,-0.37198067,-0.7382771841684594,0.21899972437136872,-0.21154375254957491,0.30713604927489735,,inf,inf,Inovio Pharmaceuticals Inc
88bd5cb6-f2f5-48ae-808d-fd8273f0d59c,0.5102456,0.45,3.9303,United States,Industrials,0.10819,0.32701,-0.007915556,-0.08492377865802425,0.1418050852952265,2.4552845528455283,2.586092272645385,19.018474374255067,0.01147646632205426,1.4782397842634776,Acco Brands Corporation
cd518196-74aa-4357-95ff-c32656b8b274,,,,,,,,,,,,,,,,Immunogen Inc
ec6a82cd-334f-4311-b0d8-24f0c63eabea,1.331713,1.46,10.446563,United States,Financial Services,0.0,0.0,0.046494126,0.4734596137905627,0.7164397181395004,,,,0.014365486075073517,22.629264373594534,German American Bancorp Inc
67368747-2c47-4f61-a4f9-cb199aeb1002,7.0504885,3.5,25.458418,United States,Industrials,0.12864,0.20558001,1.276546,0.17947585864270077,0.0830820912898953,0.12257453445833799,-0.1504807461458424,6.940829529079943,0.04341774776379567,0.7045235545152038,Dycom Industries Inc
f691740d-cbb4-4215-8889-1913fa6e5446,1.8965663,2.65,26.242775,United States,Healthcare,0.1349,0.64886004,-0.22073466,0.04383459689880609,-0.0032823308171705534,0.05706356736488705,-0.11403726798508229,,0.10315861194508409,1.639356902484074,Healthstream Inc
7296d082-78f5-4216-8e95-2d77908d0a62,0.58682126,0.91,5.8657246,United States,Financial Services,0.0,1.0,-0.46589446,0.7022009471186994,-16.3745658417143,,,,,9.040649887480903,BlackRock TCP Capital Corp
1e6565b1-889c-4874-bc7e-674f158b27ff,,,,,,,,,,,,,,,,Despegar.com Corp
b53b3c3e-4487-4f72-aa5b-483c452debbe,4.2786846,0.95,24.968876,United States,Industrials,0.21488,0.41326,0.5912087,0.08092694195784,0.07316317585812282,0.0029106386974109277,1.0936476168246583,8.939408592542758,0.03191231003642614,1.7514843499095039,Standex International Corp
2748aa3e-ae3b-4475-8c34-f4473c863ff7,1.555103,0.81,8.117564,United States,Financial Services,0.0,1.0,-0.09837687,0.08879456525216756,0.021275853653370813,,,,-0.0,89.84710187259299,Federal Agricultural Mortgage Corp - Class C
5db1f872-b26b-452e-8fb0-d79dd52fc638,-1.3256956,1.42,-1.6588163,United States,Consumer Cyclical,-0.01831,0.2991,-0.46089852,-0.1349378599045995,-0.0659693612774731,-1.9279990754295402,-0.1978787380050009,-66.94465778179354,0.01437836642882919,0.624055309642096,Childrens Place Inc
40b7496f-9675-40f6-b5ac-e366c176020f,,,,,,,,,,,,,,,,Molecular Templates Inc
38f1a38d-8664-42ae-be59-0a505863ffb9,2.3043761,1.19,10.409597,Bermuda,Energy,0.66445,0.70788,0.49112427,0.020010489585340352,0.3383444231913477,0.0669157820985562,1.1111696011986816,2.5931472512920766,0.6780196979525636,2.356715771793973,DHT Holdings Inc
fa1e7790-8033-42b3-b4be-f388d22a0a3e,-2.2634897,,6.870732,United States,Consumer Defensive,0.13364,0.30171,-0.8546573,0.16050495942290355,-0.1971144236039295,-0.11362564827911359,-0.7493015836031927,13.64152759948652,0.0037740704725180148,0.4310588899918019,Bellring Brands Inc
0808e990-684d-4bfb-9916-c94ac050f768,4.5653257,1.45,33.47282,United States,Technology,0.12792,0.43605998,1.5024996,-0.0997157271688407,-0.40459856640406056,-0.28811162732880646,-0.6965527496007095,,0.013359891085673174,1.5901153502577134,Axcelis Technologies Inc
17f7ddc1-ba41-4fcf-b50a-9ade94746046,0.9711697,,10.708283,United States,Financial Services,0.0,0.0,0.2375139,-0.07180101487037449,-0.1420558055082649,,,,0.018337258763062376,25.29313448326841,Amerant Bancorp Inc - Class A
9c691bc7-1425-471e-b858-dae98004f483,1.2258035,,7.3487563,Greece,Industrials,0.30333,0.36853,0.6299261,-0.02696525916430359,0.16329250745874346,0.13276493211621343,0.06016458194986318,8.73745688037781,0.08056410543845813,3.718308574160293,Star Bulk Carriers Corp
5e660a62-778b-4ba6-8533-4f87bc55053e,3.805775,1.07,17.321587,United States,Consumer Cyclical,0.3549,0.68133,0.42791426,0.043928791656612676,0.03956501702527926,0.17854825733786628,0.161947773076365,,0.0396490245908514,1.2894530265335817,Monarch Casino & Resort Inc
ceaf3d44-cb83-4cf2-b811-4090fb8992b2,1.8859527,,,United States,Financial Services,0.0,0.0,0.35059762,0.11770050599729509,0.0594654860955488,,,,,22.877914525413573,First National Bank Alaska
94cb9ee3-24cc-46ff-9ac3-019ebef543c1,0.43956044,0.46,8.347899,United States,Industrials,0.15605,0.34363,-0.20134228,0.08256429975220025,0.07196690945344697,0.007377185447895673,-0.34201723212607993,10.8403620963999,0.01645069270543328,1.7581732691174046,Columbus Mckinnon Corp
09db0c85-0a3e-4135-82bf-e800d6fc0cfc,0.94206053,0.58,11.714745,United States,Industrials,0.117410004,0.16165,0.014048576,-0.10124239350912778,-0.5536159995616631,0.12003693444136654,-0.743091835312069,16.341176470588234,0.0834311743422905,1.4977812363222602,Greenbrier Cos. Inc
b7c32c95-b5bf-430f-bf77-18547a3318f5,0.48361683,,7.7171426,United States,Financial Services,0.16650999,0.03846,-0.7464789,6.653113613863211,7.653113613863211,-19.86494573734319,-18.83989236989686,8.586816665297011,,1.6579653451001222,Cango Inc
ce49122f-8a2b-4716-83dd-5ee5da8aa9f7,0.46624127,,2.3469386,China,Consumer Cyclical,0.19304001,0.3541,-0.42211056,-0.17879559653975463,-0.2908521694883396,-0.21537284922975358,2.4021932179920795,,0.23263440284002634,4.234605472409837,GreenTree Hospitality Group Ltd
750e79f6-be93-40f9-acca-a585cdb98a65,,,,,,,,,,,,,,,,Azure Power Global Ltd
51d5ba2d-87e4-4f39-bede-c443fc1ae7bf,,,,,,,,,,,,,,,,Systemax Inc
db983fdc-e008-479c-8828-656d8fb25b55,0.23277718,2.74,-3.5162601,United States,Real Estate,0.0,0.0,-0.611236,-0.8760176650823055,-1.5183597425400954,,,,,-37.14031525269828,Ready Capital Corp
3f77ffeb-8193-43a1-b479-add15663e276,,,,,,,,,,,,,,,,QAD Inc - Class B
ce7eebeb-8001-4eae-9ca1-732d3ff249f0,1.2071846,2.5,32.11111,United States,Communication Services,0.12815,0.41068,0.027860165,0.031130023383544536,-0.03913353389794416,-0.28087649402390436,-0.5453749704868109,6.670956041108904,0.0924860479897976,1.3928087699848661,Marcus Corp
b316a7fe-5c18-4a4c-8375-92e6495b0fea,0.9237292,1.12,8.879616,United States,Financial Services,0.0,0.0,0.27171648,1.3302005836392101,0.911349949523909,,,,0.019479012954218788,31.991398071619987,Banc of California Inc
33ae581e-ebc9-47fb-9456-cba1f3b78dcb,3.5699937,2.05,22.3384,United States,Healthcare,0.06342,0.19638,0.19535983,0.3631335941545366,0.21173082051489,0.45055160258502513,-0.3708942423228099,3.858034393491124,0.01176571758356089,0.7859595121242148,Pennant Group Inc
83233c59-9b7a-4810-8519-ce0d44f510b0,0.96190476,2.4,6.176259,Monaco,Industrials,0.6338,0.70489997,0.9600457,-0.011921322870661721,0.18544509481840876,-0.15727028329008097,-0.36129944519725565,7.537101448844481,0.18748679587514777,4.441696256099021,Costamare Inc
9853f118-7c7d-4a82-a234-f20cc58c38ad,1.3381081,1.27,11.4018135,United States,Financial Services,0.0,0.0,0.026938796,0.07728088143132827,-0.06264298639394594,,,,0.019811336800714573,18.86066913396733,Republic Bancorp Inc (KY) - Class A
e55a1659-684d-4e98-bf8f-7656d634dc30,1.3648915,16.77,25.62963,United States,Energy,0.12819,0.23099001,0.45684206,0.14951742015365377,0.13970822253253412,-0.18550249118969497,-0.08000304624155152,,0.08487946842098289,0.8260910692965207,RPC Inc
6f8f2c2e-d07b-425c-b6c6-060bc5d38f82,-2.1857176,,5.8533487,United States,Healthcare,0.33061,-0.116560005,0.42347693,-0.06334729331472,0.8017998603511445,-0.7675318546484191,-1.706695633379237,,-0.0,1.6135312675569384,Atara Biotherapeutics Inc
30afc2d1-b5ce-4644-ab6d-c5409f84d27a,1.3912976,0.94,8.072257,United States,Financial Services,0.0,0.0,0.06446302,-0.0019756373279240513,-0.15425824516905728,,,,0.004767063022845544,25.976974633946018,Preferred Bank
0fbc1bef-b5e1-4122-908b-100ffc79a7f2,0.9762167,,5.148944,United States,Healthcare,0.27379,0.47344002,-0.31948364,-0.016503476249612348,-0.307909865594425,-0.16171926642173062,-0.8784510373641301,8.494368239098918,0.05153428840513041,2.2681672328573073,Amphastar Pharmaceuticals Inc
f94e200b-4f76-4706-8c82-834a2f5c9597,1.070935,,22.848999,United States,Healthcare,0.19506,0.22829,-0.4088983,0.062421732010403685,-0.017915368765400563,0.12396323694238953,0.15805943358595942,20.65179392824287,0.0235375035851177,2.3904099455758843,Surgery Partners Inc
84db0552-be05-4f6e-a740-20e62af57b1d,2.472676,,68.24676,Peru,Basic Materials,0.24543,0.39473,0.92844033,0.07017543859649122,0.19149417159994775,0.06433312949878811,0.03687306988127803,9.951065233856514,0.05169036088798992,1.467124237546587,Cementos Pacasmayo S.A.A.
29057a5a-984e-45ce-8613-62eedaaef021,,,,,,,,,,,,,,,,Atreca Inc - Class A
f1149619-9022-4fed-b106-562b2f543690,-23.366823,1.41,29.047146,United States,Consumer Cyclical,0.63662,0.96665,-0.16864729,-0.023478109401935288,-0.0713262918924007,-0.005724568630877003,-0.10724462966948578,2.610011163767291,0.001832073011439478,0.4630255660905572,Winmark Corporation
7ddeb024-003f-485d-b5b0-a588efa98aa9,1.0648023,1.93,9.808049,United States,Healthcare,0.03937,0.20181,-0.5406033,-0.265589349370445,-0.718161181150169,-5.5132657140002,-3.3153440126952214,40.40519131194943,0.018047189253406627,1.2531167614432819,Evolent Health Inc - Class A
aaeaf6a2-7a3d-4552-8f1f-72d0169b16a8,3.5037858,,4.437963,United States,Healthcare,0.53376997,0.89169,0.13241708,0.12915707148706512,0.014495081784760888,0.10824187229184501,-0.6055543917511315,6.312567106765084,0.0021850238405690873,2.036900886052785,Collegium Pharmaceutical Inc
52581776-aa21-4df3-961d-cffc58e627d6,4.2518973,,18.030653,Bahamas,Consumer Cyclical,0.121079996,0.13181,0.23193717,0.1271640776026548,-0.32611365048566054,0.28614876607577333,0.8624402418459793,2.097201693514042,0.017918063145159473,0.7283579928591933,OneSpaWorld Holdings Ltd
9e4fb1eb-aaa4-4657-bf2f-8edc69f9e1d1,0.71024233,0.89,3.57208,France,Communication Services,0.1529,0.53967,-0.42642856,-0.008287486951414347,-0.02586105024683205,0.3646203659260827,-0.21808114478626717,,0.06177760821792004,1.1013048901473006,Criteo S.A
51ba171b-27b5-43f8-bc28-76eb4342795f,1.2829423,,-26.058823,United States,Healthcare,-0.01891,0.73073995,-0.22788674,0.15445446863383916,-0.0836088452989956,-0.24528301886792447,-0.25670676222597455,-66.05716148663335,0.03552418923138396,2.0632143309026563,OrthoPediatrics Corp
df17e2c3-fad4-4704-955c-f5801439338d,1.2739992,,-63.53206,United States,Energy,0.55375,0.6849,1.0036676,-0.0794236140482868,0.03806812313981478,-0.4111188872364623,-1.1193830297466305,3.5963966678273125,,3.2273253682410536,Talos Energy Inc
542cf209-c0b4-42bd-b7d5-92aed97e2347,,,,,,,,,,,,,,,,GTT Communications Inc
29b68a42-a527-4c38-9d2f-c8ceeda53e47,3.4435105,0.62,13.197699,United States,Industrials,0.048649997,0.11744001,1.1976776,0.2810582210633794,0.25745553505491925,-1.9977831462270854,-9.169782521613493,0.4667160725905574,0.0318076552720378,0.8639870396645383,Tutor Perini Corp
b38a17f5-afdc-41d4-8ac0-b5a4f13113b1,1.5931631,,12.20064,United States,Basic Materials,0.38361,0.29815,-0.0035195947,0.027114278067710496,0.27966849936681226,-0.1512777312075162,-0.10051305046411851,3.1957814669342275,0.06755578561472242,1.1156910806786322,Westlake Chemical Partners LP
f18bedfc-a1d2-4248-998a-f97a94f41b9f,2.6517942,,-7.1501427,United States,Healthcare,0.0,0.0,0.5088301,0.5955065472088215,0.4732442643773024,-0.1887693758134884,-0.31243557494707275,,0.017082248986261574,13.815813562912304,Intellia Therapeutics Inc
f1358d53-769e-4e33-90ad-932107177fb8,1.0827469,2.76,9.042655,United States,Financial Services,0.0,0.0,0.053133488,0.390445720191737,1.3919940491837013,,,,0.019391967253125475,30.896010874477728,Washington Trust Bancorp Inc
6f52d269-ae37-49d4-8aac-4ecdffc97f58,0.9806513,,7.8898582,United States,Financial Services,0.0,0.0,0.21037221,0.4322496355064094,0.7932321725115793,,,,0.016944987290096743,37.0979365720056,ConnectOne Bancorp Inc
3dee3fed-d0c6-411d-a4c5-dd1812fe9fc5,1.6849918,0.85,9.344512,United States,Technology,0.24188,0.73884004,-0.24785274,0.03433770299354344,-0.03278234501710897,-0.07596797080883844,0.17006259752474218,,0.04313133631882476,1.5070231324587102,OneSpan Inc
df16a6a3-4af7-43b5-b1b5-4a4454ef05c8,0.26796314,,-1.1773418,United States,Healthcare,0.0,0.0,-0.4945652,,,-0.0759033657806345,0.5082122215465994,,,137.44669332338438,Aprea Therapeutics Inc
8b0c94c3-3f5a-406b-9275-e5db2f3e6e33,0.97784626,,6.850723,United States,Real Estate,0.0,1.0,0.016781092,0.08618398437915276,-4.858632572971301,,,,,44.33517538112196,Ellington Financial Inc
69dfcbac-a9d5-4e38-952c-55b8989c0466,,,,,,,,,,,,,,,,Cincinnati Bell Inc
f2fb2203-b4eb-4eda-ad8f-78713eaf1a10,1.1528891,1.88,11.879752,United States,Financial Services,0.0,0.0,0.15727818,0.01377828416970217,0.08836732538166847,,,,0.05000959625920368,25.28285737341662,Great Southern Bancorp Inc
ff48a936-f900-4d9e-b954-1225ddd35faf,5.468772,0.56,13.463203,United States,Industrials,0.039890002,0.2732,-0.058865607,-0.0542948592052418,0.1056549099588232,-0.1789803870491572,0.2568218045453522,5.388050694025347,0.010558599438524434,0.2817557295311575,Kforce Inc
dee277e2-85b6-4731-b10c-c6467b597a90,,,,,,,,,,,,,,,,Ocean Yield ASA
7d98e920-f395-4199-9c0d-f74b06da23a6,1.1546493,1.77,7.447201,Panama,Financial Services,0.0,0.0,0.32275927,0.10877557685082118,-0.557987691264739,,,,0.008418863205853586,40.003174870931396,Banco Latinoamericano De Comercio Exterior SA - Cl
b8256617-4291-4d68-b373-0f46b0755d18,5.847458,,-16.82927,United States,Healthcare,0.0,0.0,12.555992,,,-0.19103971982567447,0.061368983643980246,,,,Relmada Therapeutics Inc
f07d21fd-044e-4d2b-823a-5a6d55cf4952,4.0500035,0.81,21.272429,United States,Technology,0.074640006,0.38571,1.8986654,-0.05350524830834713,-0.08491963875495512,-0.3473462703052693,0.15577414802955747,3.645508810662742,0.02219906298347203,2.000242694292645,Veeco Instruments Inc
31852c26-08ad-405e-af6a-78aa2ca246db,,,,,,,,,,,,,,,,Accelerate Diagnostics Inc
46eaa55d-fa37-4f1c-ba49-213646616b5b,0.7421492,0.93,8.56977,United States,Financial Services,0.0,1.0,-0.16262978,-0.5398549567106482,-0.42112269834877036,,,,,9.946455066808456,Oaktree Specialty Lending Corp
29d4156a-ee98-4ec6-8118-e9c1f3e97d93,0.68893397,,7.872134,United States,Financial Services,0.0,1.0,-0.22168171,-0.13430372783819233,-0.2519727687924199,,,,,10.228802694282042,Carlyle Secured Lending Inc
f7ec0482-2be1-4f52-abf4-d2cdcf8e98df,1.1932743,0.62,7.2928176,United States,Industrials,0.043709997,0.56749,-0.3773585,-0.0822762272527574,0.023728566466689194,-3.6591219893388405,-3.249644762632626,,0.007610850676934081,1.0791119925440469,Forrester Research Inc
ced77fe3-9a15-4402-9059-1847511240f9,,,,,,,,,,,,,,,,BrightSphere Investment Group Inc
b3c9fffd-fcda-4189-8134-20adcbfcf08b,1.9696046,,8.806818,United States,Financial Services,0.1698,0.24025999,0.45131087,0.05483526861580401,-0.1414585974425705,,,,0.0029894927995192493,1.8679723457527044,Universal Insurance Holdings Inc
b4179435-5dca-482f-bb83-8c514f103760,3.638099,1.49,19.06,Taiwan,Technology,0.066,0.30544,1.2853718,-0.08229911270597112,0.13072235750352013,-0.2198200630647137,0.5447381197814068,21.813141721903488,0.0251478766712248,2.0749917794554205,Himax Technologies
9cd199f3-9008-489d-a902-cb7aba9370d6,2.3256264,,50.267326,Taiwan,Technology,0.24989,0.119569995,1.7019691,0.058616521844016556,0.14638656686066986,-0.09455938483903076,0.06388415872859576,0.3589890199609358,0.053741929130659956,1.3190405329225277,Chipmos Technologies Inc
b85cd5c3-ec5e-466f-a571-50c27214be44,,,,,,,,,,,,,,,,American Axle & Manufacturing Holdings Inc
3eba2722-9427-4d6d-88ec-cd9f37f06231,,,,,,,,,,,,,,,,Osprey BONK Trust
11228c8e-0daf-4f7f-869f-a2ac37b7e896,0.8440543,2.54,9.36,United States,Financial Services,0.0,0.0,0.18983054,0.06837141779877237,0.3539916391254043,,,,0.007428412325821172,36.93019685008446,Northfield Bancorp Inc
a45f1c6e-3a7e-4702-abea-9f9fe525f5cd,1.2704165,0.63,16.857143,United States,Financial Services,0.0,0.0,0.5038856,-0.0013509673551881374,0.14030542762695408,,,,0.0624901248222468,33.54485174066467,Trustco Bank Corp
7d30acf7-1aeb-478b-b417-995c58c8360d,0.19122843,0.69,-9.8133335,United States,Consumer Cyclical,0.0227,0.44932997,-0.7836143,-0.004655055330106239,-0.2958187229762488,-0.5397371894187181,-1.0628678818362154,101.3488143264784,0.001728900657207409,1.2209450649902245,Americas Car Mart Inc
7bc1b0bf-2ac3-41f3-85de-069e57394ed3,1.0006653,0.64,9.413212,United States,Technology,0.03945,0.13695,0.040266752,-0.06718154345852778,-0.047590311002055685,-0.0840936535623239,-0.18226820042422165,0.31362079304707846,0.002692298502935816,0.5646325654961951,Scansource Inc
4f81efcc-f8f5-49c2-88e1-ed464a269bac,4.4086018,13.53,-6.6486487,United States,Healthcare,-0.26315,0.2383,0.012345672,0.1860645378717667,0.6799457702839177,-0.32136344508346193,-1.540084940978871,-1.842189781021898,0.05725298366029811,1.7251799159965169,Codexis Inc
c7125fba-83a1-4500-bf96-d8cd3b9e9c9d,,,,,,,,,,,,,,,,PetIQ Inc - Class A
4dbebaa1-b4c3-4a59-8f43-bcad2d9692e8,1.700588,1.79,-4.423529,United States,Technology,0.09252,0.32131,0.8613862,-0.07563799608810462,-0.28765158466822816,-1.1818181818181819,55.680457267283614,16.374229079902598,0.02564707176763602,1.5422394238980026,Comtech Telecommunications Corp
fb19d1aa-9c7d-467f-a286-a6728ce6fd91,3.8252754,5.4,-126.140884,Canada,Basic Materials,0.0,0.0,1.5072465,,,0.4803977543058331,10.934326935158252,-76.79644594880475,,,Seabridge Gold Inc
c89305be-ca66-4f92-a58c-c37ee0904a7d,2.3018143,,14.726773,Bermuda,Energy,0.23313999,0.28260002,1.8235137,0.0027088800474053265,-0.36358672094587974,0.38173626754461965,-0.3377640462391178,3.8723115675256734,0.15548628317898397,2.237181996309585,Valaris Ltd
028ab386-948e-4797-a866-00bb6b77e3ed,,,,,,,,,,,,,,,,Big Lots Inc
1f6fdc41-bc24-4f1b-b938-46196b1efc5f,3.8003109,0.77,28.042068,United States,Technology,0.02826,0.11995,3.1001678,0.081447733054405,0.4824919513834358,-0.6896029042404799,-0.527223078382251,3.9275752656434473,0.03770530349586636,1.0167116923040074,Ichor Holdings Ltd
fc1a6c71-160c-4028-90de-a9b1217fa135,-10.837989,14.66,10.151162,United States,Communication Services,0.01686,0.90742,-0.34063447,0.00011093380665094799,0.1406168720291069,-0.9741555917423964,0.23040904494001946,27.92825698988697,0.02898271543558995,1.2648790511921666,Groupon Inc
5badf354-cf53-48da-99fb-afd2def9b547,0.31391147,,-6.95,United States,Technology,0.02256,0.18414,-0.3738739,-0.09356376638855779,-0.058312340779433924,-0.8952745849297573,-0.12522110899392846,24.61764705882353,0.026874584127423103,0.8225779345421448,Conduent Inc
b24cc513-ac9c-4a8f-8996-8e0ec4fb4aa0,1.3341112,1.03,10.259615,United States,Financial Services,0.0,0.0,0.21526194,0.10701155989684585,0.12040579047845879,,,,0.027207208496750738,23.25094740345252,Community Trust Bancorp Inc
20037715-c3e1-4a24-9d0e-145f4deb9cce,1.3936759,,13.4135475,Argentina,Basic Materials,0.20221001,0.21707001,-0.18059939,-0.07792707147002587,-0.2177271312468081,0.3310777626193724,-0.26766228328519936,7.142795612118061,0.07578414821455057,2.197586477820988,Loma Negra Compania Industrial Argentina Sociedad 
d7f9e909-bedd-447d-856d-fedcab080777,1.2921225,0.8,7.927928,United States,Financial Services,0.0,0.0,0.121733546,-0.5705236345568699,-0.9235629831902807,,,,-0.21398963730569948,-306.88468264248706,Horizon Bancorp Inc (IN)
9d69e8c0-0eb3-4545-acfe-51d996369914,,,,,,,,,,,,,,,,Ebix Inc
b855b81e-9f70-446c-b1ed-b11ce08fd3f3,0.6036718,,-2.3333335,China,Real Estate,-0.34640998,0.17922,-0.64476496,0.17431242021945748,0.9290321289538299,-0.1979542412409916,0.2790282100588338,,,0.515178683114033,Fangdd Network Group Ltd
e9016e30-7e5a-4868-b870-466f3ce581bb,3.6452472,39.84,74.606064,United States,Real Estate,0.70584,0.78540003,-0.13855845,0.07997965030658416,0.1269205668279012,0.17069955559994,0.23938442648672742,27.940412691900026,,7.470733480548316,Gladstone Commercial Corp
fe96bcbc-f229-4340-975b-49bd1aa6cc18,2.5800567,,10.790649,United States,Energy,0.1774,0.12564,2.9843504,0.13595161944821377,-0.242751552903947,-0.15646581321024,-0.9697469981981738,3.7931920962898973,0.1006319744677206,1.2726932910041617,National Energy Services Reunited Corp
373f5861-118c-404e-b33a-ef5ead613f18,1.4797064,1.97,9.434571,United States,Financial Services,0.0,0.0,0.22855055,0.06214129341459085,0.11206281618068248,,,,0.018869658872193395,26.23837641030113,Central Pacific Financial Corp
e4bc3711-2784-4228-bd6e-fdc0adaa8fe7,1.1232166,1.3,9.999124,United States,Financial Services,0.0,0.0,0.22294438,0.09635224329517911,0.10210285893845472,,,,0.009936518043307419,25.56849292265244,Univest Financial Corp
86a6463a-13d3-4de7-ac5c-81cba905ba21,1.3998625,,12.936507,Israel,Technology,0.073249996,0.65336,-0.083239615,0.01415499471458781,0.14093566670513946,-0.0334855403348554,0.5056217214905944,,0.025237193234094044,1.3141319404828156,Audiocodes
fd5f8255-c1ce-4e7b-bce4-38d9f01470f3,2.428678,,12.853521,United States,Industrials,0.30234,0.47586,0.06338847,0.03910213053770706,0.0845918095410716,,,,0.023846426145441673,11.85080676023459,Cass Information Systems Inc
8c44f37b-b6ad-49b4-94f9-34f4ba8a97d7,6.0264897,4.81,30.97103,United States,Technology,0.11891,0.61665,-0.18887013,0.16069804265067544,-0.06216598526170536,0.3469833365255699,-0.48312001316657915,,0.006840759631944082,1.4173748135192827,Agilysys Inc
03018194-e65d-45a3-a164-4b72e86b4fbf,,,,,,,,,,,,,,,,Atlas Air Worldwide Holdings Inc
2af7955f-4710-4221-8466-a210c9cd9d71,2.173646,1.3,9.094862,United States,Energy,0.52551,0.52472,0.07684505,0.26130885425036166,0.7846110631964469,0.7960902491208832,1.5434245284798824,2.6351899000089767,0.20144684596032217,2.268664861522292,Range Resources Corp
e9fa4ae7-4567-40a4-a771-7729b3caee87,6.5771813,,-6.322581,France,Healthcare,-0.44112998,1.0,1.5290322,0.7575531248494194,1.718170724348663,-0.8978593866381683,2.9983906817651964,-0.08903241383473169,0.047036425604430714,4.6125019970177865,Cellectis
cc41bd9c-8684-4988-b8bd-ece9f336af0b,4.71453,,38.767605,United States,Healthcare,0.09551,0.74837995,-0.22355431,0.2010368780250713,-0.0371422395160621,0.7771830647101274,2.0232100383378224,,0.09299315445488496,1.5418728570696105,Vericel Corp
ecbdcb35-e51b-4ec1-82ac-2b935f0dc9a9,0.56910276,1.33,,United States,Industrials,0.01895,0.19699,0.2501961,-0.10420414831358438,0.007444916485870978,-1.3283208020050126,4.2181908259019645,4.985933503836317,0.0020597571750037005,0.5906959510256935,Kelly Services Inc - Class B
05b5a20d-836b-4b8f-bf30-0c6f521f7251,0.94128036,,8.815965,United States,Healthcare,0.17726,0.20396,0.18576193,-0.0029525916741391933,-0.08222754722733505,-0.8745765196856166,1.129672929557057,11.935994699695163,0.11634143331380165,1.3302005944785953,AdaptHealth Corp
a8ac6a79-05af-464b-a681-827ffdaa0c18,2.5322285,1.29,-8.250082,Israel,Healthcare,0.43703997,0.87286,0.9784173,1.6113982199253516,-1.8498017800746482,-3.2076362374175633,-2.5663431043211515,,,1.6367400087955581,Compugen Ltd
1f058cdf-870f-409d-8a0b-e27de30168d5,,,,,,,,,,,,,,,,Alaunos Therapeutics Inc
f2f2b1ba-db00-455a-9a29-19362680e58c,-132.39436,,-6.482758,United States,Healthcare,-1.1625199,0.95407,0.82524276,1.4457165179242164,1.5652516938036134,-0.26625519131962117,0.24214520156029207,-1.2532247627264883,0.053110659745730836,2.685094285212769,MeiraGTx Holdings plc
add2c14a-21e1-4e2b-8941-f7210cb18ff2,,,,,,,,,,,,,,,,Frequency Therapeutics Inc
734f6777-6578-4511-9dd3-582e0543fe6a,,,,,,,,,,,,,,,,Crossfirst Bankshares Inc
fa4f9168-0a00-433b-9bb9-a65ef54ffefb,3.329854,1.07,6.722724,United States,Financial Services,0.0,0.0,0.008367419,0.24426599406441674,0.029555507569119843,,,,0.017374383209396067,17.020951801082163,Bancorp Inc (The)
7b272cb6-c769-4744-a178-69105f2bd766,1.0667357,0.96,14.660194,United States,Consumer Cyclical,0.04689,0.35847,0.7133131,0.043516263074939054,0.13131496185305014,0.1696854516541908,2.37989276884718,,0.011905620122624465,0.6726629623974513,Zumiez Inc
451a0130-de62-418f-b4e9-e4d71e03c7ee,,,,,,,,,,,,,,,,Urstadt Biddle Properties Inc
8481de4b-2775-4d33-b0c3-e18c6b0f324b,21.799006,,48.410347,United States,Industrials,0.14502,0.20312999,2.8221505,0.1272228292196116,-0.17939816993622282,0.5009749081029247,0.6456387220248837,,0.004104356667573881,1.0353739902499202,Argan Inc
104673cc-722e-433e-9f43-d9a636bc945b,1.06302,8.59,14.046783,United States,Healthcare,0.020599999,0.71011,-0.0041459203,0.028544411381741686,-0.6048082880594818,-0.9481791544579322,5.12859161899803,21.302223006351447,0.04670730996212995,1.031960945569675,Orthofix Medical Inc
82bc69e1-14e2-4fb4-879f-82c08a226029,0.5921911,,14.936708,United States,Financial Services,0.0,0.0,0.23689723,-0.1180924350033058,3.0530399733790885,,,,0.01945198798847954,70.3798266975696,First Foundation Inc
371f02a4-2015-4109-b0aa-6121fa607787,0.43464518,,-2.0220587,United States,Healthcare,-0.43919,0.45308,-0.4353183,0.11802144643756352,-0.13047211093900768,0.3055680086075496,1.5232048670652285,,0.018692361310680233,2.819420243239628,Quanterix Corp
4842d443-bcd8-4886-b9e6-ce9e9b7e63a0,,,,,,,,,,,,,,,,Puxin Ltd
a40a9209-cde9-4d32-85d4-7e5f77dbade7,,,,,,,,,,,,,,,,SMART Global Holdings Inc
bcca4d9e-3004-426e-88fc-7af5bdeb3c24,0.7766736,0.66,4.2893996,United States,Energy,0.56013,0.87863,0.36245823,0.12986463620981392,0.46830579262023064,0.12971698113207553,0.3534054292008323,5.0610863770977295,0.40696710700743566,2.496779142879144,SM Energy Company
8497b0f3-f8ee-40d7-a447-3e2b7d2efcf9,2.4539752,,10.598181,Luxembourg,Industrials,0.36341998,0.35071,0.0885036,0.18841938945358372,0.04898297924448647,-0.28850288485440534,-0.14004075993548093,3.386135315799153,0.009536555529548497,2.2126518701564573,Corporacion America Airports S.A.
4ca08a7a-3fc6-4678-88f8-a0b46b7b8fb1,3.007661,3.58,44.34485,United States,Technology,-0.06921,0.87185997,0.74688995,0.07076617732607882,0.216964689730065,-0.3844262295081967,2.7821867949661163,,0.025992863308328215,2.907852585493473,Ceva Inc
1efa1a16-48c4-4489-9bac-518572459bba,0.88579667,,-0.6796875,United States,Healthcare,0.0,0.0,-0.124161065,,,-0.3167058596140837,-0.07043929923751313,,,,Passage Bio Inc
d55c5aa5-9d72-4438-8c47-1050f5cfbc72,,,,,,,,,,,,,,,,Glatfelter Corporation
52c3799a-f6d1-4dee-8488-203e3c8dfe05,1.1377528,1.18,7.556168,United States,Financial Services,0.0,0.0,0.34117424,0.0467835907724205,-0.003996337958751983,,,,0.19933043331070072,29.124702389886956,Customers Bancorp Inc
e8b4d009-8d8a-4ea1-b297-d5854de1ad77,1.1315397,,9.448725,United States,Financial Services,0.0,0.0,0.17508292,0.08268190312197321,-0.11525769635215322,,,,0.005776246583526294,23.109093900366833,Byline Bancorp Inc
b044a451-81b2-433a-9c47-78afced67a89,,,,,,,,,,,,,,,,Rubius Therapeutics Inc
e44f279d-08cd-41d4-8f40-7e92e919d5c0,,,,,,,,,,,,,,,,City Office REIT Inc
fb6254ef-6b07-4b1e-a4f0-ad78ae1625f0,,,,,,,,,,,,,,,,Aptose Biosciences Inc
45836bb9-7ae2-4bb2-8eb7-f8a59f913140,2.6656897,,28.255959,United States,Technology,0.14435,0.44235,1.7267666,0.15239516287823585,-0.2819595198639253,-0.12162311964438133,-0.8288546107108885,,0.060043217536476116,2.5036607981589114,ACM Research Inc - Class A
c089b3ce-d141-4651-8df1-83876f76329a,-0.0004255319,,,United States,Healthcare,-2.60906,0.54835,0.0,,,,,,,,Bionik Laboratories Corp
f7ed6c1b-5ac3-4a76-a2c9-b5a86e943320,,,,,,,,,,,,,,,,Genfit
28d7b785-3297-4a76-bc96-ac69a92af68f,2.087729,1.13,7.40483,United States,Communication Services,0.037,0.10479,-0.26753247,0.05664595331918765,0.02110815225774343,0.32368972746331237,1.4391370144113325,,0.0115323856328494,0.3773660140192655,QuinStreet Inc
ef0581c8-59d3-4814-869c-96fe78a7c6b5,,,,,,,,,,,,,,,,Playa Hotels & Resorts N.V.
5ccad722-6a1c-4b2a-bed5-cd152696bc7d,0.6411254,2.28,-82.41667,United States,Real Estate,0.29409,0.48469,0.37743735,-0.06977733923060192,-0.12491705386612961,0.0725731193809036,0.13458790460280534,15.518204616170529,,4.074783523177361,Chatham Lodging Trust
c43249e4-20d4-4162-bdbe-133e9b7e2097,,,,,,,,,,,,,,,,1
f9d9b41f-8245-4df2-bad5-10e5c13356ca,2.1448634,2.34,21.38,United States,Real Estate,0.2702,0.28978002,0.38651097,0.07565095003518651,-0.006680413323280954,0.08833922261484095,-0.037248420098389357,10.840623543319298,0.10425773137000077,2.1044196429792548,Host Hotels & Resorts Inc
b07c851e-f4a9-46ae-9e45-3f20f6a4e699,,,,,,,,,,,,,,,,ez
8e52deb1-1093-4ad0-a1d7-325c7160b715,,,,,,,,,,,,,,,,xxxxx
5f3c4e34-a1cd-470e-b6c3-0a4307c0cd2a,,,,,,,,,,,,,,,,aze
8f38bf43-40ac-48e7-b262-360846e2937a,,,,,,,,,,,,,,,,AAON Incaaa
ce271df0-1c75-42bd-8217-f005f6742e80,,,,,,,,,,,,,,,,test
9443efe0-9c75-48fc-9ec4-3320852880b0,4.4665565,0.69,14.675806,United States,Real Estate,0.05213,0.18501,-0.0041382313,0.13372661950960385,0.1497777984893922,0.04010282776349605,0.05532481625807728,10.571818181818182,0.009075398967391077,0.6949078010892805,CBRE Group Inc - Class A
67b5bda1-7d2a-4688-83cf-78975791d3aa,0.6484101,0.99,10.872557,United States,Consumer Defensive,0.23056999,0.33973998,-0.17790532,-0.029804804804804852,0.0021489642899705785,-0.5067199418815838,-0.13352798162819557,13.042520248080978,0.03213285429335884,3.272389072911589,Kraft Heinz Company
79094066-a318-4727-9937-bfe30108132a,7.5644083,1.3,21.78098,United States,Technology,0.57956004,0.68309,-0.08052391,0.1566996201307127,0.11415004669217277,0.26506562678333645,0.21757203532518377,0.278606933659066,0.305476749291292,2.053963137294448,Microsoft Corporation
e91c36ec-11a1-4887-b262-d5a427a544e7,2.9638448,2.39,17.56856,United States,Financial Services,0.63479,1.0,-0.12667608,0.13533601734283063,0.1076274245657447,0.23550945698596704,0.07142998949881663,11.277475845410628,0.07455677778072171,14.40201201642129,Intercontinental Exchange Inc
89f51405-62c2-46e2-93bc-32ebc49f0c9c,,,,,,,,,,,,,,,,a
d4ca64e0-cdae-46ed-8ffd-dc301c5c9b7a,7.862838,3.02,25.403318,Ireland,Industrials,0.22239,0.37105,0.21303415,0.10330412412573353,0.05064597026055839,0.10005340929321704,-0.19342799782320563,8.002522384965879,0.033833531554867256,1.555755185561672,Eaton Corporation plc
373111ad-ed5e-43f2-97aa-3d0da56d02af,,,,,,,,,,,,,,,,BERKSHIRE HATHAWAY INC
35c9a57c-f188-4b91-8ec2-853a8fc5f223,2.9651659,1.37,17.83603,United States,Financial Services,0.40335,0.46890998,0.08880305,0.1646624005672921,0.18743494356910118,0.09432796680162903,-0.13818171602579854,1.157818371308275,0.014626725588536376,6.056361499490157,BlackRock Finance Inc
de2fd570-c9d5-471c-912e-0bb83dc0978f,,,,,,,,,,,,,,,,Change Healthcare Inc Unit
b0c145bf-8670-4c36-9a96-82ca20fe0aa2,2.6399126,7.03,32.316193,United States,Real Estate,0.56001997,0.58497,-0.22083801,0.00826603195322706,-0.05560369682648569,-0.025002865801258767,-0.05784564438382833,17.012124287740463,0.1562964772526592,5.390880972746202,Mid-America Apartment Communities Inc
de5cbded-3d8e-47f3-a7b0-52d10f2d4a89,,,,,,,,,,,,,,,,Foxconn Industrial Internet Company
4fa59e4d-0981-4707-ba6c-a89794b29406,,,,,,,,,,,,,,,,CENTRAL PATTANA PUBLIC COMPANY LIMITED
f0b6e8d7-6cf8-4170-9e4b-89cd09e441c8,12.774829,2.11,46.9361,United States,Industrials,0.08828,0.15100001,1.2337327,0.2030559551586537,0.040286497111825526,0.2182056612500698,0.11823802869641553,7.646370723761324,0.023122788780342917,0.7744437676070831,Quanta Services Inc
d389b6fe-8bc6-4e33-8a9f-1fd67d2442f4,7.435898,2.41,29.976936,United States,Energy,0.5633,0.63506,0.32763922,-0.0059055118110236116,-0.0006159541274850522,0.1286344953569798,-0.2133711465608017,16.7476904829854,0.44148981264156745,4.748926543864604,Williams Cos Inc
c7746b3b-3c6a-450e-93a6-fa6c7782925b,5.977096,1.0,13.993339,United States,Technology,0.24062,0.31314,-0.40022242,0.07356993185830496,0.01670330487941496,0.08913851624373681,-0.06076685372425894,6.473579540748882,0.015514251190113505,1.169939788360791,Broadridge Financial Solutions Inc
454c8500-3b44-49e1-b001-f06dbf8a0752,33.990158,4.9,96.25218,United States,Technology,-0.0097,0.74808997,0.33696413,0.23318671601775276,-0.14622233314755229,0.0800560934794945,7.399707571747645,,0.0770695397202325,2.029364740060246,Crowdstrike Holdings Inc - Class A
3fb123e8-05b9-49a7-bc69-629af2f82c62,2.2940803,1.53,17.767086,United States,Industrials,0.21032,0.3861,-0.15531248,0.055244101845363325,-0.3065085761790485,0.054341405788540964,-0.4940510758692578,1.6684100418410042,0.038499613648677114,1.8995159379776592,Xylem Inc
93afc951-759b-46ce-9854-9683359dc2ed,26.755373,0.82,23.3302,United States,Technology,0.07276,0.09037,1.0295031,0.03181802444344428,0.19441370587204454,0.09531772575250841,0.23517540678008997,2.3870425548046796,0.013867205083493598,0.5895398876389878,Jabil Inc
9c9cdbf8-b23f-48ab-a5a0-5f2b6c77e7ab,1.3999352,2.55,11.926988,United States,Energy,0.81861997,0.80966,0.0118790865,0.49539083723993493,1.077786004670003,1.0881140180240712,1.4644353709012774,3.795752370730061,0.25493898912124074,4.387680637880133,EQT Corp
875ba046-4760-4505-9e93-2159ac901d83,1.4825884,0.77,7.650763,United States,Technology,0.18177,0.33514,-0.42221403,0.05826001955034221,0.06212042720939104,0.04463493940289687,0.056418793932667466,,0.013407456414700595,0.9517191840017,Cognizant Technology Solutions Corp - Class A
e2d49945-ffb0-4797-86d3-a1cdea9f3cf1,9.95394,1.55,27.216835,United States,Communication Services,0.38181,0.60368,1.3430035,0.1509008108154437,0.13107242406549235,0.3819803819497607,0.6726490909841463,0.35860052047304336,0.2601763739367219,1.3832739739094768,Alphabet Inc - Class C
c0f33faa-2766-44ee-9d30-6bd159a4f141,2.4709256,0.12,12.254623,United States,Healthcare,0.22091,0.34457,0.06698263,-0.008544961480142277,-0.047113041438694214,-0.29305179620162336,-0.3396675171684559,9.337929282483387,0.054420064636908315,1.8495045180652523,Charles River Laboratories International Inc
c2b113d8-ce5b-4845-90be-4d42fabdcff0,,,,,,,,,,,,,,,,JPMORGAN CHASE & CO.
f90d4b72-b82c-4400-ab24-c65804724401,1.9760432,2.92,9.381404,United States,Energy,0.42005002,0.46929002,0.51391864,0.044697863415912975,0.28232093680636194,-0.023588656241717465,0.29797082981461365,4.2893484898894085,0.2445791365203197,1.9549146644021314,Devon Energy Corp
47485a1a-c877-49d0-9a74-5bcb808423e5,-12.225273,1.56,30.356451,United States,Consumer Cyclical,0.59219,0.78505,0.23287189,0.0897959183673469,-0.07685175061703697,0.14851881505204156,0.22829391965475887,14.783216468156558,0.0347071579133784,3.239203272074737,Hilton Worldwide Holdings Inc
b50380de-290c-41cb-a820-d33ccdb3bbe3,-14.378114,1.8,35.293827,United States,Consumer Cyclical,0.14024,0.21897,0.2624985,0.027869151541621395,-0.027640025604135587,-0.037596422733474744,-0.00738978248568678,9.678498238941248,0.042103787750945434,0.834737224412176,Starbucks Corp
3d7038cf-4d38-476b-8c01-627032c7746a,3.159367,4.08,13.44206,United States,Energy,0.078099996,0.14563,0.8665972,-0.055389163926979346,0.24941523133538068,-0.5333643184383507,-31.191907441507734,2.566119654334642,0.0060420395695816335,0.5052952600434741,Valero Energy Corp
7578a7b2-32ba-4d0f-868d-7bf8448395b6,4.040667,1.37,21.75707,United States,Industrials,0.219,0.35239,0.27389455,0.07509386733416767,-0.026990829706728503,0.14948453608247414,-0.06947862899255997,7.4869047619047615,0.02276874882367258,1.894129607532678,Westinghouse Air Brake Technologies Corp
68784bf1-be20-4f63-bef3-35bfe1774474,3.148666,3.31,29.457893,United States,Technology,0.20169,0.82024,-0.02633667,0.15220381142283568,0.5030187938029218,0.35462456494697014,0.8110964269786309,18.776303112709403,0.020487755269945333,5.227780023060956,Synopsys Inc
6d6538ab-3897-496c-a131-7509c9fa8f56,2.464079,0.91,9.639662,United States,Technology,0.04684,0.08394,-0.30698818,0.785028031345751,0.09492438553570848,0.3180787301175855,-1.083127432214054,0.8650384186741554,0.0032305143205218247,0.49810229513503396,Super Micro Computer Inc
ee7ec3c4-3540-46e4-9a60-d79355eb4c0f,72.79445,1.58,18.775976,United States,Industrials,0.48612,0.6998,-0.48290122,0.0662803206440643,-0.034539189391147085,0.04832892522240928,0.23044470744156853,7.715005799933815,0.08200367723055572,1.7592351380867657,Verisk Analytics Inc
093d976c-7bbf-4c42-9ccc-0a1605b6d5c7,1.0533072,0.27,3.173662,United States,Communication Services,0.40221,0.55346,-0.66478753,-0.0056458200962149485,-0.020876245904320134,0.0036012130401819054,0.012348404857016715,17.530239673676,0.21815286930854022,2.8062816120364644,Charter Communications Inc - Class A
9f6dfda9-5e03-401e-b77b-f22c2f68ad75,2.394465,2.77,17.165243,United States,Utilities,0.3455,0.40546,-0.004585266,0.11565181855333062,0.2475736426575651,0.09150113969391072,-0.04207080519670714,23.468175853018373,0.4795964842626445,4.418867796060444,CMS Energy Corporation
ef76fa74-f928-41be-ad0a-323b13b647c9,3.1973631,0.71,7.4975486,United States,Consumer Cyclical,0.26117,0.43047002,-0.17927021,0.09572875505334055,-0.6694132007826217,0.29993067461098155,3.966960674400499,21.871776880359754,0.3161171289821248,2.246613166322858,Norwegian Cruise Line Holdings Ltd
37c73b68-e215-4708-ba79-b84421acdc91,3.601334,3.72,12.233599,United States,Basic Materials,0.46402,0.39125,0.42984354,0.19339622641509435,0.6006016617807299,0.16135881104033967,0.6421739678625017,1.519348297130722,0.12839206045401758,1.868131481090804,CF Industries Holdings Inc
6bb6f7e9-35e4-4c9d-82f7-99e3d33ff026,14.757487,0.62,13.031504,United States,Healthcare,0.01613,0.03796,-0.1193316,0.10717998650015159,-0.005736010366555133,0.055745268179486884,0.025182061529688715,4.0298609163096,0.0020733356801089435,0.22826312247319763,Cencora Inc
c61192fe-69e8-4e87-bbd4-71edfdbeba86,8.983992,3.57,22.785637,United States,Industrials,0.1017,0.1362,0.31581175,0.09201112034913594,0.49941446840656056,0.05012884674881235,0.4707407071800588,,0.004747284548589353,0.42949043418471194,Expeditors International Of Washington Inc
926e1a6f-8ea0-4057-943b-dabeb0a2cfb7,1.5700369,56.78,11.983471,United States,Energy,0.70192003,0.72246003,0.46078217,0.32186113442858866,0.17267263279933842,-0.060479120303704725,-0.3491846547198427,5.823824897214072,0.623556270815603,5.0019538668217125,Diamondback Energy Inc
ae98eed1-03fa-4b56-a412-a0eb0a841bbe,10.7239485,1.02,32.73839,United States,Technology,0.19838,0.5306,2.6961827,0.3410812222512405,0.38240170308595844,0.4139941690962099,0.6819739305707311,,0.02600523299704518,2.003704537393224,Advanced Micro Devices Inc
7f6bac43-a2a8-4735-9091-ea4198e109ef,,,,,,,,,,,,,,,,aaa
af6e89df-59f8-49f1-9c45-bca3b289c834,,,,,,,,,,,,,,,,aaaa
292e2e42-1868-4738-9086-7ab53bb4720a,,,,,,,,,,,,,,,,China Oilfield Services Ltd
a92cdfee-15a0-4eef-b236-215771cac1b7,11.871551,4.07,41.157352,United States,Industrials,0.15526,0.26242,0.2738812,0.2010944208689569,-0.11363755120987395,-0.018270894373973,-0.5051889090120195,5.312183410950495,0.12671448861522405,0.9153279144762819,AAON Inc
1113bcfc-f1b1-4f1b-8cfb-e9ee7d1ca654,8.540775,2.21,35.720707,United States,Healthcare,0.36719,0.66292,-0.2501825,0.20505022688904595,0.08465985950203403,0.28222902412675555,0.3067401508335763,,0.049753829730594355,1.89198505594764,Intuitive Surgical Inc
